report_date_as_yyyy_mm_dd,market_and_exchange_names,open_interest_all,lev_money_positions_long,lev_money_positions_short,lev_money_positions_spread,lev_net_position
2006-06-13,E-MINI S&P 500 STOCK INDEX - CHICAGO MERCANTILE EXCHANGE,2042655,224534,388325,137123,-163791
2006-06-13,S&P 500 STOCK INDEX - CHICAGO MERCANTILE EXCHANGE,788846,36732,90575,24902,-53843
2006-06-20,S&P 500 STOCK INDEX - CHICAGO MERCANTILE EXCHANGE,618703,41670,85048,2690,-43378
2006-06-20,E-MINI S&P 500 STOCK INDEX - CHICAGO MERCANTILE EXCHANGE,1293970,115509,347742,25015,-232233
2006-06-27,S&P 500 STOCK INDEX - CHICAGO MERCANTILE EXCHANGE,623630,41875,88086,2759,-46211
2006-06-27,E-MINI S&P 500 STOCK INDEX - CHICAGO MERCANTILE EXCHANGE,1298945,120141,364186,25620,-244045
2006-07-03,S&P 500 STOCK INDEX - CHICAGO MERCANTILE EXCHANGE,623220,36505,83643,3501,-47138
2006-07-03,E-MINI S&P 500 STOCK INDEX - CHICAGO MERCANTILE EXCHANGE,1332529,130095,348261,27374,-218166
2006-07-11,S&P 500 STOCK INDEX - CHICAGO MERCANTILE EXCHANGE,624481,36652,83156,3701,-46504
2006-07-11,E-MINI S&P 500 STOCK INDEX - CHICAGO MERCANTILE EXCHANGE,1344585,135915,381536,30213,-245621
2006-07-18,S&P 500 STOCK INDEX - CHICAGO MERCANTILE EXCHANGE,627990,37712,88269,4387,-50557
2006-07-18,E-MINI S&P 500 STOCK INDEX - CHICAGO MERCANTILE EXCHANGE,1403408,129167,432329,32085,-303162
2006-07-25,E-MINI S&P 500 STOCK INDEX - CHICAGO MERCANTILE EXCHANGE,1378698,121697,390705,30563,-269008
2006-07-25,S&P 500 STOCK INDEX - CHICAGO MERCANTILE EXCHANGE,623812,35976,83130,4749,-47154
2006-08-01,S&P 500 STOCK INDEX - CHICAGO MERCANTILE EXCHANGE,619115,39203,81862,3972,-42659
2006-08-01,E-MINI S&P 500 STOCK INDEX - CHICAGO MERCANTILE EXCHANGE,1386714,97063,386479,34064,-289416
2006-08-08,E-MINI S&P 500 STOCK INDEX - CHICAGO MERCANTILE EXCHANGE,1465662,127708,456097,32368,-328389
2006-08-08,S&P 500 STOCK INDEX - CHICAGO MERCANTILE EXCHANGE,624608,38378,79460,3955,-41082
2006-08-15,E-MINI S&P 500 STOCK INDEX - CHICAGO MERCANTILE EXCHANGE,1503215,169740,459880,27439,-290140
2006-08-15,S&P 500 STOCK INDEX - CHICAGO MERCANTILE EXCHANGE,632529,39324,61002,3710,-21678
2006-08-22,E-MINI S&P 500 STOCK INDEX - CHICAGO MERCANTILE EXCHANGE,1547766,176854,490050,24204,-313196
2006-08-22,S&P 500 STOCK INDEX - CHICAGO MERCANTILE EXCHANGE,640097,40917,57961,4096,-17044
2006-08-29,E-MINI S&P 500 STOCK INDEX - CHICAGO MERCANTILE EXCHANGE,1581886,192097,465518,45222,-273421
2006-08-29,S&P 500 STOCK INDEX - CHICAGO MERCANTILE EXCHANGE,642879,45674,55746,5838,-10072
2006-09-05,S&P 500 STOCK INDEX - CHICAGO MERCANTILE EXCHANGE,647167,46494,57429,4842,-10935
2006-09-05,E-MINI S&P 500 STOCK INDEX - CHICAGO MERCANTILE EXCHANGE,1672748,224934,539306,40987,-314372
2006-09-12,S&P 500 STOCK INDEX - CHICAGO MERCANTILE EXCHANGE,705498,43200,58851,15749,-15651
2006-09-12,E-MINI S&P 500 STOCK INDEX - CHICAGO MERCANTILE EXCHANGE,1998218,205780,519882,61407,-314102
2006-09-19,S&P 500 STOCK INDEX - CHICAGO MERCANTILE EXCHANGE,590242,33496,53533,2634,-20037
2006-09-19,E-MINI S&P 500 STOCK INDEX - CHICAGO MERCANTILE EXCHANGE,1303906,128972,341274,17183,-212302
2006-09-26,E-MINI S&P 500 STOCK INDEX - CHICAGO MERCANTILE EXCHANGE,1428199,202721,365335,18543,-162614
2006-09-26,S&P 500 STOCK INDEX - CHICAGO MERCANTILE EXCHANGE,597825,34748,53857,3015,-19109
2006-10-03,E-MINI S&P 500 STOCK INDEX - CHICAGO MERCANTILE EXCHANGE,1453775,257185,384223,22004,-127038
2006-10-03,S&P 500 STOCK INDEX - CHICAGO MERCANTILE EXCHANGE,597103,35057,55438,3620,-20381
2006-10-10,S&P 500 STOCK INDEX - CHICAGO MERCANTILE EXCHANGE,606717,36793,53667,4052,-16874
2006-10-10,E-MINI S&P 500 STOCK INDEX - CHICAGO MERCANTILE EXCHANGE,1499138,251993,369325,24977,-117332
2006-10-17,S&P 500 STOCK INDEX - CHICAGO MERCANTILE EXCHANGE,606835,37743,53408,3588,-15665
2006-10-17,E-MINI S&P 500 STOCK INDEX - CHICAGO MERCANTILE EXCHANGE,1557473,290662,382268,21796,-91606
2006-10-24,E-MINI S&P 500 STOCK INDEX - CHICAGO MERCANTILE EXCHANGE,1610999,322153,398945,31015,-76792
2006-10-24,S&P 500 STOCK INDEX - CHICAGO MERCANTILE EXCHANGE,619915,46595,55256,4601,-8661
2006-10-31,S&P 500 STOCK INDEX - CHICAGO MERCANTILE EXCHANGE,619328,45671,57482,5160,-11811
2006-10-31,E-MINI S&P 500 STOCK INDEX - CHICAGO MERCANTILE EXCHANGE,1649310,354097,368568,27011,-14471
2006-11-07,E-MINI S&P 500 STOCK INDEX - CHICAGO MERCANTILE EXCHANGE,1697597,361475,391146,32687,-29671
2006-11-07,S&P 500 STOCK INDEX - CHICAGO MERCANTILE EXCHANGE,628889,49843,57777,4591,-7934
2006-11-14,E-MINI S&P 500 STOCK INDEX - CHICAGO MERCANTILE EXCHANGE,1738166,393114,398080,31771,-4966
2006-11-14,S&P 500 STOCK INDEX - CHICAGO MERCANTILE EXCHANGE,633686,51164,75382,4854,-24218
2006-11-21,E-MINI S&P 500 STOCK INDEX - CHICAGO MERCANTILE EXCHANGE,1785579,381106,361217,38860,19889
2006-11-21,S&P 500 STOCK INDEX - CHICAGO MERCANTILE EXCHANGE,650665,58992,80983,4491,-21991
2006-11-28,E-MINI S&P 500 STOCK INDEX - CHICAGO MERCANTILE EXCHANGE,1808800,398671,370970,44256,27701
2006-11-28,S&P 500 STOCK INDEX - CHICAGO MERCANTILE EXCHANGE,660383,59569,80062,5024,-20493
2006-12-05,S&P 500 STOCK INDEX - CHICAGO MERCANTILE EXCHANGE,696094,59300,80828,12064,-21528
2006-12-05,E-MINI S&P 500 STOCK INDEX - CHICAGO MERCANTILE EXCHANGE,1961863,402452,436099,50744,-33647
2006-12-12,S&P 500 STOCK INDEX - CHICAGO MERCANTILE EXCHANGE,774937,59827,85092,19819,-25265
2006-12-12,E-MINI S&P 500 STOCK INDEX - CHICAGO MERCANTILE EXCHANGE,2361730,419071,469476,81086,-50405
2006-12-19,E-MINI S&P 500 STOCK INDEX - CHICAGO MERCANTILE EXCHANGE,1504936,268201,270626,24970,-2425
2006-12-19,S&P 500 STOCK INDEX - CHICAGO MERCANTILE EXCHANGE,628482,37786,82270,7670,-44484
2006-12-26,S&P 500 STOCK INDEX - CHICAGO MERCANTILE EXCHANGE,626978,35287,81664,7387,-46377
2006-12-26,E-MINI S&P 500 STOCK INDEX - CHICAGO MERCANTILE EXCHANGE,1489606,226264,243295,23474,-17031
2007-01-03,E-MINI S&P 500 STOCK INDEX - CHICAGO MERCANTILE EXCHANGE,1518364,252670,231765,30059,20905
2007-01-03,S&P 500 STOCK INDEX - CHICAGO MERCANTILE EXCHANGE,628384,36152,82906,8343,-46754
2007-01-09,E-MINI S&P 500 STOCK INDEX - CHICAGO MERCANTILE EXCHANGE,1584567,275934,229320,30001,46614
2007-01-09,S&P 500 STOCK INDEX - CHICAGO MERCANTILE EXCHANGE,635738,37573,84110,9277,-46537
2007-01-16,S&P 500 STOCK INDEX - CHICAGO MERCANTILE EXCHANGE,638758,38642,83613,9061,-44971
2007-01-16,E-MINI S&P 500 STOCK INDEX - CHICAGO MERCANTILE EXCHANGE,1647575,318204,260480,37136,57724
2007-01-23,S&P 500 STOCK INDEX - CHICAGO MERCANTILE EXCHANGE,636740,41926,82919,9044,-40993
2007-01-23,E-MINI S&P 500 STOCK INDEX - CHICAGO MERCANTILE EXCHANGE,1664762,294823,307036,26141,-12213
2007-01-30,E-MINI S&P 500 STOCK INDEX - CHICAGO MERCANTILE EXCHANGE,1669513,235547,339314,15041,-103767
2007-01-30,S&P 500 STOCK INDEX - CHICAGO MERCANTILE EXCHANGE,635768,37365,83467,10914,-46102
2007-02-06,E-MINI S&P 500 STOCK INDEX - CHICAGO MERCANTILE EXCHANGE,1726207,286847,351097,25573,-64250
2007-02-06,S&P 500 STOCK INDEX - CHICAGO MERCANTILE EXCHANGE,630073,38558,88134,12368,-49576
2007-02-13,E-MINI S&P 500 STOCK INDEX - CHICAGO MERCANTILE EXCHANGE,1783100,284229,365288,27097,-81059
2007-02-13,S&P 500 STOCK INDEX - CHICAGO MERCANTILE EXCHANGE,642276,36593,89144,14832,-52551
2007-02-20,E-MINI S&P 500 STOCK INDEX - CHICAGO MERCANTILE EXCHANGE,1869638,317607,393220,24993,-75613
2007-02-20,S&P 500 STOCK INDEX - CHICAGO MERCANTILE EXCHANGE,643020,36391,86140,15250,-49749
2007-02-27,E-MINI S&P 500 STOCK INDEX - CHICAGO MERCANTILE EXCHANGE,2006422,296872,459396,57628,-162524
2007-02-27,S&P 500 STOCK INDEX - CHICAGO MERCANTILE EXCHANGE,656455,36388,90160,14642,-53772
2007-03-06,E-MINI S&P 500 STOCK INDEX - CHICAGO MERCANTILE EXCHANGE,2101358,251047,496332,50933,-245285
2007-03-06,S&P 500 STOCK INDEX - CHICAGO MERCANTILE EXCHANGE,668743,40790,89211,14984,-48421
2007-03-13,E-MINI S&P 500 STOCK INDEX - CHICAGO MERCANTILE EXCHANGE,2700111,272532,642050,109979,-369518
2007-03-13,S&P 500 STOCK INDEX - CHICAGO MERCANTILE EXCHANGE,750449,38031,96768,23295,-58737
2007-03-20,S&P 500 STOCK INDEX - CHICAGO MERCANTILE EXCHANGE,604260,31561,65430,7165,-33869
2007-03-20,E-MINI S&P 500 STOCK INDEX - CHICAGO MERCANTILE EXCHANGE,1696188,144574,576111,15930,-431537
2007-03-27,S&P 500 STOCK INDEX - CHICAGO MERCANTILE EXCHANGE,611487,33362,64235,6012,-30873
2007-03-27,E-MINI S&P 500 STOCK INDEX - CHICAGO MERCANTILE EXCHANGE,1741510,155688,622660,16812,-466972
2007-04-03,E-MINI S&P 500 STOCK INDEX - CHICAGO MERCANTILE EXCHANGE,1873931,182709,665040,19574,-482331
2007-04-03,S&P 500 STOCK INDEX - CHICAGO MERCANTILE EXCHANGE,627963,33150,63061,6900,-29911
2007-04-10,S&P 500 STOCK INDEX - CHICAGO MERCANTILE EXCHANGE,633015,36107,61924,6939,-25817
2007-04-10,E-MINI S&P 500 STOCK INDEX - CHICAGO MERCANTILE EXCHANGE,1887175,184777,642058,27923,-457281
2007-04-17,S&P 500 STOCK INDEX - CHICAGO MERCANTILE EXCHANGE,627371,39979,63687,6967,-23708
2007-04-17,E-MINI S&P 500 STOCK INDEX - CHICAGO MERCANTILE EXCHANGE,1945192,173198,624393,33244,-451195
2007-04-24,E-MINI S&P 500 STOCK INDEX - CHICAGO MERCANTILE EXCHANGE,2035415,244912,698865,25729,-453953
2007-04-24,S&P 500 STOCK INDEX - CHICAGO MERCANTILE EXCHANGE,644798,49459,64486,10058,-15027
2007-05-01,E-MINI S&P 500 STOCK INDEX - CHICAGO MERCANTILE EXCHANGE,1993806,274845,623029,23643,-348184
2007-05-01,S&P 500 STOCK INDEX - CHICAGO MERCANTILE EXCHANGE,645212,50478,62367,11761,-11889
2007-05-08,E-MINI S&P 500 STOCK INDEX - CHICAGO MERCANTILE EXCHANGE,2008221,294266,656585,19992,-362319
2007-05-08,S&P 500 STOCK INDEX - CHICAGO MERCANTILE EXCHANGE,652078,53108,62523,9801,-9415
2007-05-15,S&P 500 STOCK INDEX - CHICAGO MERCANTILE EXCHANGE,660594,51961,65187,11007,-13226
2007-05-15,E-MINI S&P 500 STOCK INDEX - CHICAGO MERCANTILE EXCHANGE,2010006,298193,649070,19077,-350877
2007-05-22,E-MINI S&P 500 STOCK INDEX - CHICAGO MERCANTILE EXCHANGE,2160963,347615,763423,29518,-415808
2007-05-22,S&P 500 STOCK INDEX - CHICAGO MERCANTILE EXCHANGE,672700,58830,71037,16797,-12207
2007-05-29,E-MINI S&P 500 STOCK INDEX - CHICAGO MERCANTILE EXCHANGE,2200527,329693,805236,26698,-475543
2007-05-29,S&P 500 STOCK INDEX - CHICAGO MERCANTILE EXCHANGE,676382,59622,68235,16856,-8613
2007-06-05,S&P 500 STOCK INDEX - CHICAGO MERCANTILE EXCHANGE,703534,61446,67311,24928,-5865
2007-06-05,E-MINI S&P 500 STOCK INDEX - CHICAGO MERCANTILE EXCHANGE,2405114,363121,864988,29037,-501867
2007-06-12,E-MINI S&P 500 STOCK INDEX - CHICAGO MERCANTILE EXCHANGE,2861518,339060,865570,103318,-526510
2007-06-12,S&P 500 STOCK INDEX - CHICAGO MERCANTILE EXCHANGE,768946,62328,71325,33006,-8997
2007-06-19,S&P 500 STOCK INDEX - CHICAGO MERCANTILE EXCHANGE,594142,36813,89569,3995,-52756
2007-06-19,E-MINI S&P 500 STOCK INDEX - CHICAGO MERCANTILE EXCHANGE,1577585,253067,498660,11244,-245593
2007-06-26,E-MINI S&P 500 STOCK INDEX - CHICAGO MERCANTILE EXCHANGE,1642944,259791,518008,23499,-258217
2007-06-26,S&P 500 STOCK INDEX - CHICAGO MERCANTILE EXCHANGE,604067,39647,93430,6438,-53783
2007-07-03,S&P 500 STOCK INDEX - CHICAGO MERCANTILE EXCHANGE,596688,39108,93346,5130,-54238
2007-07-03,E-MINI S&P 500 STOCK INDEX - CHICAGO MERCANTILE EXCHANGE,1619924,235564,565773,33512,-330209
2007-07-10,S&P 500 STOCK INDEX - CHICAGO MERCANTILE EXCHANGE,598046,38330,96832,4744,-58502
2007-07-10,E-MINI S&P 500 STOCK INDEX - CHICAGO MERCANTILE EXCHANGE,1682680,228350,596475,29593,-368125
2007-07-17,E-MINI S&P 500 STOCK INDEX - CHICAGO MERCANTILE EXCHANGE,1702051,243026,630010,26872,-386984
2007-07-17,S&P 500 STOCK INDEX - CHICAGO MERCANTILE EXCHANGE,606858,39223,99268,5668,-60045
2007-07-24,E-MINI S&P 500 STOCK INDEX - CHICAGO MERCANTILE EXCHANGE,1787275,233566,653187,26430,-419621
2007-07-24,S&P 500 STOCK INDEX - CHICAGO MERCANTILE EXCHANGE,606064,38345,97455,5509,-59110
2007-07-31,E-MINI S&P 500 STOCK INDEX - CHICAGO MERCANTILE EXCHANGE,1981173,266652,696867,37029,-430215
2007-07-31,S&P 500 STOCK INDEX - CHICAGO MERCANTILE EXCHANGE,604309,39428,102576,6917,-63148
2007-08-07,S&P 500 STOCK INDEX - CHICAGO MERCANTILE EXCHANGE,623308,41532,99275,7325,-57743
2007-08-07,E-MINI S&P 500 STOCK INDEX - CHICAGO MERCANTILE EXCHANGE,2111980,305112,716016,61322,-410904
2007-08-14,S&P 500 STOCK INDEX - CHICAGO MERCANTILE EXCHANGE,635924,41169,106533,8085,-65364
2007-08-14,E-MINI S&P 500 STOCK INDEX - CHICAGO MERCANTILE EXCHANGE,2121969,367560,758454,39382,-390894
2007-08-21,S&P 500 STOCK INDEX - CHICAGO MERCANTILE EXCHANGE,649012,46080,126171,7890,-80091
2007-08-21,E-MINI S&P 500 STOCK INDEX - CHICAGO MERCANTILE EXCHANGE,2085581,339620,703848,46395,-364228
2007-08-28,E-MINI S&P 500 STOCK INDEX - CHICAGO MERCANTILE EXCHANGE,2115440,316344,682058,67013,-365714
2007-08-28,S&P 500 STOCK INDEX - CHICAGO MERCANTILE EXCHANGE,675892,47493,137010,9579,-89517
2007-09-04,S&P 500 STOCK INDEX - CHICAGO MERCANTILE EXCHANGE,666464,52940,140181,12410,-87241
2007-09-04,E-MINI S&P 500 STOCK INDEX - CHICAGO MERCANTILE EXCHANGE,2086435,281479,663385,82127,-381906
2007-09-11,S&P 500 STOCK INDEX - CHICAGO MERCANTILE EXCHANGE,703506,53023,145578,12950,-92555
2007-09-11,E-MINI S&P 500 STOCK INDEX - CHICAGO MERCANTILE EXCHANGE,2264864,276309,686302,86948,-409993
2007-09-18,S&P 500 STOCK INDEX - CHICAGO MERCANTILE EXCHANGE,774772,53707,149180,26548,-95473
2007-09-18,E-MINI S&P 500 STOCK INDEX - CHICAGO MERCANTILE EXCHANGE,2851893,267336,691681,241410,-424345
2007-09-25,S&P 500 STOCK INDEX - CHICAGO MERCANTILE EXCHANGE,577603,49163,131654,4652,-82491
2007-09-25,E-MINI S&P 500 STOCK INDEX - CHICAGO MERCANTILE EXCHANGE,1747463,223135,583923,25030,-360788
2007-10-02,E-MINI S&P 500 STOCK INDEX - CHICAGO MERCANTILE EXCHANGE,1865981,278703,651207,26575,-372504
2007-10-02,S&P 500 STOCK INDEX - CHICAGO MERCANTILE EXCHANGE,586509,49969,136943,5669,-86974
2007-10-09,E-MINI S&P 500 STOCK INDEX - CHICAGO MERCANTILE EXCHANGE,1950942,295326,670078,23704,-374752
2007-10-09,S&P 500 STOCK INDEX - CHICAGO MERCANTILE EXCHANGE,587856,51351,139598,5474,-88247
2007-10-16,E-MINI S&P 500 STOCK INDEX - CHICAGO MERCANTILE EXCHANGE,2000172,282515,651805,28815,-369290
2007-10-16,S&P 500 STOCK INDEX - CHICAGO MERCANTILE EXCHANGE,590512,49959,140234,6750,-90275
2007-10-23,E-MINI S&P 500 STOCK INDEX - CHICAGO MERCANTILE EXCHANGE,1977779,234055,654154,35075,-420099
2007-10-23,S&P 500 STOCK INDEX - CHICAGO MERCANTILE EXCHANGE,602672,50999,137039,5632,-86040
2007-10-30,S&P 500 STOCK INDEX - CHICAGO MERCANTILE EXCHANGE,613357,50681,136592,7515,-85911
2007-10-30,E-MINI S&P 500 STOCK INDEX - CHICAGO MERCANTILE EXCHANGE,2026594,244289,679610,24733,-435321
2007-11-06,E-MINI S&P 500 STOCK INDEX - CHICAGO MERCANTILE EXCHANGE,2036619,245320,722017,36831,-476697
2007-11-06,S&P 500 STOCK INDEX - CHICAGO MERCANTILE EXCHANGE,616031,51964,136703,9015,-84739
2007-11-13,E-MINI S&P 500 STOCK INDEX - CHICAGO MERCANTILE EXCHANGE,2055383,255042,672815,47425,-417773
2007-11-13,S&P 500 STOCK INDEX - CHICAGO MERCANTILE EXCHANGE,618758,51368,136981,9857,-85613
2007-11-20,E-MINI S&P 500 STOCK INDEX - CHICAGO MERCANTILE EXCHANGE,2149374,255646,657057,43157,-401411
2007-11-20,S&P 500 STOCK INDEX - CHICAGO MERCANTILE EXCHANGE,621600,54100,136633,9941,-82533
2007-11-27,S&P 500 STOCK INDEX - CHICAGO MERCANTILE EXCHANGE,629753,53178,138401,11469,-85223
2007-11-27,E-MINI S&P 500 STOCK INDEX - CHICAGO MERCANTILE EXCHANGE,2150535,268985,646930,61777,-377945
2007-12-04,E-MINI S&P 500 STOCK INDEX - CHICAGO MERCANTILE EXCHANGE,2164011,244555,677355,66792,-432800
2007-12-04,S&P 500 STOCK INDEX - CHICAGO MERCANTILE EXCHANGE,657039,57111,134604,11977,-77493
2007-12-11,E-MINI S&P 500 STOCK INDEX - CHICAGO MERCANTILE EXCHANGE,2342983,265317,700211,66093,-434894
2007-12-11,S&P 500 STOCK INDEX - CHICAGO MERCANTILE EXCHANGE,683683,60597,135658,16343,-75061
2007-12-18,S&P 500 STOCK INDEX - CHICAGO MERCANTILE EXCHANGE,701409,53366,138154,20787,-84788
2007-12-18,E-MINI S&P 500 STOCK INDEX - CHICAGO MERCANTILE EXCHANGE,2757399,341704,673189,123310,-331485
2007-12-24,E-MINI S&P 500 STOCK INDEX - CHICAGO MERCANTILE EXCHANGE,1747039,305666,525668,22898,-220002
2007-12-24,S&P 500 STOCK INDEX - CHICAGO MERCANTILE EXCHANGE,526318,52228,103929,3922,-51701
2007-12-31,E-MINI S&P 500 STOCK INDEX - CHICAGO MERCANTILE EXCHANGE,1725583,330038,543339,18941,-213301
2007-12-31,S&P 500 STOCK INDEX - CHICAGO MERCANTILE EXCHANGE,522995,50920,110969,4094,-60049
2008-01-08,E-MINI S&P 500 STOCK INDEX - CHICAGO MERCANTILE EXCHANGE,1993208,405046,661490,36727,-256444
2008-01-08,S&P 500 STOCK INDEX - CHICAGO MERCANTILE EXCHANGE,544792,49377,116467,4322,-67090
2008-01-15,E-MINI S&P 500 STOCK INDEX - CHICAGO MERCANTILE EXCHANGE,2139579,439450,632130,50618,-192680
2008-01-15,S&P 500 STOCK INDEX - CHICAGO MERCANTILE EXCHANGE,558997,55213,118640,4417,-63427
2008-01-22,S&P 500 STOCK INDEX - CHICAGO MERCANTILE EXCHANGE,589946,61867,122825,6152,-60958
2008-01-22,E-MINI S&P 500 STOCK INDEX - CHICAGO MERCANTILE EXCHANGE,2509683,549948,621917,59311,-71969
2008-01-29,E-MINI S&P 500 STOCK INDEX - CHICAGO MERCANTILE EXCHANGE,2389489,466427,629863,43946,-163436
2008-01-29,S&P 500 STOCK INDEX - CHICAGO MERCANTILE EXCHANGE,588785,59324,117714,6689,-58390
2008-02-05,S&P 500 STOCK INDEX - CHICAGO MERCANTILE EXCHANGE,596738,60608,122516,7639,-61908
2008-02-05,E-MINI S&P 500 STOCK INDEX - CHICAGO MERCANTILE EXCHANGE,2490724,514615,724319,43415,-209704
2008-02-12,S&P 500 STOCK INDEX - CHICAGO MERCANTILE EXCHANGE,605475,61968,121714,8745,-59746
2008-02-12,E-MINI S&P 500 STOCK INDEX - CHICAGO MERCANTILE EXCHANGE,2473964,479220,752030,45751,-272810
2008-02-19,E-MINI S&P 500 STOCK INDEX - CHICAGO MERCANTILE EXCHANGE,2371943,466065,796492,36052,-330427
2008-02-19,S&P 500 STOCK INDEX - CHICAGO MERCANTILE EXCHANGE,603458,63154,124726,8946,-61572
2008-02-26,E-MINI S&P 500 STOCK INDEX - CHICAGO MERCANTILE EXCHANGE,2358196,457518,805135,38674,-347617
2008-02-26,S&P 500 STOCK INDEX - CHICAGO MERCANTILE EXCHANGE,607356,61124,124856,10576,-63732
2008-03-04,S&P 500 STOCK INDEX - CHICAGO MERCANTILE EXCHANGE,596261,58015,117504,10609,-59489
2008-03-04,E-MINI S&P 500 STOCK INDEX - CHICAGO MERCANTILE EXCHANGE,2402309,483436,771439,41608,-288003
2008-03-11,E-MINI S&P 500 STOCK INDEX - CHICAGO MERCANTILE EXCHANGE,2494075,476050,772198,64001,-296148
2008-03-11,S&P 500 STOCK INDEX - CHICAGO MERCANTILE EXCHANGE,603576,57032,112930,13932,-55898
2008-03-18,E-MINI S&P 500 STOCK INDEX - CHICAGO MERCANTILE EXCHANGE,3089662,519034,690439,198422,-171405
2008-03-18,S&P 500 STOCK INDEX - CHICAGO MERCANTILE EXCHANGE,725127,61694,107493,47634,-45799
2008-03-25,E-MINI S&P 500 STOCK INDEX - CHICAGO MERCANTILE EXCHANGE,2083681,259458,690189,21630,-430731
2008-03-25,S&P 500 STOCK INDEX - CHICAGO MERCANTILE EXCHANGE,547659,60205,95781,9124,-35576
2008-04-01,S&P 500 STOCK INDEX - CHICAGO MERCANTILE EXCHANGE,563181,64524,91438,7511,-26914
2008-04-01,E-MINI S&P 500 STOCK INDEX - CHICAGO MERCANTILE EXCHANGE,2112188,287288,715447,39430,-428159
2008-04-08,E-MINI S&P 500 STOCK INDEX - CHICAGO MERCANTILE EXCHANGE,2098521,272879,710065,46533,-437186
2008-04-08,S&P 500 STOCK INDEX - CHICAGO MERCANTILE EXCHANGE,559308,63420,91806,7633,-28386
2008-04-15,E-MINI S&P 500 STOCK INDEX - CHICAGO MERCANTILE EXCHANGE,2040110,302796,679051,55748,-376255
2008-04-15,S&P 500 STOCK INDEX - CHICAGO MERCANTILE EXCHANGE,558437,62479,99004,7718,-36525
2008-04-22,E-MINI S&P 500 STOCK INDEX - CHICAGO MERCANTILE EXCHANGE,2042108,283600,685023,52079,-401423
2008-04-22,S&P 500 STOCK INDEX - CHICAGO MERCANTILE EXCHANGE,558976,60797,101246,6507,-40449
2008-04-29,S&P 500 STOCK INDEX - CHICAGO MERCANTILE EXCHANGE,561406,59254,100744,6525,-41490
2008-04-29,E-MINI S&P 500 STOCK INDEX - CHICAGO MERCANTILE EXCHANGE,2070518,277731,699404,40627,-421673
2008-05-06,S&P 500 STOCK INDEX - CHICAGO MERCANTILE EXCHANGE,559532,58918,101521,6417,-42603
2008-05-06,E-MINI S&P 500 STOCK INDEX - CHICAGO MERCANTILE EXCHANGE,2117598,333713,676066,46745,-342353
2008-05-13,S&P 500 STOCK INDEX - CHICAGO MERCANTILE EXCHANGE,556784,56386,108584,6731,-52198
2008-05-13,E-MINI S&P 500 STOCK INDEX - CHICAGO MERCANTILE EXCHANGE,2129204,321330,717931,45538,-396601
2008-05-20,S&P 500 STOCK INDEX - CHICAGO MERCANTILE EXCHANGE,565457,61605,114750,7209,-53145
2008-05-20,E-MINI S&P 500 STOCK INDEX - CHICAGO MERCANTILE EXCHANGE,2225222,339185,769116,42087,-429931
2008-05-27,E-MINI S&P 500 STOCK INDEX - CHICAGO MERCANTILE EXCHANGE,2290268,369374,789383,50417,-420009
2008-05-27,S&P 500 STOCK INDEX - CHICAGO MERCANTILE EXCHANGE,561322,59288,119626,7649,-60338
2008-06-03,E-MINI S&P 500 STOCK INDEX - CHICAGO MERCANTILE EXCHANGE,2348861,401387,798983,62783,-397596
2008-06-03,S&P 500 STOCK INDEX - CHICAGO MERCANTILE EXCHANGE,559063,55073,125225,9815,-70152
2008-06-10,S&P 500 STOCK INDEX - CHICAGO MERCANTILE EXCHANGE,572324,55875,130807,10774,-74932
2008-06-10,E-MINI S&P 500 STOCK INDEX - CHICAGO MERCANTILE EXCHANGE,2452965,448859,832395,60671,-383536
2008-06-17,S&P 500 STOCK INDEX - CHICAGO MERCANTILE EXCHANGE,654407,56358,127515,15110,-71157
2008-06-17,E-MINI S&P 500 STOCK INDEX - CHICAGO MERCANTILE EXCHANGE,2862936,465998,835599,101850,-369601
2008-06-24,E-MINI S&P 500 STOCK INDEX - CHICAGO MERCANTILE EXCHANGE,1945640,240223,643516,48106,-403293
2008-06-24,S&P 500 STOCK INDEX - CHICAGO MERCANTILE EXCHANGE,500619,46837,81392,3443,-34555
2008-07-01,E-MINI S&P 500 STOCK INDEX - CHICAGO MERCANTILE EXCHANGE,2128123,291810,664736,61490,-372926
2008-07-01,S&P 500 STOCK INDEX - CHICAGO MERCANTILE EXCHANGE,516589,51319,76383,8508,-25064
2008-07-08,S&P 500 STOCK INDEX - CHICAGO MERCANTILE EXCHANGE,536308,52225,80631,9496,-28406
2008-07-08,E-MINI S&P 500 STOCK INDEX - CHICAGO MERCANTILE EXCHANGE,2305626,333925,727546,60432,-393621
2008-07-15,E-MINI S&P 500 STOCK INDEX - CHICAGO MERCANTILE EXCHANGE,2551139,426481,726412,78380,-299931
2008-07-15,S&P 500 STOCK INDEX - CHICAGO MERCANTILE EXCHANGE,557329,58537,84551,10767,-26014
2008-07-22,E-MINI S&P 500 STOCK INDEX - CHICAGO MERCANTILE EXCHANGE,2435264,369868,802684,66683,-432816
2008-07-22,S&P 500 STOCK INDEX - CHICAGO MERCANTILE EXCHANGE,562988,54424,82012,10712,-27588
2008-07-29,E-MINI S&P 500 STOCK INDEX - CHICAGO MERCANTILE EXCHANGE,2488058,396700,787354,60439,-390654
2008-07-29,S&P 500 STOCK INDEX - CHICAGO MERCANTILE EXCHANGE,566172,48370,88256,9551,-39886
2008-08-05,S&P 500 STOCK INDEX - CHICAGO MERCANTILE EXCHANGE,562504,42275,90268,10066,-47993
2008-08-05,E-MINI S&P 500 STOCK INDEX - CHICAGO MERCANTILE EXCHANGE,2492891,402443,759289,65153,-356846
2008-08-12,S&P 500 STOCK INDEX - CHICAGO MERCANTILE EXCHANGE,572857,42712,95018,11562,-52306
2008-08-12,E-MINI S&P 500 STOCK INDEX - CHICAGO MERCANTILE EXCHANGE,2464192,382212,727864,64914,-345652
2008-08-19,E-MINI S&P 500 STOCK INDEX - CHICAGO MERCANTILE EXCHANGE,2480117,408969,783516,72672,-374547
2008-08-19,S&P 500 STOCK INDEX - CHICAGO MERCANTILE EXCHANGE,564126,43374,93598,11534,-50224
2008-08-26,E-MINI S&P 500 STOCK INDEX - CHICAGO MERCANTILE EXCHANGE,2444920,396512,749577,68402,-353065
2008-08-26,S&P 500 STOCK INDEX - CHICAGO MERCANTILE EXCHANGE,564672,42827,93543,11977,-50716
2008-09-02,S&P 500 STOCK INDEX - CHICAGO MERCANTILE EXCHANGE,564871,42971,96327,11828,-53356
2008-09-02,E-MINI S&P 500 STOCK INDEX - CHICAGO MERCANTILE EXCHANGE,2459817,437671,775062,53747,-337391
2008-09-09,E-MINI S&P 500 STOCK INDEX - CHICAGO MERCANTILE EXCHANGE,2584380,498677,795342,65285,-296665
2008-09-09,S&P 500 STOCK INDEX - CHICAGO MERCANTILE EXCHANGE,574631,47483,105909,13362,-58426
2008-09-16,E-MINI S&P 500 STOCK INDEX - CHICAGO MERCANTILE EXCHANGE,3205598,650147,733830,134347,-83683
2008-09-16,S&P 500 STOCK INDEX - CHICAGO MERCANTILE EXCHANGE,680491,52348,100014,24515,-47666
2008-09-23,S&P 500 STOCK INDEX - CHICAGO MERCANTILE EXCHANGE,531559,54880,48862,4552,6018
2008-09-23,E-MINI S&P 500 STOCK INDEX - CHICAGO MERCANTILE EXCHANGE,2266433,361987,588563,41581,-226576
2008-09-30,E-MINI S&P 500 STOCK INDEX - CHICAGO MERCANTILE EXCHANGE,2565210,452302,633233,76262,-180931
2008-09-30,S&P 500 STOCK INDEX - CHICAGO MERCANTILE EXCHANGE,571409,72654,62306,4051,10348
2008-10-07,E-MINI S&P 500 STOCK INDEX - CHICAGO MERCANTILE EXCHANGE,2894010,656534,716348,101436,-59814
2008-10-07,S&P 500 STOCK INDEX - CHICAGO MERCANTILE EXCHANGE,611313,93744,65312,4763,28432
2008-10-14,E-MINI S&P 500 STOCK INDEX - CHICAGO MERCANTILE EXCHANGE,3189495,682301,781141,72901,-98840
2008-10-14,S&P 500 STOCK INDEX - CHICAGO MERCANTILE EXCHANGE,645995,108431,73446,4100,34985
2008-10-21,E-MINI S&P 500 STOCK INDEX - CHICAGO MERCANTILE EXCHANGE,3023160,617924,678581,90576,-60657
2008-10-21,S&P 500 STOCK INDEX - CHICAGO MERCANTILE EXCHANGE,649072,118942,98201,5250,20741
2008-10-28,S&P 500 STOCK INDEX - CHICAGO MERCANTILE EXCHANGE,642724,103289,101463,6093,1826
2008-10-28,E-MINI S&P 500 STOCK INDEX - CHICAGO MERCANTILE EXCHANGE,3062115,606934,600807,97933,6127
2008-11-04,E-MINI S&P 500 STOCK INDEX - CHICAGO MERCANTILE EXCHANGE,2896273,575793,519812,95275,55981
2008-11-04,S&P 500 STOCK INDEX - CHICAGO MERCANTILE EXCHANGE,615559,90567,104176,6114,-13609
2008-11-11,E-MINI S&P 500 STOCK INDEX - CHICAGO MERCANTILE EXCHANGE,3042768,628455,626490,93233,1965
2008-11-11,S&P 500 STOCK INDEX - CHICAGO MERCANTILE EXCHANGE,625305,88002,107066,6190,-19064
2008-11-18,E-MINI S&P 500 STOCK INDEX - CHICAGO MERCANTILE EXCHANGE,3199331,643958,565471,91500,78487
2008-11-18,S&P 500 STOCK INDEX - CHICAGO MERCANTILE EXCHANGE,638485,87227,111168,12082,-23941
2008-11-25,E-MINI S&P 500 STOCK INDEX - CHICAGO MERCANTILE EXCHANGE,3253752,668951,496391,102935,172560
2008-11-25,S&P 500 STOCK INDEX - CHICAGO MERCANTILE EXCHANGE,653755,97425,115048,11058,-17623
2008-12-02,S&P 500 STOCK INDEX - CHICAGO MERCANTILE EXCHANGE,650595,95618,120967,10456,-25349
2008-12-02,E-MINI S&P 500 STOCK INDEX - CHICAGO MERCANTILE EXCHANGE,3227862,658129,481160,90602,176969
2008-12-09,E-MINI S&P 500 STOCK INDEX - CHICAGO MERCANTILE EXCHANGE,3147959,667606,424206,82433,243400
2008-12-09,S&P 500 STOCK INDEX - CHICAGO MERCANTILE EXCHANGE,668998,92373,121229,15331,-28856
2008-12-16,E-MINI S&P 500 STOCK INDEX - CHICAGO MERCANTILE EXCHANGE,3814544,729644,420342,163059,309302
2008-12-16,S&P 500 STOCK INDEX - CHICAGO MERCANTILE EXCHANGE,746474,95423,119772,15291,-24349
2008-12-22,S&P 500 STOCK INDEX - CHICAGO MERCANTILE EXCHANGE,479976,44391,35996,3806,8395
2008-12-22,E-MINI S&P 500 STOCK INDEX - CHICAGO MERCANTILE EXCHANGE,2276969,421600,239738,24962,181862
2008-12-30,E-MINI S&P 500 STOCK INDEX - CHICAGO MERCANTILE EXCHANGE,2307779,418906,250488,23598,168418
2008-12-30,S&P 500 STOCK INDEX - CHICAGO MERCANTILE EXCHANGE,488604,47972,37999,4367,9973
2009-01-06,S&P 500 STOCK INDEX - CHICAGO MERCANTILE EXCHANGE,489353,53865,39438,4887,14427
2009-01-06,E-MINI S&P 500 STOCK INDEX - CHICAGO MERCANTILE EXCHANGE,2411321,390454,329990,23261,60464
2009-01-13,S&P 500 STOCK INDEX - CHICAGO MERCANTILE EXCHANGE,506030,54779,60951,5938,-6172
2009-01-13,E-MINI S&P 500 STOCK INDEX - CHICAGO MERCANTILE EXCHANGE,2438899,483261,353197,36648,130064
2009-01-20,E-MINI S&P 500 STOCK INDEX - CHICAGO MERCANTILE EXCHANGE,2565182,541088,399233,34359,141855
2009-01-20,S&P 500 STOCK INDEX - CHICAGO MERCANTILE EXCHANGE,527652,51803,76109,5884,-24306
2009-01-27,E-MINI S&P 500 STOCK INDEX - CHICAGO MERCANTILE EXCHANGE,2620436,557081,361313,45521,195768
2009-01-27,S&P 500 STOCK INDEX - CHICAGO MERCANTILE EXCHANGE,535393,53045,81198,5580,-28153
2009-02-03,S&P 500 STOCK INDEX - CHICAGO MERCANTILE EXCHANGE,559974,56294,88869,6302,-32575
2009-02-03,E-MINI S&P 500 STOCK INDEX - CHICAGO MERCANTILE EXCHANGE,2681609,593815,368439,59705,225376
2009-02-10,S&P 500 STOCK INDEX - CHICAGO MERCANTILE EXCHANGE,563985,55459,91404,6996,-35945
2009-02-10,E-MINI S&P 500 STOCK INDEX - CHICAGO MERCANTILE EXCHANGE,2746341,603382,522931,57204,80451
2009-02-17,E-MINI S&P 500 STOCK INDEX - CHICAGO MERCANTILE EXCHANGE,3047503,678614,535230,66451,143384
2009-02-17,S&P 500 STOCK INDEX - CHICAGO MERCANTILE EXCHANGE,590149,54476,95821,7104,-41345
2009-02-24,E-MINI S&P 500 STOCK INDEX - CHICAGO MERCANTILE EXCHANGE,3099079,712843,552928,81239,159915
2009-02-24,S&P 500 STOCK INDEX - CHICAGO MERCANTILE EXCHANGE,607052,61788,96261,5553,-34473
2009-03-03,S&P 500 STOCK INDEX - CHICAGO MERCANTILE EXCHANGE,621547,63985,97575,4753,-33590
2009-03-03,E-MINI S&P 500 STOCK INDEX - CHICAGO MERCANTILE EXCHANGE,3306527,792682,602184,80279,190498
2009-03-10,S&P 500 STOCK INDEX - CHICAGO MERCANTILE EXCHANGE,684211,61787,104876,6960,-43089
2009-03-10,E-MINI S&P 500 STOCK INDEX - CHICAGO MERCANTILE EXCHANGE,3582979,858666,651025,71691,207641
2009-03-17,E-MINI S&P 500 STOCK INDEX - CHICAGO MERCANTILE EXCHANGE,3929370,824103,732744,130985,91359
2009-03-17,S&P 500 STOCK INDEX - CHICAGO MERCANTILE EXCHANGE,689508,59962,98746,15411,-38784
2009-03-24,E-MINI S&P 500 STOCK INDEX - CHICAGO MERCANTILE EXCHANGE,2428148,317499,563947,22062,-246448
2009-03-24,S&P 500 STOCK INDEX - CHICAGO MERCANTILE EXCHANGE,423477,45763,10092,2365,35671
2009-03-31,S&P 500 STOCK INDEX - CHICAGO MERCANTILE EXCHANGE,434289,46467,16135,2322,30332
2009-03-31,E-MINI S&P 500 STOCK INDEX - CHICAGO MERCANTILE EXCHANGE,2439953,363804,535750,21286,-171946
2009-04-07,S&P 500 STOCK INDEX - CHICAGO MERCANTILE EXCHANGE,431319,45215,17281,3526,27934
2009-04-07,E-MINI S&P 500 STOCK INDEX - CHICAGO MERCANTILE EXCHANGE,2412590,344353,549103,14311,-204750
2009-04-14,E-MINI S&P 500 STOCK INDEX - CHICAGO MERCANTILE EXCHANGE,2454936,358123,593737,19891,-235614
2009-04-14,S&P 500 STOCK INDEX - CHICAGO MERCANTILE EXCHANGE,432096,44284,17995,3657,26289
2009-04-21,S&P 500 STOCK INDEX - CHICAGO MERCANTILE EXCHANGE,449526,45919,19457,4599,26462
2009-04-21,E-MINI S&P 500 STOCK INDEX - CHICAGO MERCANTILE EXCHANGE,2511152,367567,565647,31814,-198080
2009-04-28,E-MINI S&P 500 STOCK INDEX - CHICAGO MERCANTILE EXCHANGE,2616834,369418,627393,34997,-257975
2009-04-28,S&P 500 STOCK INDEX - CHICAGO MERCANTILE EXCHANGE,452809,43422,20511,4566,22911
2009-05-05,E-MINI S&P 500 STOCK INDEX - CHICAGO MERCANTILE EXCHANGE,2629788,358078,711795,29591,-353717
2009-05-05,S&P 500 STOCK INDEX - CHICAGO MERCANTILE EXCHANGE,458390,42676,19254,6592,23422
2009-05-12,S&P 500 STOCK INDEX - CHICAGO MERCANTILE EXCHANGE,457849,42050,20612,6847,21438
2009-05-12,E-MINI S&P 500 STOCK INDEX - CHICAGO MERCANTILE EXCHANGE,2645720,384002,715324,33748,-331322
2009-05-19,E-MINI S&P 500 STOCK INDEX - CHICAGO MERCANTILE EXCHANGE,2700135,412157,734752,60776,-322595
2009-05-19,S&P 500 STOCK INDEX - CHICAGO MERCANTILE EXCHANGE,474997,49501,34682,6701,14819
2009-05-26,E-MINI S&P 500 STOCK INDEX - CHICAGO MERCANTILE EXCHANGE,2736726,397509,736629,78370,-339120
2009-05-26,S&P 500 STOCK INDEX - CHICAGO MERCANTILE EXCHANGE,477442,46682,34589,7418,12093
2009-06-02,E-MINI S&P 500 STOCK INDEX - CHICAGO MERCANTILE EXCHANGE,2757744,408840,753331,70850,-344491
2009-06-02,S&P 500 STOCK INDEX - CHICAGO MERCANTILE EXCHANGE,482591,45959,35276,9809,10683
2009-06-09,E-MINI S&P 500 STOCK INDEX - CHICAGO MERCANTILE EXCHANGE,2815342,404125,768138,87095,-364013
2009-06-09,S&P 500 STOCK INDEX - CHICAGO MERCANTILE EXCHANGE,498859,47257,37417,14940,9840
2009-06-16,S&P 500 STOCK INDEX - CHICAGO MERCANTILE EXCHANGE,530674,47762,39404,16886,8358
2009-06-16,E-MINI S&P 500 STOCK INDEX - CHICAGO MERCANTILE EXCHANGE,3243222,426317,736663,79117,-310346
2009-06-23,S&P 500 STOCK INDEX - CHICAGO MERCANTILE EXCHANGE,394868,19420,38808,4240,-19388
2009-06-23,E-MINI S&P 500 STOCK INDEX - CHICAGO MERCANTILE EXCHANGE,2303107,306149,480330,22644,-174181
2009-06-30,E-MINI S&P 500 STOCK INDEX - CHICAGO MERCANTILE EXCHANGE,2330177,310182,526862,18168,-216680
2009-06-30,S&P 500 STOCK INDEX - CHICAGO MERCANTILE EXCHANGE,394037,16676,41496,4137,-24820
2009-07-07,E-MINI S&P 500 STOCK INDEX - CHICAGO MERCANTILE EXCHANGE,2411917,325343,618008,24850,-292665
2009-07-07,S&P 500 STOCK INDEX - CHICAGO MERCANTILE EXCHANGE,388840,17446,47284,4178,-29838
2009-07-14,E-MINI S&P 500 STOCK INDEX - CHICAGO MERCANTILE EXCHANGE,2401740,341653,610700,21794,-269047
2009-07-14,S&P 500 STOCK INDEX - CHICAGO MERCANTILE EXCHANGE,397704,18155,46683,5195,-28528
2009-07-21,S&P 500 STOCK INDEX - CHICAGO MERCANTILE EXCHANGE,390854,18465,46772,5279,-28307
2009-07-21,E-MINI S&P 500 STOCK INDEX - CHICAGO MERCANTILE EXCHANGE,2420483,336080,626685,30979,-290605
2009-07-28,E-MINI S&P 500 STOCK INDEX - CHICAGO MERCANTILE EXCHANGE,2503699,371433,571807,32481,-200374
2009-07-28,S&P 500 STOCK INDEX - CHICAGO MERCANTILE EXCHANGE,386329,20853,49816,6116,-28963
2009-08-04,S&P 500 STOCK INDEX - CHICAGO MERCANTILE EXCHANGE,392668,22247,52281,6184,-30034
2009-08-04,E-MINI S&P 500 STOCK INDEX - CHICAGO MERCANTILE EXCHANGE,2547131,356803,572557,40459,-215754
2009-08-11,E-MINI S&P 500 STOCK INDEX - CHICAGO MERCANTILE EXCHANGE,2595818,354644,595826,43129,-241182
2009-08-11,S&P 500 STOCK INDEX - CHICAGO MERCANTILE EXCHANGE,388609,20816,53912,5453,-33096
2009-08-18,E-MINI S&P 500 STOCK INDEX - CHICAGO MERCANTILE EXCHANGE,2622199,383646,627658,38538,-244012
2009-08-18,S&P 500 STOCK INDEX - CHICAGO MERCANTILE EXCHANGE,390903,20683,52341,5493,-31658
2009-08-25,E-MINI S&P 500 STOCK INDEX - CHICAGO MERCANTILE EXCHANGE,2651182,355975,650759,43259,-294784
2009-08-25,S&P 500 STOCK INDEX - CHICAGO MERCANTILE EXCHANGE,396551,18019,48080,5309,-30061
2009-09-01,E-MINI S&P 500 STOCK INDEX - CHICAGO MERCANTILE EXCHANGE,2673739,372694,627363,61867,-254669
2009-09-01,S&P 500 STOCK INDEX - CHICAGO MERCANTILE EXCHANGE,406399,17299,50409,10500,-33110
2009-09-08,E-MINI S&P 500 STOCK INDEX - CHICAGO MERCANTILE EXCHANGE,2688470,383336,645524,89267,-262188
2009-09-08,S&P 500 STOCK INDEX - CHICAGO MERCANTILE EXCHANGE,422209,20391,51581,16248,-31190
2009-09-15,E-MINI S&P 500 STOCK INDEX - CHICAGO MERCANTILE EXCHANGE,3084056,405942,679917,98389,-273975
2009-09-15,S&P 500 STOCK INDEX - CHICAGO MERCANTILE EXCHANGE,471294,17007,51515,27617,-34508
2009-09-22,S&P 500 STOCK INDEX - CHICAGO MERCANTILE EXCHANGE,364400,17134,54414,1817,-37280
2009-09-22,E-MINI S&P 500 STOCK INDEX - CHICAGO MERCANTILE EXCHANGE,2284722,316210,565858,38833,-249648
2009-09-29,E-MINI S&P 500 STOCK INDEX - CHICAGO MERCANTILE EXCHANGE,2338950,366483,613441,29808,-246958
2009-09-29,S&P 500 STOCK INDEX - CHICAGO MERCANTILE EXCHANGE,371546,17092,56400,1865,-39308
2009-10-06,S&P 500 STOCK INDEX - CHICAGO MERCANTILE EXCHANGE,382737,17527,61388,1963,-43861
2009-10-06,E-MINI S&P 500 STOCK INDEX - CHICAGO MERCANTILE EXCHANGE,2334675,384449,625995,43602,-241546
2009-10-13,E-MINI S&P 500 STOCK INDEX - CHICAGO MERCANTILE EXCHANGE,2323932,350369,636814,27457,-286445
2009-10-13,S&P 500 STOCK INDEX - CHICAGO MERCANTILE EXCHANGE,383970,15796,60797,1964,-45001
2009-10-20,S&P 500 STOCK INDEX - CHICAGO MERCANTILE EXCHANGE,390719,17905,67786,1266,-49881
2009-10-20,E-MINI S&P 500 STOCK INDEX - CHICAGO MERCANTILE EXCHANGE,2392419,337857,673656,42800,-335799
2009-10-27,S&P 500 STOCK INDEX - CHICAGO MERCANTILE EXCHANGE,391672,18506,68284,1666,-49778
2009-10-27,E-MINI S&P 500 STOCK INDEX - CHICAGO MERCANTILE EXCHANGE,2472585,372022,675325,59765,-303303
2009-11-03,E-MINI S&P 500 STOCK INDEX - CHICAGO MERCANTILE EXCHANGE,2531749,420203,601999,64867,-181796
2009-11-03,S&P 500 STOCK INDEX - CHICAGO MERCANTILE EXCHANGE,394923,18498,69760,1191,-51262
2009-11-09,S&P 500 STOCK INDEX - CHICAGO MERCANTILE EXCHANGE,389329,18767,70023,1241,-51256
2009-11-09,E-MINI S&P 500 STOCK INDEX - CHICAGO MERCANTILE EXCHANGE,2560834,403393,622363,56480,-218970
2009-11-17,E-MINI S&P 500 STOCK INDEX - CHICAGO MERCANTILE EXCHANGE,2606977,417460,600693,65695,-183233
2009-11-17,S&P 500 STOCK INDEX - CHICAGO MERCANTILE EXCHANGE,398633,22167,68576,1159,-46409
2009-11-24,E-MINI S&P 500 STOCK INDEX - CHICAGO MERCANTILE EXCHANGE,2639563,443713,582854,67048,-139141
2009-11-24,S&P 500 STOCK INDEX - CHICAGO MERCANTILE EXCHANGE,407392,20112,69016,1508,-48904
2009-12-01,E-MINI S&P 500 STOCK INDEX - CHICAGO MERCANTILE EXCHANGE,2657480,441092,563597,82471,-122505
2009-12-01,S&P 500 STOCK INDEX - CHICAGO MERCANTILE EXCHANGE,409566,22520,70782,1486,-48262
2009-12-08,E-MINI S&P 500 STOCK INDEX - CHICAGO MERCANTILE EXCHANGE,2770435,450640,609382,84575,-158742
2009-12-08,S&P 500 STOCK INDEX - CHICAGO MERCANTILE EXCHANGE,421508,19387,72823,1176,-53436
2009-12-15,S&P 500 STOCK INDEX - CHICAGO MERCANTILE EXCHANGE,458269,21035,72659,3424,-51624
2009-12-15,E-MINI S&P 500 STOCK INDEX - CHICAGO MERCANTILE EXCHANGE,3378983,518215,613630,135920,-95415
2009-12-22,E-MINI S&P 500 STOCK INDEX - CHICAGO MERCANTILE EXCHANGE,2375469,309335,585251,19432,-275916
2009-12-22,S&P 500 STOCK INDEX - CHICAGO MERCANTILE EXCHANGE,319530,15682,33637,158,-17955
2009-12-29,E-MINI S&P 500 STOCK INDEX - CHICAGO MERCANTILE EXCHANGE,2400627,304353,604996,25559,-300643
2009-12-29,S&P 500 STOCK INDEX - CHICAGO MERCANTILE EXCHANGE,324157,20336,34282,208,-13946
2010-01-05,S&P 500 STOCK INDEX - CHICAGO MERCANTILE EXCHANGE,325445,18824,33327,416,-14503
2010-01-05,E-MINI S&P 500 STOCK INDEX - CHICAGO MERCANTILE EXCHANGE,2406829,320325,568103,40265,-247778
2010-01-12,S&P 500 STOCK INDEX - CHICAGO MERCANTILE EXCHANGE,326146,14076,41524,389,-27448
2010-01-12,E-MINI S&P 500 STOCK INDEX - CHICAGO MERCANTILE EXCHANGE,2445201,319400,648943,31241,-329543
2010-01-19,E-MINI S&P 500 STOCK INDEX - CHICAGO MERCANTILE EXCHANGE,2479545,352724,666643,35809,-313919
2010-01-19,S&P 500 STOCK INDEX - CHICAGO MERCANTILE EXCHANGE,332847,17933,42403,629,-24470
2010-01-26,E-MINI S&P 500 STOCK INDEX - CHICAGO MERCANTILE EXCHANGE,2633024,451126,810464,49216,-359338
2010-01-26,S&P 500 STOCK INDEX - CHICAGO MERCANTILE EXCHANGE,343098,20151,57754,1157,-37603
2010-02-02,S&P 500 STOCK INDEX - CHICAGO MERCANTILE EXCHANGE,355994,22675,77564,919,-54889
2010-02-02,E-MINI S&P 500 STOCK INDEX - CHICAGO MERCANTILE EXCHANGE,2710912,495743,821825,53019,-326082
2010-02-09,E-MINI S&P 500 STOCK INDEX - CHICAGO MERCANTILE EXCHANGE,2835286,619460,833615,28518,-214155
2010-02-09,S&P 500 STOCK INDEX - CHICAGO MERCANTILE EXCHANGE,379065,24450,99650,1634,-75200
2010-02-16,E-MINI S&P 500 STOCK INDEX - CHICAGO MERCANTILE EXCHANGE,2827987,619732,854263,32786,-234531
2010-02-16,S&P 500 STOCK INDEX - CHICAGO MERCANTILE EXCHANGE,383927,23555,104324,2377,-80769
2010-02-23,S&P 500 STOCK INDEX - CHICAGO MERCANTILE EXCHANGE,394898,26758,110162,2526,-83404
2010-02-23,E-MINI S&P 500 STOCK INDEX - CHICAGO MERCANTILE EXCHANGE,2847974,635382,879081,42047,-243699
2010-03-02,E-MINI S&P 500 STOCK INDEX - CHICAGO MERCANTILE EXCHANGE,2870663,646733,900379,55482,-253646
2010-03-02,S&P 500 STOCK INDEX - CHICAGO MERCANTILE EXCHANGE,396644,26729,109402,2605,-82673
2010-03-09,E-MINI S&P 500 STOCK INDEX - CHICAGO MERCANTILE EXCHANGE,2971944,647699,914721,61950,-267022
2010-03-09,S&P 500 STOCK INDEX - CHICAGO MERCANTILE EXCHANGE,399521,29042,108609,2825,-79567
2010-03-16,E-MINI S&P 500 STOCK INDEX - CHICAGO MERCANTILE EXCHANGE,3578829,656512,915850,108849,-259338
2010-03-16,S&P 500 STOCK INDEX - CHICAGO MERCANTILE EXCHANGE,481255,28341,117053,6989,-88712
2010-03-23,S&P 500 STOCK INDEX - CHICAGO MERCANTILE EXCHANGE,309880,19204,34065,1032,-14861
2010-03-23,E-MINI S&P 500 STOCK INDEX - CHICAGO MERCANTILE EXCHANGE,2348917,280848,770056,30089,-489208
2010-03-30,E-MINI S&P 500 STOCK INDEX - CHICAGO MERCANTILE EXCHANGE,2419469,290223,811032,36793,-520809
2010-03-30,S&P 500 STOCK INDEX - CHICAGO MERCANTILE EXCHANGE,316580,21929,37877,1678,-15948
2010-04-06,E-MINI S&P 500 STOCK INDEX - CHICAGO MERCANTILE EXCHANGE,2408236,300735,792079,41512,-491344
2010-04-06,S&P 500 STOCK INDEX - CHICAGO MERCANTILE EXCHANGE,317320,21638,39202,2031,-17564
2010-04-13,S&P 500 STOCK INDEX - CHICAGO MERCANTILE EXCHANGE,320551,22018,40591,2103,-18573
2010-04-13,E-MINI S&P 500 STOCK INDEX - CHICAGO MERCANTILE EXCHANGE,2426056,303758,818166,22613,-514408
2010-04-20,S&P 500 STOCK INDEX - CHICAGO MERCANTILE EXCHANGE,322306,19214,45583,2818,-26369
2010-04-20,E-MINI S&P 500 STOCK INDEX - CHICAGO MERCANTILE EXCHANGE,2496089,324107,795963,25973,-471856
2010-04-27,E-MINI S&P 500 STOCK INDEX - CHICAGO MERCANTILE EXCHANGE,2575827,368537,853138,40861,-484601
2010-04-27,S&P 500 STOCK INDEX - CHICAGO MERCANTILE EXCHANGE,322611,19093,51077,2550,-31984
2010-05-04,S&P 500 STOCK INDEX - CHICAGO MERCANTILE EXCHANGE,325388,18365,58611,2317,-40246
2010-05-04,E-MINI S&P 500 STOCK INDEX - CHICAGO MERCANTILE EXCHANGE,2566615,381929,865403,47248,-483474
2010-05-11,E-MINI S&P 500 STOCK INDEX - CHICAGO MERCANTILE EXCHANGE,2659978,421576,837483,52738,-415907
2010-05-11,S&P 500 STOCK INDEX - CHICAGO MERCANTILE EXCHANGE,318228,23738,49216,3940,-25478
2010-05-18,S&P 500 STOCK INDEX - CHICAGO MERCANTILE EXCHANGE,317486,23005,54244,3779,-31239
2010-05-18,E-MINI S&P 500 STOCK INDEX - CHICAGO MERCANTILE EXCHANGE,2641156,410595,771049,57259,-360454
2010-05-25,E-MINI S&P 500 STOCK INDEX - CHICAGO MERCANTILE EXCHANGE,2735512,535337,816769,55303,-281432
2010-05-25,S&P 500 STOCK INDEX - CHICAGO MERCANTILE EXCHANGE,328211,28965,63788,2375,-34823
2010-06-01,E-MINI S&P 500 STOCK INDEX - CHICAGO MERCANTILE EXCHANGE,2820119,498556,876745,54918,-378189
2010-06-01,S&P 500 STOCK INDEX - CHICAGO MERCANTILE EXCHANGE,331651,28618,65242,3471,-36624
2010-06-08,E-MINI S&P 500 STOCK INDEX - CHICAGO MERCANTILE EXCHANGE,3046422,564711,894252,49122,-329541
2010-06-08,S&P 500 STOCK INDEX - CHICAGO MERCANTILE EXCHANGE,377242,27112,78379,6504,-51267
2010-06-15,S&P 500 STOCK INDEX - CHICAGO MERCANTILE EXCHANGE,447022,29145,64276,12214,-35131
2010-06-15,E-MINI S&P 500 STOCK INDEX - CHICAGO MERCANTILE EXCHANGE,3426436,494957,864560,160169,-369603
2010-06-15,S&P 500 Consolidated - CHICAGO MERCANTILE EXCHANGE,1132309,87605,196656,84779,-109051
2010-06-22,E-MINI S&P 500 STOCK INDEX - CHICAGO MERCANTILE EXCHANGE,2607245,273826,788779,28700,-514953
2010-06-22,S&P 500 Consolidated - CHICAGO MERCANTILE EXCHANGE,822092,70878,182244,16180,-111366
2010-06-22,S&P 500 STOCK INDEX - CHICAGO MERCANTILE EXCHANGE,300643,25469,33845,1083,-8376
2010-06-29,S&P 500 STOCK INDEX - CHICAGO MERCANTILE EXCHANGE,299932,21882,43062,958,-21180
2010-06-29,S&P 500 Consolidated - CHICAGO MERCANTILE EXCHANGE,850401,77655,184364,22538,-106709
2010-06-29,E-MINI S&P 500 STOCK INDEX - CHICAGO MERCANTILE EXCHANGE,2752345,356104,783747,30662,-427643
2010-07-06,E-MINI S&P 500 STOCK INDEX - CHICAGO MERCANTILE EXCHANGE,2875146,400721,871221,33577,-470500
2010-07-06,S&P 500 Consolidated - CHICAGO MERCANTILE EXCHANGE,883425,75033,203822,37632,-128789
2010-07-06,S&P 500 STOCK INDEX - CHICAGO MERCANTILE EXCHANGE,308396,24099,58788,1706,-34689
2010-07-13,S&P 500 STOCK INDEX - CHICAGO MERCANTILE EXCHANGE,312357,27042,54158,1800,-27116
2010-07-13,S&P 500 Consolidated - CHICAGO MERCANTILE EXCHANGE,874896,72289,218281,32837,-145992
2010-07-13,E-MINI S&P 500 STOCK INDEX - CHICAGO MERCANTILE EXCHANGE,2812693,358218,952597,23201,-594379
2010-07-20,E-MINI S&P 500 STOCK INDEX - CHICAGO MERCANTILE EXCHANGE,2814633,402716,891084,37517,-488368
2010-07-20,S&P 500 Consolidated - CHICAGO MERCANTILE EXCHANGE,870890,71078,207667,39798,-136589
2010-07-20,S&P 500 STOCK INDEX - CHICAGO MERCANTILE EXCHANGE,307963,21208,60124,1621,-38916
2010-07-27,E-MINI S&P 500 STOCK INDEX - CHICAGO MERCANTILE EXCHANGE,2780454,372016,861874,44751,-489858
2010-07-27,S&P 500 Consolidated - CHICAGO MERCANTILE EXCHANGE,868087,74295,198835,35228,-124540
2010-07-27,S&P 500 STOCK INDEX - CHICAGO MERCANTILE EXCHANGE,311996,24663,51231,1507,-26568
2010-08-03,S&P 500 STOCK INDEX - CHICAGO MERCANTILE EXCHANGE,316750,23916,47382,1506,-23466
2010-08-03,S&P 500 Consolidated - CHICAGO MERCANTILE EXCHANGE,865807,73031,194231,29208,-121200
2010-08-03,E-MINI S&P 500 STOCK INDEX - CHICAGO MERCANTILE EXCHANGE,2745286,349906,838576,34179,-488670
2010-08-10,E-MINI S&P 500 STOCK INDEX - CHICAGO MERCANTILE EXCHANGE,2752036,343479,818621,34299,-475142
2010-08-10,S&P 500 STOCK INDEX - CHICAGO MERCANTILE EXCHANGE,319734,22587,47157,1456,-24570
2010-08-10,S&P 500 Consolidated - CHICAGO MERCANTILE EXCHANGE,870141,74317,193916,25281,-119599
2010-08-17,E-MINI S&P 500 STOCK INDEX - CHICAGO MERCANTILE EXCHANGE,2826725,430577,832689,44676,-402112
2010-08-17,S&P 500 STOCK INDEX - CHICAGO MERCANTILE EXCHANGE,319279,22680,57688,1606,-35008
2010-08-17,S&P 500 Consolidated - CHICAGO MERCANTILE EXCHANGE,884624,80856,196286,38481,-115430
2010-08-24,S&P 500 STOCK INDEX - CHICAGO MERCANTILE EXCHANGE,322706,21816,79921,1682,-58105
2010-08-24,S&P 500 Consolidated - CHICAGO MERCANTILE EXCHANGE,910530,78017,212103,62160,-134086
2010-08-24,E-MINI S&P 500 STOCK INDEX - CHICAGO MERCANTILE EXCHANGE,2939121,546967,926870,36430,-379903
2010-08-31,S&P 500 STOCK INDEX - CHICAGO MERCANTILE EXCHANGE,329914,20346,92120,1790,-71774
2010-08-31,S&P 500 Consolidated - CHICAGO MERCANTILE EXCHANGE,938443,78547,223099,71405,-144552
2010-08-31,E-MINI S&P 500 STOCK INDEX - CHICAGO MERCANTILE EXCHANGE,3042646,602807,966696,36275,-363889
2010-09-07,E-MINI S&P 500 STOCK INDEX - CHICAGO MERCANTILE EXCHANGE,3025949,528227,930182,37995,-401955
2010-09-07,S&P 500 Consolidated - CHICAGO MERCANTILE EXCHANGE,943773,73458,212630,65393,-139172
2010-09-07,S&P 500 STOCK INDEX - CHICAGO MERCANTILE EXCHANGE,338583,23684,82465,1922,-58781
2010-09-14,S&P 500 STOCK INDEX - CHICAGO MERCANTILE EXCHANGE,411806,23793,72501,9634,-48708
2010-09-14,S&P 500 Consolidated - CHICAGO MERCANTILE EXCHANGE,1103826,83782,216454,69801,-132672
2010-09-14,E-MINI S&P 500 STOCK INDEX - CHICAGO MERCANTILE EXCHANGE,3460098,522512,942330,78267,-419818
2010-09-21,E-MINI S&P 500 STOCK INDEX - CHICAGO MERCANTILE EXCHANGE,2480461,277650,703528,22797,-425878
2010-09-21,S&P 500 Consolidated - CHICAGO MERCANTILE EXCHANGE,779357,75028,147903,19615,-72875
2010-09-21,S&P 500 STOCK INDEX - CHICAGO MERCANTILE EXCHANGE,283265,33571,21271,982,12300
2010-09-28,S&P 500 Consolidated - CHICAGO MERCANTILE EXCHANGE,811413,87158,144598,34052,-57440
2010-09-28,S&P 500 STOCK INDEX - CHICAGO MERCANTILE EXCHANGE,297270,46195,21943,1197,24252
2010-09-28,E-MINI S&P 500 STOCK INDEX - CHICAGO MERCANTILE EXCHANGE,2570715,333423,741883,35666,-408460
2010-10-05,S&P 500 Consolidated - CHICAGO MERCANTILE EXCHANGE,829851,89560,146359,39684,-56799
2010-10-05,S&P 500 STOCK INDEX - CHICAGO MERCANTILE EXCHANGE,301055,47595,21598,1357,25997
2010-10-05,E-MINI S&P 500 STOCK INDEX - CHICAGO MERCANTILE EXCHANGE,2643979,364543,778520,36921,-413977
2010-10-12,S&P 500 STOCK INDEX - CHICAGO MERCANTILE EXCHANGE,306550,48480,22476,1368,26004
2010-10-12,S&P 500 Consolidated - CHICAGO MERCANTILE EXCHANGE,843960,88866,147296,41015,-58430
2010-10-12,E-MINI S&P 500 STOCK INDEX - CHICAGO MERCANTILE EXCHANGE,2687051,364726,786896,35436,-422170
2010-10-19,S&P 500 STOCK INDEX - CHICAGO MERCANTILE EXCHANGE,316147,45372,25426,1275,19946
2010-10-19,E-MINI S&P 500 STOCK INDEX - CHICAGO MERCANTILE EXCHANGE,2689641,375512,797217,52711,-421705
2010-10-19,S&P 500 Consolidated - CHICAGO MERCANTILE EXCHANGE,854075,87661,152056,44631,-64395
2010-10-26,S&P 500 Consolidated - CHICAGO MERCANTILE EXCHANGE,869680,98169,139094,50207,-40925
2010-10-26,S&P 500 STOCK INDEX - CHICAGO MERCANTILE EXCHANGE,330479,54653,26696,1190,27957
2010-10-26,E-MINI S&P 500 STOCK INDEX - CHICAGO MERCANTILE EXCHANGE,2696003,423970,768377,38698,-344407
2010-11-02,S&P 500 Consolidated - CHICAGO MERCANTILE EXCHANGE,879024,104264,137142,52751,-32878
2010-11-02,E-MINI S&P 500 STOCK INDEX - CHICAGO MERCANTILE EXCHANGE,2709889,464845,769856,34683,-305011
2010-11-02,S&P 500 STOCK INDEX - CHICAGO MERCANTILE EXCHANGE,337046,55772,27647,1338,28125
2010-11-09,E-MINI S&P 500 STOCK INDEX - CHICAGO MERCANTILE EXCHANGE,2801910,468349,835094,43110,-366745
2010-11-09,S&P 500 Consolidated - CHICAGO MERCANTILE EXCHANGE,904392,102041,148355,62309,-46314
2010-11-09,S&P 500 STOCK INDEX - CHICAGO MERCANTILE EXCHANGE,344010,60536,33501,1522,27035
2010-11-16,E-MINI S&P 500 STOCK INDEX - CHICAGO MERCANTILE EXCHANGE,2859310,455002,848365,67874,-393363
2010-11-16,S&P 500 Consolidated - CHICAGO MERCANTILE EXCHANGE,921238,100480,158553,61625,-58073
2010-11-16,S&P 500 STOCK INDEX - CHICAGO MERCANTILE EXCHANGE,349376,56037,35437,1493,20600
2010-11-23,E-MINI S&P 500 STOCK INDEX - CHICAGO MERCANTILE EXCHANGE,2836389,484838,875959,42985,-391121
2010-11-23,S&P 500 Consolidated - CHICAGO MERCANTILE EXCHANGE,936881,103282,162243,63250,-58961
2010-11-23,S&P 500 STOCK INDEX - CHICAGO MERCANTILE EXCHANGE,369603,59298,40035,1669,19263
2010-11-30,E-MINI S&P 500 STOCK INDEX - CHICAGO MERCANTILE EXCHANGE,2882495,484593,817661,47868,-333068
2010-11-30,S&P 500 Consolidated - CHICAGO MERCANTILE EXCHANGE,941143,100714,151491,64380,-50777
2010-11-30,S&P 500 STOCK INDEX - CHICAGO MERCANTILE EXCHANGE,364644,56749,40913,1852,15836
2010-12-07,E-MINI S&P 500 STOCK INDEX - CHICAGO MERCANTILE EXCHANGE,2979326,503360,888275,64826,-384915
2010-12-07,S&P 500 STOCK INDEX - CHICAGO MERCANTILE EXCHANGE,384778,62822,42554,3966,20268
2010-12-07,S&P 500 Consolidated - CHICAGO MERCANTILE EXCHANGE,980643,102794,159509,77631,-56715
2010-12-14,S&P 500 Consolidated - CHICAGO MERCANTILE EXCHANGE,1109473,107800,154350,91854,-46550
2010-12-14,S&P 500 STOCK INDEX - CHICAGO MERCANTILE EXCHANGE,431240,70250,45177,7666,25073
2010-12-14,E-MINI S&P 500 STOCK INDEX - CHICAGO MERCANTILE EXCHANGE,3391166,524926,883041,83763,-358115
2010-12-21,E-MINI S&P 500 STOCK INDEX - CHICAGO MERCANTILE EXCHANGE,2435858,326030,581587,24255,-255557
2010-12-21,S&P 500 Consolidated - CHICAGO MERCANTILE EXCHANGE,758336,79919,137552,12430,-57633
2010-12-21,S&P 500 STOCK INDEX - CHICAGO MERCANTILE EXCHANGE,271164,20302,26823,1990,-6521
2010-12-28,E-MINI S&P 500 STOCK INDEX - CHICAGO MERCANTILE EXCHANGE,2479708,319756,603469,34188,-283713
2010-12-28,S&P 500 Consolidated - CHICAGO MERCANTILE EXCHANGE,769754,79279,141342,15338,-62063
2010-12-28,S&P 500 STOCK INDEX - CHICAGO MERCANTILE EXCHANGE,273812,21656,26976,2172,-5320
2011-01-04,S&P 500 STOCK INDEX - CHICAGO MERCANTILE EXCHANGE,276458,20083,29423,2351,-9340
2011-01-04,E-MINI S&P 500 STOCK INDEX - CHICAGO MERCANTILE EXCHANGE,2499724,328709,592851,34707,-264142
2011-01-04,S&P 500 Consolidated - CHICAGO MERCANTILE EXCHANGE,776403,78596,140764,16522,-62168
2011-01-11,S&P 500 STOCK INDEX - CHICAGO MERCANTILE EXCHANGE,286751,20568,30231,2775,-9663
2011-01-11,E-MINI S&P 500 STOCK INDEX - CHICAGO MERCANTILE EXCHANGE,2533574,386307,615858,35511,-229551
2011-01-11,S&P 500 Consolidated - CHICAGO MERCANTILE EXCHANGE,793466,90395,145968,17312,-55573
2011-01-18,E-MINI S&P 500 STOCK INDEX - CHICAGO MERCANTILE EXCHANGE,2575471,367902,661737,42487,-293835
2011-01-18,S&P 500 Consolidated - CHICAGO MERCANTILE EXCHANGE,810682,84348,157129,20200,-72781
2011-01-18,S&P 500 STOCK INDEX - CHICAGO MERCANTILE EXCHANGE,295588,19012,33026,3459,-14014
2011-01-25,E-MINI S&P 500 STOCK INDEX - CHICAGO MERCANTILE EXCHANGE,2649692,391276,681706,31080,-290430
2011-01-25,S&P 500 STOCK INDEX - CHICAGO MERCANTILE EXCHANGE,308010,23405,39319,3659,-15914
2011-01-25,S&P 500 Consolidated - CHICAGO MERCANTILE EXCHANGE,837948,89207,163207,22328,-74000
2011-02-01,S&P 500 STOCK INDEX - CHICAGO MERCANTILE EXCHANGE,313529,19986,43239,3706,-23253
2011-02-01,S&P 500 Consolidated - CHICAGO MERCANTILE EXCHANGE,855085,87351,168582,28718,-81231
2011-02-01,E-MINI S&P 500 STOCK INDEX - CHICAGO MERCANTILE EXCHANGE,2707779,409398,699289,52487,-289891
2011-02-08,S&P 500 Consolidated - CHICAGO MERCANTILE EXCHANGE,878168,85680,187038,35214,-101358
2011-02-08,S&P 500 STOCK INDEX - CHICAGO MERCANTILE EXCHANGE,322993,20696,52745,3684,-32049
2011-02-08,E-MINI S&P 500 STOCK INDEX - CHICAGO MERCANTILE EXCHANGE,2775873,442048,788594,40523,-346546
2011-02-15,S&P 500 Consolidated - CHICAGO MERCANTILE EXCHANGE,893447,82287,194947,42750,-112660
2011-02-15,S&P 500 STOCK INDEX - CHICAGO MERCANTILE EXCHANGE,326026,19433,56668,4384,-37235
2011-02-15,E-MINI S&P 500 STOCK INDEX - CHICAGO MERCANTILE EXCHANGE,2837103,464932,842054,41169,-377122
2011-02-22,S&P 500 Consolidated - CHICAGO MERCANTILE EXCHANGE,917177,85373,194518,50401,-109145
2011-02-22,S&P 500 STOCK INDEX - CHICAGO MERCANTILE EXCHANGE,337177,20685,66302,3443,-45617
2011-02-22,E-MINI S&P 500 STOCK INDEX - CHICAGO MERCANTILE EXCHANGE,2899999,514808,832450,43421,-317642
2011-03-01,E-MINI S&P 500 STOCK INDEX - CHICAGO MERCANTILE EXCHANGE,2970595,534497,869237,49420,-334740
2011-03-01,S&P 500 Consolidated - CHICAGO MERCANTILE EXCHANGE,946217,82842,201206,58080,-118364
2011-03-01,S&P 500 STOCK INDEX - CHICAGO MERCANTILE EXCHANGE,352098,20367,71783,3771,-51416
2011-03-08,S&P 500 STOCK INDEX - CHICAGO MERCANTILE EXCHANGE,371968,18342,80828,4553,-62486
2011-03-08,S&P 500 Consolidated - CHICAGO MERCANTILE EXCHANGE,979528,86436,198022,64829,-111586
2011-03-08,E-MINI S&P 500 STOCK INDEX - CHICAGO MERCANTILE EXCHANGE,3037799,592914,838414,48934,-245500
2011-03-15,S&P 500 STOCK INDEX - CHICAGO MERCANTILE EXCHANGE,454544,18783,115606,11228,-96823
2011-03-15,E-MINI S&P 500 STOCK INDEX - CHICAGO MERCANTILE EXCHANGE,3595592,770878,913694,147076,-142816
2011-03-15,S&P 500 Consolidated - CHICAGO MERCANTILE EXCHANGE,1173662,89313,214699,124289,-125386
2011-03-22,S&P 500 STOCK INDEX - CHICAGO MERCANTILE EXCHANGE,294717,17564,32534,1452,-14970
2011-03-22,E-MINI S&P 500 STOCK INDEX - CHICAGO MERCANTILE EXCHANGE,2571151,306327,813792,36483,-507465
2011-03-22,S&P 500 Consolidated - CHICAGO MERCANTILE EXCHANGE,808947,60224,176687,27354,-116463
2011-03-29,S&P 500 STOCK INDEX - CHICAGO MERCANTILE EXCHANGE,295190,16797,31034,1200,-14237
2011-03-29,S&P 500 Consolidated - CHICAGO MERCANTILE EXCHANGE,826332,70757,190574,23195,-119817
2011-03-29,E-MINI S&P 500 STOCK INDEX - CHICAGO MERCANTILE EXCHANGE,2655711,340359,868258,39415,-527899
2011-04-05,S&P 500 STOCK INDEX - CHICAGO MERCANTILE EXCHANGE,302356,17003,25946,1478,-8943
2011-04-05,S&P 500 Consolidated - CHICAGO MERCANTILE EXCHANGE,838763,77844,190849,19666,-113005
2011-04-05,E-MINI S&P 500 STOCK INDEX - CHICAGO MERCANTILE EXCHANGE,2682037,346989,867298,48158,-520309
2011-04-12,E-MINI S&P 500 STOCK INDEX - CHICAGO MERCANTILE EXCHANGE,2695345,344214,885228,46881,-541014
2011-04-12,S&P 500 STOCK INDEX - CHICAGO MERCANTILE EXCHANGE,304104,18102,31690,2471,-13588
2011-04-12,S&P 500 Consolidated - CHICAGO MERCANTILE EXCHANGE,843173,72572,194363,26220,-121791
2011-04-19,S&P 500 Consolidated - CHICAGO MERCANTILE EXCHANGE,859929,70776,187716,32481,-116940
2011-04-19,S&P 500 STOCK INDEX - CHICAGO MERCANTILE EXCHANGE,318235,21515,37880,2251,-16365
2011-04-19,E-MINI S&P 500 STOCK INDEX - CHICAGO MERCANTILE EXCHANGE,2708468,355697,858574,41759,-502877
2011-04-26,E-MINI S&P 500 STOCK INDEX - CHICAGO MERCANTILE EXCHANGE,2745754,344269,815222,49864,-470953
2011-04-26,S&P 500 STOCK INDEX - CHICAGO MERCANTILE EXCHANGE,323070,27887,27804,2378,83
2011-04-26,S&P 500 Consolidated - CHICAGO MERCANTILE EXCHANGE,872221,78081,172189,31010,-94108
2011-05-03,S&P 500 Consolidated - CHICAGO MERCANTILE EXCHANGE,885078,94647,170013,35754,-75366
2011-05-03,S&P 500 STOCK INDEX - CHICAGO MERCANTILE EXCHANGE,321702,33501,25327,2355,8174
2011-05-03,E-MINI S&P 500 STOCK INDEX - CHICAGO MERCANTILE EXCHANGE,2816881,427229,844930,45497,-417701
2011-05-10,E-MINI S&P 500 STOCK INDEX - CHICAGO MERCANTILE EXCHANGE,2707707,373383,810947,34381,-437564
2011-05-10,S&P 500 STOCK INDEX - CHICAGO MERCANTILE EXCHANGE,321634,27632,29252,2587,-1620
2011-05-10,S&P 500 Consolidated - CHICAGO MERCANTILE EXCHANGE,863175,82038,171171,29734,-89133
2011-05-17,S&P 500 Consolidated - CHICAGO MERCANTILE EXCHANGE,870469,77794,172284,31660,-94490
2011-05-17,S&P 500 STOCK INDEX - CHICAGO MERCANTILE EXCHANGE,325360,26270,33208,2625,-6938
2011-05-17,E-MINI S&P 500 STOCK INDEX - CHICAGO MERCANTILE EXCHANGE,2725544,366512,804271,36285,-437759
2011-05-24,S&P 500 Consolidated - CHICAGO MERCANTILE EXCHANGE,896257,80774,176847,29687,-96073
2011-05-24,E-MINI S&P 500 STOCK INDEX - CHICAGO MERCANTILE EXCHANGE,2803618,386110,813007,28935,-426897
2011-05-24,S&P 500 STOCK INDEX - CHICAGO MERCANTILE EXCHANGE,335533,24678,35371,2774,-10693
2011-05-31,S&P 500 Consolidated - CHICAGO MERCANTILE EXCHANGE,905541,87112,184285,30153,-97173
2011-05-31,S&P 500 STOCK INDEX - CHICAGO MERCANTILE EXCHANGE,332153,24707,32501,2704,-7794
2011-05-31,E-MINI S&P 500 STOCK INDEX - CHICAGO MERCANTILE EXCHANGE,2866938,412056,858948,37216,-446892
2011-06-07,E-MINI S&P 500 STOCK INDEX - CHICAGO MERCANTILE EXCHANGE,3009071,531860,925673,40191,-393813
2011-06-07,S&P 500 STOCK INDEX - CHICAGO MERCANTILE EXCHANGE,347103,26905,59656,3307,-32751
2011-06-07,S&P 500 Consolidated - CHICAGO MERCANTILE EXCHANGE,948917,83317,194831,61305,-111514
2011-06-14,E-MINI S&P 500 STOCK INDEX - CHICAGO MERCANTILE EXCHANGE,3425322,541088,904589,137190,-363501
2011-06-14,S&P 500 STOCK INDEX - CHICAGO MERCANTILE EXCHANGE,387673,33562,64651,12880,-31089
2011-06-14,S&P 500 Consolidated - CHICAGO MERCANTILE EXCHANGE,1072737,85520,189310,96577,-103790
2011-06-21,S&P 500 Consolidated - CHICAGO MERCANTILE EXCHANGE,771574,68814,165447,20575,-96633
2011-06-21,S&P 500 STOCK INDEX - CHICAGO MERCANTILE EXCHANGE,263980,27171,27711,1356,-540
2011-06-21,E-MINI S&P 500 STOCK INDEX - CHICAGO MERCANTILE EXCHANGE,2537969,271504,751970,32807,-480466
2011-06-28,S&P 500 STOCK INDEX - CHICAGO MERCANTILE EXCHANGE,264030,23719,34093,1314,-10374
2011-06-28,S&P 500 Consolidated - CHICAGO MERCANTILE EXCHANGE,767317,70634,162756,25048,-92122
2011-06-28,E-MINI S&P 500 STOCK INDEX - CHICAGO MERCANTILE EXCHANGE,2516434,310949,719685,42300,-408736
2011-07-05,S&P 500 STOCK INDEX - CHICAGO MERCANTILE EXCHANGE,269155,27169,26702,1292,467
2011-07-05,S&P 500 Consolidated - CHICAGO MERCANTILE EXCHANGE,767993,76677,156078,25010,-79401
2011-07-05,E-MINI S&P 500 STOCK INDEX - CHICAGO MERCANTILE EXCHANGE,2494190,329216,728560,36913,-399344
2011-07-12,S&P 500 Consolidated - CHICAGO MERCANTILE EXCHANGE,795442,88998,154758,28652,-65760
2011-07-12,S&P 500 STOCK INDEX - CHICAGO MERCANTILE EXCHANGE,275156,26581,29682,1742,-3101
2011-07-12,E-MINI S&P 500 STOCK INDEX - CHICAGO MERCANTILE EXCHANGE,2601431,401528,714819,45107,-313291
2011-07-19,S&P 500 Consolidated - CHICAGO MERCANTILE EXCHANGE,792364,80779,153187,33546,-72408
2011-07-19,S&P 500 STOCK INDEX - CHICAGO MERCANTILE EXCHANGE,272520,26801,32676,1706,-5875
2011-07-19,E-MINI S&P 500 STOCK INDEX - CHICAGO MERCANTILE EXCHANGE,2599222,382409,715077,46680,-332668
2011-07-26,S&P 500 Consolidated - CHICAGO MERCANTILE EXCHANGE,802406,79675,158374,35876,-78699
2011-07-26,E-MINI S&P 500 STOCK INDEX - CHICAGO MERCANTILE EXCHANGE,2581474,371928,752763,46537,-380835
2011-07-26,S&P 500 STOCK INDEX - CHICAGO MERCANTILE EXCHANGE,286111,30269,32801,1589,-2532
2011-08-02,S&P 500 Consolidated - CHICAGO MERCANTILE EXCHANGE,855617,86773,166673,46002,-79900
2011-08-02,E-MINI S&P 500 STOCK INDEX - CHICAGO MERCANTILE EXCHANGE,2811337,505148,754635,58897,-249487
2011-08-02,S&P 500 STOCK INDEX - CHICAGO MERCANTILE EXCHANGE,293350,18090,48092,1876,-30002
2011-08-09,S&P 500 STOCK INDEX - CHICAGO MERCANTILE EXCHANGE,334651,23923,100203,3600,-76280
2011-08-09,S&P 500 Consolidated - CHICAGO MERCANTILE EXCHANGE,1011909,108337,195677,96975,-87340
2011-08-09,E-MINI S&P 500 STOCK INDEX - CHICAGO MERCANTILE EXCHANGE,3386290,793640,848941,95302,-55301
2011-08-16,E-MINI S&P 500 STOCK INDEX - CHICAGO MERCANTILE EXCHANGE,3229005,713133,995757,69710,-282624
2011-08-16,S&P 500 STOCK INDEX - CHICAGO MERCANTILE EXCHANGE,332182,30353,89598,2569,-59245
2011-08-16,S&P 500 Consolidated - CHICAGO MERCANTILE EXCHANGE,977983,100566,216336,88925,-115770
2011-08-23,S&P 500 Consolidated - CHICAGO MERCANTILE EXCHANGE,1062071,91509,229378,132280,-137869
2011-08-23,S&P 500 STOCK INDEX - CHICAGO MERCANTILE EXCHANGE,374395,41772,132128,2823,-90356
2011-08-23,E-MINI S&P 500 STOCK INDEX - CHICAGO MERCANTILE EXCHANGE,3438382,810037,1047600,85936,-237563
2011-08-30,S&P 500 STOCK INDEX - CHICAGO MERCANTILE EXCHANGE,399825,45954,122549,3181,-76595
2011-08-30,S&P 500 Consolidated - CHICAGO MERCANTILE EXCHANGE,1113795,93187,245970,122658,-152783
2011-08-30,E-MINI S&P 500 STOCK INDEX - CHICAGO MERCANTILE EXCHANGE,3569848,745575,1126519,87973,-380944
2011-09-06,S&P 500 Consolidated - CHICAGO MERCANTILE EXCHANGE,1193021,100804,245081,141324,-144277
2011-09-06,E-MINI S&P 500 STOCK INDEX - CHICAGO MERCANTILE EXCHANGE,3762716,844234,1142001,96625,-297767
2011-09-06,S&P 500 STOCK INDEX - CHICAGO MERCANTILE EXCHANGE,440478,50527,135250,3430,-84723
2011-09-13,S&P 500 STOCK INDEX - CHICAGO MERCANTILE EXCHANGE,504766,74148,151067,22320,-76919
2011-09-13,S&P 500 Consolidated - CHICAGO MERCANTILE EXCHANGE,1322673,121024,248472,178267,-127448
2011-09-13,E-MINI S&P 500 STOCK INDEX - CHICAGO MERCANTILE EXCHANGE,4089537,887102,1139748,127015,-252646
2011-09-20,S&P 500 Consolidated - CHICAGO MERCANTILE EXCHANGE,849368,67888,197372,14169,-129484
2011-09-20,E-MINI S&P 500 STOCK INDEX - CHICAGO MERCANTILE EXCHANGE,2920552,235364,825180,33998,-589816
2011-09-20,S&P 500 STOCK INDEX - CHICAGO MERCANTILE EXCHANGE,265258,27484,39005,701,-11521
2011-09-27,S&P 500 STOCK INDEX - CHICAGO MERCANTILE EXCHANGE,285734,32339,58759,961,-26420
2011-09-27,E-MINI S&P 500 STOCK INDEX - CHICAGO MERCANTILE EXCHANGE,2976793,412363,733219,29379,-320856
2011-09-27,S&P 500 Consolidated - CHICAGO MERCANTILE EXCHANGE,881093,80056,170647,41592,-90591
2011-10-04,E-MINI S&P 500 STOCK INDEX - CHICAGO MERCANTILE EXCHANGE,3143543,451553,761764,54547,-310211
2011-10-04,S&P 500 STOCK INDEX - CHICAGO MERCANTILE EXCHANGE,296855,33117,65716,1060,-32599
2011-10-04,S&P 500 Consolidated - CHICAGO MERCANTILE EXCHANGE,925564,83496,178137,51901,-94641
2011-10-11,S&P 500 Consolidated - CHICAGO MERCANTILE EXCHANGE,886848,76210,174697,46117,-98487
2011-10-11,E-MINI S&P 500 STOCK INDEX - CHICAGO MERCANTILE EXCHANGE,3011932,387311,768062,36317,-380751
2011-10-11,S&P 500 STOCK INDEX - CHICAGO MERCANTILE EXCHANGE,284462,36109,58446,1493,-22337
2011-10-18,S&P 500 Consolidated - CHICAGO MERCANTILE EXCHANGE,892321,74350,178416,45634,-104066
2011-10-18,S&P 500 STOCK INDEX - CHICAGO MERCANTILE EXCHANGE,291559,40103,56947,2366,-16844
2011-10-18,E-MINI S&P 500 STOCK INDEX - CHICAGO MERCANTILE EXCHANGE,3003811,351761,787868,35816,-436107
2011-10-25,S&P 500 Consolidated - CHICAGO MERCANTILE EXCHANGE,896677,77493,174607,56581,-97114
2011-10-25,S&P 500 STOCK INDEX - CHICAGO MERCANTILE EXCHANGE,295815,42793,64349,2704,-21556
2011-10-25,E-MINI S&P 500 STOCK INDEX - CHICAGO MERCANTILE EXCHANGE,3004309,398479,776268,44405,-377789
2011-11-01,E-MINI S&P 500 STOCK INDEX - CHICAGO MERCANTILE EXCHANGE,2848461,452661,715142,42125,-262481
2011-11-01,S&P 500 STOCK INDEX - CHICAGO MERCANTILE EXCHANGE,290124,33536,65204,3240,-31668
2011-11-01,S&P 500 Consolidated - CHICAGO MERCANTILE EXCHANGE,859816,81098,165262,54635,-84164
2011-11-08,S&P 500 Consolidated - CHICAGO MERCANTILE EXCHANGE,874939,76836,168790,58051,-91954
2011-11-08,E-MINI S&P 500 STOCK INDEX - CHICAGO MERCANTILE EXCHANGE,2891815,420161,750957,49841,-330796
2011-11-08,S&P 500 STOCK INDEX - CHICAGO MERCANTILE EXCHANGE,296576,38013,63808,2873,-25795
2011-11-15,S&P 500 STOCK INDEX - CHICAGO MERCANTILE EXCHANGE,305369,37885,67588,3336,-29703
2011-11-15,S&P 500 Consolidated - CHICAGO MERCANTILE EXCHANGE,897885,80136,163809,62948,-83673
2011-11-15,E-MINI S&P 500 STOCK INDEX - CHICAGO MERCANTILE EXCHANGE,2962579,458502,728350,50813,-269848
2011-11-22,S&P 500 STOCK INDEX - CHICAGO MERCANTILE EXCHANGE,294476,29831,65232,3344,-35401
2011-11-22,S&P 500 Consolidated - CHICAGO MERCANTILE EXCHANGE,901580,75673,173413,65516,-97740
2011-11-22,E-MINI S&P 500 STOCK INDEX - CHICAGO MERCANTILE EXCHANGE,3035521,488659,800358,51410,-311699
2011-11-29,S&P 500 Consolidated - CHICAGO MERCANTILE EXCHANGE,902281,74200,175309,66677,-101109
2011-11-29,E-MINI S&P 500 STOCK INDEX - CHICAGO MERCANTILE EXCHANGE,3015865,476417,800246,54940,-323829
2011-11-29,S&P 500 STOCK INDEX - CHICAGO MERCANTILE EXCHANGE,299108,31006,67349,3600,-36343
2011-12-06,S&P 500 STOCK INDEX - CHICAGO MERCANTILE EXCHANGE,323580,41297,67975,3988,-26678
2011-12-06,S&P 500 Consolidated - CHICAGO MERCANTILE EXCHANGE,926993,90972,156434,73460,-65462
2011-12-06,E-MINI S&P 500 STOCK INDEX - CHICAGO MERCANTILE EXCHANGE,3017064,526590,720510,69141,-193920
2011-12-13,E-MINI S&P 500 STOCK INDEX - CHICAGO MERCANTILE EXCHANGE,3406086,559634,748621,176272,-188987
2011-12-13,S&P 500 STOCK INDEX - CHICAGO MERCANTILE EXCHANGE,342167,38826,65181,5639,-26355
2011-12-13,S&P 500 Consolidated - CHICAGO MERCANTILE EXCHANGE,1023384,99693,163845,91953,-64152
2011-12-20,E-MINI S&P 500 STOCK INDEX - CHICAGO MERCANTILE EXCHANGE,2561308,362391,655009,40177,-292618
2011-12-20,S&P 500 STOCK INDEX - CHICAGO MERCANTILE EXCHANGE,233129,25790,21573,1519,4217
2011-12-20,S&P 500 Consolidated - CHICAGO MERCANTILE EXCHANGE,745391,80101,134407,27722,-54306
2011-12-27,S&P 500 Consolidated - CHICAGO MERCANTILE EXCHANGE,764761,77711,135407,38053,-57696
2011-12-27,S&P 500 STOCK INDEX - CHICAGO MERCANTILE EXCHANGE,242649,35865,22943,1489,12922
2011-12-27,E-MINI S&P 500 STOCK INDEX - CHICAGO MERCANTILE EXCHANGE,2610560,352216,705306,39832,-353090
2012-01-03,S&P 500 Consolidated - CHICAGO MERCANTILE EXCHANGE,788830,84966,128283,48286,-43317
2012-01-03,E-MINI S&P 500 STOCK INDEX - CHICAGO MERCANTILE EXCHANGE,2671088,387404,719559,43212,-332155
2012-01-03,S&P 500 STOCK INDEX - CHICAGO MERCANTILE EXCHANGE,254612,45660,22546,1469,23114
2012-01-10,E-MINI S&P 500 STOCK INDEX - CHICAGO MERCANTILE EXCHANGE,2592195,385845,659674,41785,-273829
2012-01-10,S&P 500 STOCK INDEX - CHICAGO MERCANTILE EXCHANGE,237402,20450,21911,1446,-1461
2012-01-10,S&P 500 Consolidated - CHICAGO MERCANTILE EXCHANGE,755841,85247,141474,22175,-56227
2012-01-17,E-MINI S&P 500 STOCK INDEX - CHICAGO MERCANTILE EXCHANGE,2624154,392926,691835,58646,-298909
2012-01-17,S&P 500 STOCK INDEX - CHICAGO MERCANTILE EXCHANGE,241768,22336,22258,1578,78
2012-01-17,S&P 500 Consolidated - CHICAGO MERCANTILE EXCHANGE,766599,86564,146268,27664,-59704
2012-01-24,E-MINI S&P 500 STOCK INDEX - CHICAGO MERCANTILE EXCHANGE,2683566,406258,731534,66982,-325276
2012-01-24,S&P 500 STOCK INDEX - CHICAGO MERCANTILE EXCHANGE,258281,29241,21710,1973,7531
2012-01-24,S&P 500 Consolidated - CHICAGO MERCANTILE EXCHANGE,794994,87093,144618,38769,-57525
2012-01-31,S&P 500 Consolidated - CHICAGO MERCANTILE EXCHANGE,799299,94168,153691,32250,-59523
2012-01-31,S&P 500 STOCK INDEX - CHICAGO MERCANTILE EXCHANGE,253264,18841,24959,1729,-6118
2012-01-31,E-MINI S&P 500 STOCK INDEX - CHICAGO MERCANTILE EXCHANGE,2730177,465283,732309,63955,-267026
2012-02-07,S&P 500 Consolidated - CHICAGO MERCANTILE EXCHANGE,798596,86819,153758,33627,-66939
2012-02-07,S&P 500 STOCK INDEX - CHICAGO MERCANTILE EXCHANGE,253617,17916,26292,2079,-8376
2012-02-07,E-MINI S&P 500 STOCK INDEX - CHICAGO MERCANTILE EXCHANGE,2724897,439585,732396,62673,-292811
2012-02-14,E-MINI S&P 500 STOCK INDEX - CHICAGO MERCANTILE EXCHANGE,2756775,420032,777578,82197,-357546
2012-02-14,S&P 500 STOCK INDEX - CHICAGO MERCANTILE EXCHANGE,244939,18053,24608,1995,-6555
2012-02-14,S&P 500 Consolidated - CHICAGO MERCANTILE EXCHANGE,796294,89195,167259,31299,-78064
2012-02-21,E-MINI S&P 500 STOCK INDEX - CHICAGO MERCANTILE EXCHANGE,2802676,447449,814558,96517,-367109
2012-02-21,S&P 500 STOCK INDEX - CHICAGO MERCANTILE EXCHANGE,247517,20018,28684,2077,-8666
2012-02-21,S&P 500 Consolidated - CHICAGO MERCANTILE EXCHANGE,808052,90622,172710,40266,-82088
2012-02-28,S&P 500 Consolidated - CHICAGO MERCANTILE EXCHANGE,811993,95476,176377,37232,-80901
2012-02-28,S&P 500 STOCK INDEX - CHICAGO MERCANTILE EXCHANGE,246409,21406,27963,2195,-6557
2012-02-28,E-MINI S&P 500 STOCK INDEX - CHICAGO MERCANTILE EXCHANGE,2827921,460665,832386,84868,-371721
2012-03-06,S&P 500 Consolidated - CHICAGO MERCANTILE EXCHANGE,846787,91677,188615,49620,-96938
2012-03-06,S&P 500 STOCK INDEX - CHICAGO MERCANTILE EXCHANGE,252705,21905,36068,3815,-14163
2012-03-06,E-MINI S&P 500 STOCK INDEX - CHICAGO MERCANTILE EXCHANGE,2970409,486821,900694,91064,-413873
2012-03-13,S&P 500 Consolidated - CHICAGO MERCANTILE EXCHANGE,967328,103392,189418,71287,-86026
2012-03-13,S&P 500 STOCK INDEX - CHICAGO MERCANTILE EXCHANGE,303611,22523,28426,20520,-5903
2012-03-13,E-MINI S&P 500 STOCK INDEX - CHICAGO MERCANTILE EXCHANGE,3318585,524465,925081,133716,-400616
2012-03-20,E-MINI S&P 500 STOCK INDEX - CHICAGO MERCANTILE EXCHANGE,2694315,381653,768533,52355,-386880
2012-03-20,S&P 500 STOCK INDEX - CHICAGO MERCANTILE EXCHANGE,222267,12802,27858,1290,-15056
2012-03-20,S&P 500 Consolidated - CHICAGO MERCANTILE EXCHANGE,761130,84966,177398,15928,-92432
2012-03-27,S&P 500 STOCK INDEX - CHICAGO MERCANTILE EXCHANGE,226179,15451,31256,1368,-15805
2012-03-27,S&P 500 Consolidated - CHICAGO MERCANTILE EXCHANGE,772728,83607,181354,18014,-97747
2012-03-27,E-MINI S&P 500 STOCK INDEX - CHICAGO MERCANTILE EXCHANGE,2732746,373935,783647,50076,-409712
2012-04-03,S&P 500 STOCK INDEX - CHICAGO MERCANTILE EXCHANGE,225382,15139,31831,938,-16692
2012-04-03,S&P 500 Consolidated - CHICAGO MERCANTILE EXCHANGE,776067,92376,174273,20602,-81897
2012-04-03,E-MINI S&P 500 STOCK INDEX - CHICAGO MERCANTILE EXCHANGE,2753427,424611,750632,59896,-326021
2012-04-10,S&P 500 STOCK INDEX - CHICAGO MERCANTILE EXCHANGE,235498,15753,39870,1054,-24117
2012-04-10,S&P 500 Consolidated - CHICAGO MERCANTILE EXCHANGE,790586,84439,180624,29766,-96185
2012-04-10,E-MINI S&P 500 STOCK INDEX - CHICAGO MERCANTILE EXCHANGE,2775438,428693,789031,58297,-360338
2012-04-17,S&P 500 Consolidated - CHICAGO MERCANTILE EXCHANGE,796135,92328,178866,27659,-86538
2012-04-17,S&P 500 STOCK INDEX - CHICAGO MERCANTILE EXCHANGE,235260,19134,35518,1376,-16384
2012-04-17,E-MINI S&P 500 STOCK INDEX - CHICAGO MERCANTILE EXCHANGE,2804377,435869,786641,61513,-350772
2012-04-24,S&P 500 Consolidated - CHICAGO MERCANTILE EXCHANGE,805068,83360,174887,39372,-91527
2012-04-24,E-MINI S&P 500 STOCK INDEX - CHICAGO MERCANTILE EXCHANGE,2819711,443242,789602,61344,-346360
2012-04-24,S&P 500 STOCK INDEX - CHICAGO MERCANTILE EXCHANGE,241126,19466,41721,2349,-22255
2012-05-01,S&P 500 Consolidated - CHICAGO MERCANTILE EXCHANGE,816564,102161,177123,38492,-74962
2012-05-01,E-MINI S&P 500 STOCK INDEX - CHICAGO MERCANTILE EXCHANGE,2858768,503658,818518,69465,-314860
2012-05-01,S&P 500 STOCK INDEX - CHICAGO MERCANTILE EXCHANGE,244810,23352,35342,2677,-11990
2012-05-08,S&P 500 STOCK INDEX - CHICAGO MERCANTILE EXCHANGE,249212,21914,44815,2744,-22901
2012-05-08,S&P 500 Consolidated - CHICAGO MERCANTILE EXCHANGE,822718,85931,191008,45552,-105077
2012-05-08,E-MINI S&P 500 STOCK INDEX - CHICAGO MERCANTILE EXCHANGE,2867529,467894,878774,66233,-410880
2012-05-15,S&P 500 Consolidated - CHICAGO MERCANTILE EXCHANGE,851882,92848,189673,56559,-96825
2012-05-15,S&P 500 STOCK INDEX - CHICAGO MERCANTILE EXCHANGE,258319,25716,51953,2981,-26237
2012-05-15,E-MINI S&P 500 STOCK INDEX - CHICAGO MERCANTILE EXCHANGE,2967815,516223,869160,87330,-352937
2012-05-22,E-MINI S&P 500 STOCK INDEX - CHICAGO MERCANTILE EXCHANGE,3000650,472946,946498,74613,-473552
2012-05-22,S&P 500 STOCK INDEX - CHICAGO MERCANTILE EXCHANGE,273358,30035,55563,2909,-25528
2012-05-22,S&P 500 Consolidated - CHICAGO MERCANTILE EXCHANGE,873488,78011,198249,64445,-120238
2012-05-29,S&P 500 STOCK INDEX - CHICAGO MERCANTILE EXCHANGE,273113,29205,54139,2909,-24934
2012-05-29,E-MINI S&P 500 STOCK INDEX - CHICAGO MERCANTILE EXCHANGE,3040378,482005,968622,77543,-486617
2012-05-29,S&P 500 Consolidated - CHICAGO MERCANTILE EXCHANGE,881189,81316,203574,62707,-122258
2012-06-05,S&P 500 STOCK INDEX - CHICAGO MERCANTILE EXCHANGE,300032,31148,57862,3281,-26714
2012-06-05,E-MINI S&P 500 STOCK INDEX - CHICAGO MERCANTILE EXCHANGE,3166379,486819,942245,111486,-455426
2012-06-05,S&P 500 Consolidated - CHICAGO MERCANTILE EXCHANGE,933308,84497,202297,69593,-117800
2012-06-12,S&P 500 STOCK INDEX - CHICAGO MERCANTILE EXCHANGE,332202,34046,57484,9798,-23438
2012-06-12,E-MINI S&P 500 STOCK INDEX - CHICAGO MERCANTILE EXCHANGE,3420267,459156,1004581,135312,-545425
2012-06-12,S&P 500 Consolidated - CHICAGO MERCANTILE EXCHANGE,1016255,80804,213327,81933,-132523
2012-06-19,E-MINI S&P 500 STOCK INDEX - CHICAGO MERCANTILE EXCHANGE,2590421,290820,781426,37332,-490606
2012-06-19,S&P 500 Consolidated - CHICAGO MERCANTILE EXCHANGE,740602,65277,180663,12766,-115386
2012-06-19,S&P 500 STOCK INDEX - CHICAGO MERCANTILE EXCHANGE,222518,11129,28393,1284,-17264
2012-06-26,E-MINI S&P 500 STOCK INDEX - CHICAGO MERCANTILE EXCHANGE,2741979,358283,818852,38057,-460569
2012-06-26,S&P 500 Consolidated - CHICAGO MERCANTILE EXCHANGE,774074,74950,185575,17841,-110625
2012-06-26,S&P 500 STOCK INDEX - CHICAGO MERCANTILE EXCHANGE,225678,12299,30810,1224,-18511
2012-07-03,E-MINI S&P 500 STOCK INDEX - CHICAGO MERCANTILE EXCHANGE,2730453,364797,784427,51609,-419630
2012-07-03,S&P 500 STOCK INDEX - CHICAGO MERCANTILE EXCHANGE,227230,14501,30449,1057,-15948
2012-07-03,S&P 500 Consolidated - CHICAGO MERCANTILE EXCHANGE,773321,76684,176558,22155,-99874
2012-07-10,S&P 500 Consolidated - CHICAGO MERCANTILE EXCHANGE,794026,71292,194078,30586,-122786
2012-07-10,E-MINI S&P 500 STOCK INDEX - CHICAGO MERCANTILE EXCHANGE,2795931,374069,874279,55228,-500210
2012-07-10,S&P 500 STOCK INDEX - CHICAGO MERCANTILE EXCHANGE,234840,14828,37572,1190,-22744
2012-07-17,E-MINI S&P 500 STOCK INDEX - CHICAGO MERCANTILE EXCHANGE,2808514,354195,861700,57183,-507505
2012-07-17,S&P 500 Consolidated - CHICAGO MERCANTILE EXCHANGE,801482,68919,194064,30595,-125145
2012-07-17,S&P 500 STOCK INDEX - CHICAGO MERCANTILE EXCHANGE,239779,15619,39263,1619,-23644
2012-07-24,S&P 500 STOCK INDEX - CHICAGO MERCANTILE EXCHANGE,245444,16806,50335,1435,-33529
2012-07-24,E-MINI S&P 500 STOCK INDEX - CHICAGO MERCANTILE EXCHANGE,2860141,375685,887639,61901,-511954
2012-07-24,S&P 500 Consolidated - CHICAGO MERCANTILE EXCHANGE,817472,59558,195478,46200,-135920
2012-07-31,S&P 500 STOCK INDEX - CHICAGO MERCANTILE EXCHANGE,230496,14526,40081,1631,-25555
2012-07-31,S&P 500 Consolidated - CHICAGO MERCANTILE EXCHANGE,781796,78580,190087,29711,-111507
2012-07-31,E-MINI S&P 500 STOCK INDEX - CHICAGO MERCANTILE EXCHANGE,2756499,407933,837690,52737,-429757
2012-08-07,E-MINI S&P 500 STOCK INDEX - CHICAGO MERCANTILE EXCHANGE,2831826,418858,862982,65568,-444124
2012-08-07,S&P 500 Consolidated - CHICAGO MERCANTILE EXCHANGE,802712,84556,193191,31835,-108635
2012-08-07,S&P 500 STOCK INDEX - CHICAGO MERCANTILE EXCHANGE,236347,17325,37136,2180,-19811
2012-08-14,E-MINI S&P 500 STOCK INDEX - CHICAGO MERCANTILE EXCHANGE,2922565,427991,952778,71356,-524787
2012-08-14,S&P 500 Consolidated - CHICAGO MERCANTILE EXCHANGE,820949,84025,213695,33196,-129670
2012-08-14,S&P 500 STOCK INDEX - CHICAGO MERCANTILE EXCHANGE,236436,14948,39661,2403,-24713
2012-08-21,S&P 500 Consolidated - CHICAGO MERCANTILE EXCHANGE,834977,83996,219374,36696,-135378
2012-08-21,E-MINI S&P 500 STOCK INDEX - CHICAGO MERCANTILE EXCHANGE,2998239,457071,979268,82165,-522197
2012-08-21,S&P 500 STOCK INDEX - CHICAGO MERCANTILE EXCHANGE,235329,10412,41350,2433,-30938
2012-08-28,E-MINI S&P 500 STOCK INDEX - CHICAGO MERCANTILE EXCHANGE,3056383,487525,1031297,78471,-543772
2012-08-28,S&P 500 STOCK INDEX - CHICAGO MERCANTILE EXCHANGE,237263,10020,35525,2598,-25505
2012-08-28,S&P 500 Consolidated - CHICAGO MERCANTILE EXCHANGE,848540,91495,225754,34322,-134259
2012-09-04,E-MINI S&P 500 STOCK INDEX - CHICAGO MERCANTILE EXCHANGE,3099775,497607,1057857,83920,-560250
2012-09-04,S&P 500 STOCK INDEX - CHICAGO MERCANTILE EXCHANGE,241669,10994,43212,2302,-32218
2012-09-04,S&P 500 Consolidated - CHICAGO MERCANTILE EXCHANGE,861624,86395,230663,43206,-144268
2012-09-11,E-MINI S&P 500 STOCK INDEX - CHICAGO MERCANTILE EXCHANGE,3193602,526652,1068282,90163,-541630
2012-09-11,S&P 500 Consolidated - CHICAGO MERCANTILE EXCHANGE,871458,97927,229323,41603,-131396
2012-09-11,S&P 500 STOCK INDEX - CHICAGO MERCANTILE EXCHANGE,232738,13272,36342,2895,-23070
2012-09-18,E-MINI S&P 500 STOCK INDEX - CHICAGO MERCANTILE EXCHANGE,3584406,546870,1029082,142949,-482212
2012-09-18,S&P 500 Consolidated - CHICAGO MERCANTILE EXCHANGE,976025,106346,218300,60947,-111954
2012-09-18,S&P 500 STOCK INDEX - CHICAGO MERCANTILE EXCHANGE,259144,20121,35632,9208,-15511
2012-09-25,E-MINI S&P 500 STOCK INDEX - CHICAGO MERCANTILE EXCHANGE,2831321,482240,775094,60564,-292854
2012-09-25,S&P 500 Consolidated - CHICAGO MERCANTILE EXCHANGE,754465,95781,172439,20668,-76658
2012-09-25,S&P 500 STOCK INDEX - CHICAGO MERCANTILE EXCHANGE,188201,6860,24948,1028,-18088
2012-10-02,S&P 500 Consolidated - CHICAGO MERCANTILE EXCHANGE,777618,103191,186699,21771,-83508
2012-10-02,S&P 500 STOCK INDEX - CHICAGO MERCANTILE EXCHANGE,192396,8884,30511,1055,-21627
2012-10-02,E-MINI S&P 500 STOCK INDEX - CHICAGO MERCANTILE EXCHANGE,2926111,524238,833643,50877,-309405
2012-10-09,S&P 500 Consolidated - CHICAGO MERCANTILE EXCHANGE,775286,102058,185393,17771,-83335
2012-10-09,E-MINI S&P 500 STOCK INDEX - CHICAGO MERCANTILE EXCHANGE,2902097,503585,831364,39517,-327779
2012-10-09,S&P 500 STOCK INDEX - CHICAGO MERCANTILE EXCHANGE,194867,10334,28114,874,-17780
2012-10-16,S&P 500 STOCK INDEX - CHICAGO MERCANTILE EXCHANGE,198942,12454,23668,697,-11214
2012-10-16,E-MINI S&P 500 STOCK INDEX - CHICAGO MERCANTILE EXCHANGE,2927011,517739,804904,54773,-287165
2012-10-16,S&P 500 Consolidated - CHICAGO MERCANTILE EXCHANGE,784344,108623,177270,19031,-68647
2012-10-23,E-MINI S&P 500 STOCK INDEX - CHICAGO MERCANTILE EXCHANGE,2989251,523771,837029,56123,-313258
2012-10-23,S&P 500 Consolidated - CHICAGO MERCANTILE EXCHANGE,805026,104514,183579,26547,-79065
2012-10-23,S&P 500 STOCK INDEX - CHICAGO MERCANTILE EXCHANGE,207176,14484,30898,598,-16414
2012-10-30,S&P 500 STOCK INDEX - CHICAGO MERCANTILE EXCHANGE,205849,13879,24557,611,-10678
2012-10-30,S&P 500 Consolidated - CHICAGO MERCANTILE EXCHANGE,809024,105925,180471,22140,-74546
2012-10-30,E-MINI S&P 500 STOCK INDEX - CHICAGO MERCANTILE EXCHANGE,3015873,519749,839086,48126,-319337
2012-11-06,S&P 500 Consolidated - CHICAGO MERCANTILE EXCHANGE,807567,110045,178964,25239,-68919
2012-11-06,E-MINI S&P 500 STOCK INDEX - CHICAGO MERCANTILE EXCHANGE,2996323,543981,818013,64197,-274032
2012-11-06,S&P 500 STOCK INDEX - CHICAGO MERCANTILE EXCHANGE,208302,13005,27118,643,-14113
2012-11-13,S&P 500 Consolidated - CHICAGO MERCANTILE EXCHANGE,828091,121486,181209,39356,-59723
2012-11-13,S&P 500 STOCK INDEX - CHICAGO MERCANTILE EXCHANGE,212911,13580,37599,1267,-24019
2012-11-13,E-MINI S&P 500 STOCK INDEX - CHICAGO MERCANTILE EXCHANGE,3075902,646478,824998,83495,-178520
2012-11-20,S&P 500 STOCK INDEX - CHICAGO MERCANTILE EXCHANGE,227967,20620,39150,608,-18530
2012-11-20,S&P 500 Consolidated - CHICAGO MERCANTILE EXCHANGE,852640,110296,185219,45624,-74923
2012-11-20,E-MINI S&P 500 STOCK INDEX - CHICAGO MERCANTILE EXCHANGE,3123365,587954,869919,85502,-281965
2012-11-27,S&P 500 Consolidated - CHICAGO MERCANTILE EXCHANGE,847506,111642,188937,41174,-77295
2012-11-27,S&P 500 STOCK INDEX - CHICAGO MERCANTILE EXCHANGE,224065,17636,38357,491,-20721
2012-11-27,E-MINI S&P 500 STOCK INDEX - CHICAGO MERCANTILE EXCHANGE,3117207,594281,877149,79164,-282868
2012-12-04,S&P 500 STOCK INDEX - CHICAGO MERCANTILE EXCHANGE,220584,16899,39910,539,-23011
2012-12-04,E-MINI S&P 500 STOCK INDEX - CHICAGO MERCANTILE EXCHANGE,3156565,622879,835126,77286,-212247
2012-12-04,S&P 500 Consolidated - CHICAGO MERCANTILE EXCHANGE,851897,113338,178799,44133,-65461
2012-12-11,E-MINI S&P 500 STOCK INDEX - CHICAGO MERCANTILE EXCHANGE,3226043,672382,812334,84883,-139952
2012-12-11,S&P 500 STOCK INDEX - CHICAGO MERCANTILE EXCHANGE,221731,25104,37566,380,-12462
2012-12-11,S&P 500 Consolidated - CHICAGO MERCANTILE EXCHANGE,866940,126504,166956,50433,-40452
2012-12-18,S&P 500 Consolidated - CHICAGO MERCANTILE EXCHANGE,923950,129047,166990,70878,-37943
2012-12-18,E-MINI S&P 500 STOCK INDEX - CHICAGO MERCANTILE EXCHANGE,3395668,679871,814632,167280,-134761
2012-12-18,S&P 500 STOCK INDEX - CHICAGO MERCANTILE EXCHANGE,244816,28087,39078,2407,-10991
2012-12-24,E-MINI S&P 500 STOCK INDEX - CHICAGO MERCANTILE EXCHANGE,2763921,408411,753720,52237,-345309
2012-12-24,S&P 500 STOCK INDEX - CHICAGO MERCANTILE EXCHANGE,176106,8840,7367,337,1473
2012-12-24,S&P 500 Consolidated - CHICAGO MERCANTILE EXCHANGE,728890,87340,154929,13966,-67589
2012-12-31,S&P 500 Consolidated - CHICAGO MERCANTILE EXCHANGE,739159,93171,153700,16738,-60529
2012-12-31,S&P 500 STOCK INDEX - CHICAGO MERCANTILE EXCHANGE,186152,10579,9854,325,725
2012-12-31,E-MINI S&P 500 STOCK INDEX - CHICAGO MERCANTILE EXCHANGE,2765033,442417,748685,52612,-306268
2013-01-08,E-MINI S&P 500 STOCK INDEX - CHICAGO MERCANTILE EXCHANGE,2799680,437863,795634,53263,-357771
2013-01-08,S&P 500 Consolidated - CHICAGO MERCANTILE EXCHANGE,751437,82851,165725,25125,-82874
2013-01-08,S&P 500 STOCK INDEX - CHICAGO MERCANTILE EXCHANGE,191501,9379,20699,372,-11320
2013-01-15,S&P 500 STOCK INDEX - CHICAGO MERCANTILE EXCHANGE,186117,11339,19364,456,-8025
2013-01-15,E-MINI S&P 500 STOCK INDEX - CHICAGO MERCANTILE EXCHANGE,2843412,431714,844804,59830,-413090
2013-01-15,S&P 500 Consolidated - CHICAGO MERCANTILE EXCHANGE,754799,85914,176557,24190,-90643
2013-01-22,S&P 500 Consolidated - CHICAGO MERCANTILE EXCHANGE,788046,85490,189091,39070,-103601
2013-01-22,E-MINI S&P 500 STOCK INDEX - CHICAGO MERCANTILE EXCHANGE,2946116,488404,910013,68171,-421609
2013-01-22,S&P 500 STOCK INDEX - CHICAGO MERCANTILE EXCHANGE,198823,12409,31688,836,-19279
2013-01-29,S&P 500 STOCK INDEX - CHICAGO MERCANTILE EXCHANGE,207160,13231,22048,942,-8817
2013-01-29,S&P 500 Consolidated - CHICAGO MERCANTILE EXCHANGE,805010,90249,190385,27906,-100136
2013-01-29,E-MINI S&P 500 STOCK INDEX - CHICAGO MERCANTILE EXCHANGE,2989252,454759,911351,65150,-456592
2013-02-05,E-MINI S&P 500 STOCK INDEX - CHICAGO MERCANTILE EXCHANGE,3001463,470803,878170,74112,-407367
2013-02-05,S&P 500 STOCK INDEX - CHICAGO MERCANTILE EXCHANGE,207632,12880,28387,893,-15507
2013-02-05,S&P 500 Consolidated - CHICAGO MERCANTILE EXCHANGE,807925,88332,185313,34424,-96981
2013-02-12,E-MINI S&P 500 STOCK INDEX - CHICAGO MERCANTILE EXCHANGE,3087242,473602,906002,68986,-432400
2013-02-12,S&P 500 Consolidated - CHICAGO MERCANTILE EXCHANGE,830577,85280,190193,36679,-104913
2013-02-12,S&P 500 STOCK INDEX - CHICAGO MERCANTILE EXCHANGE,213129,12404,30837,1037,-18433
2013-02-19,E-MINI S&P 500 STOCK INDEX - CHICAGO MERCANTILE EXCHANGE,3147268,538702,924354,82239,-385652
2013-02-19,S&P 500 STOCK INDEX - CHICAGO MERCANTILE EXCHANGE,227085,16112,36856,917,-20744
2013-02-19,S&P 500 Consolidated - CHICAGO MERCANTILE EXCHANGE,856539,101427,199301,39790,-97874
2013-02-26,S&P 500 STOCK INDEX - CHICAGO MERCANTILE EXCHANGE,227911,16594,37382,1380,-20788
2013-02-26,S&P 500 Consolidated - CHICAGO MERCANTILE EXCHANGE,875260,99243,196726,45010,-97483
2013-02-26,E-MINI S&P 500 STOCK INDEX - CHICAGO MERCANTILE EXCHANGE,3236746,529422,912897,101970,-383475
2013-03-05,S&P 500 Consolidated - CHICAGO MERCANTILE EXCHANGE,892367,120526,198974,42645,-78448
2013-03-05,E-MINI S&P 500 STOCK INDEX - CHICAGO MERCANTILE EXCHANGE,3275893,612160,916791,116506,-304631
2013-03-05,S&P 500 STOCK INDEX - CHICAGO MERCANTILE EXCHANGE,237188,15363,32885,2075,-17522
2013-03-12,S&P 500 Consolidated - CHICAGO MERCANTILE EXCHANGE,1017100,126084,206121,58639,-80037
2013-03-12,S&P 500 STOCK INDEX - CHICAGO MERCANTILE EXCHANGE,257778,18797,33132,2957,-14335
2013-03-12,E-MINI S&P 500 STOCK INDEX - CHICAGO MERCANTILE EXCHANGE,3796609,631205,959715,183638,-328510
2013-03-19,S&P 500 STOCK INDEX - CHICAGO MERCANTILE EXCHANGE,155000,9839,13532,660,-3693
2013-03-19,E-MINI S&P 500 STOCK INDEX - CHICAGO MERCANTILE EXCHANGE,2845013,506631,828143,70152,-321512
2013-03-19,S&P 500 Consolidated - CHICAGO MERCANTILE EXCHANGE,724003,106324,174319,19532,-67995
2013-03-26,E-MINI S&P 500 STOCK INDEX - CHICAGO MERCANTILE EXCHANGE,2929558,503432,871979,59232,-368547
2013-03-26,S&P 500 STOCK INDEX - CHICAGO MERCANTILE EXCHANGE,159612,10435,13229,384,-2794
2013-03-26,S&P 500 Consolidated - CHICAGO MERCANTILE EXCHANGE,745524,108150,184654,15202,-76504
2013-04-02,S&P 500 STOCK INDEX - CHICAGO MERCANTILE EXCHANGE,161667,11806,15446,494,-3640
2013-04-02,S&P 500 Consolidated - CHICAGO MERCANTILE EXCHANGE,763804,108734,190654,21383,-81920
2013-04-02,E-MINI S&P 500 STOCK INDEX - CHICAGO MERCANTILE EXCHANGE,3010683,510897,902297,78190,-391400
2013-04-09,E-MINI S&P 500 STOCK INDEX - CHICAGO MERCANTILE EXCHANGE,3041311,542489,873625,73753,-331136
2013-04-09,S&P 500 Consolidated - CHICAGO MERCANTILE EXCHANGE,775766,118070,181527,19366,-63457
2013-04-09,S&P 500 STOCK INDEX - CHICAGO MERCANTILE EXCHANGE,167504,13466,10696,722,2770
2013-04-16,S&P 500 STOCK INDEX - CHICAGO MERCANTILE EXCHANGE,165625,11312,15136,762,-3824
2013-04-16,S&P 500 Consolidated - CHICAGO MERCANTILE EXCHANGE,772200,116275,185851,23657,-69576
2013-04-16,E-MINI S&P 500 STOCK INDEX - CHICAGO MERCANTILE EXCHANGE,3032875,553239,882002,86050,-328763
2013-04-23,E-MINI S&P 500 STOCK INDEX - CHICAGO MERCANTILE EXCHANGE,3028179,541964,881170,94654,-339206
2013-04-23,S&P 500 Consolidated - CHICAGO MERCANTILE EXCHANGE,782302,111083,179058,33693,-67975
2013-04-23,S&P 500 STOCK INDEX - CHICAGO MERCANTILE EXCHANGE,176666,16518,16652,934,-134
2013-04-30,S&P 500 STOCK INDEX - CHICAGO MERCANTILE EXCHANGE,173796,14022,16889,806,-2867
2013-04-30,E-MINI S&P 500 STOCK INDEX - CHICAGO MERCANTILE EXCHANGE,3087728,619861,892055,97393,-272194
2013-04-30,S&P 500 Consolidated - CHICAGO MERCANTILE EXCHANGE,791342,125606,182912,32673,-57306
2013-05-07,S&P 500 STOCK INDEX - CHICAGO MERCANTILE EXCHANGE,178306,13087,15943,728,-2856
2013-05-07,E-MINI S&P 500 STOCK INDEX - CHICAGO MERCANTILE EXCHANGE,3189841,634830,952278,94498,-317448
2013-05-07,S&P 500 Consolidated - CHICAGO MERCANTILE EXCHANGE,816274,129585,195931,30095,-66346
2013-05-14,S&P 500 Consolidated - CHICAGO MERCANTILE EXCHANGE,846248,129442,207612,38120,-78170
2013-05-14,S&P 500 STOCK INDEX - CHICAGO MERCANTILE EXCHANGE,188695,15462,17280,1591,-1818
2013-05-14,E-MINI S&P 500 STOCK INDEX - CHICAGO MERCANTILE EXCHANGE,3287763,628229,1009990,124315,-381761
2013-05-21,S&P 500 Consolidated - CHICAGO MERCANTILE EXCHANGE,860454,117016,205936,43063,-88920
2013-05-21,S&P 500 STOCK INDEX - CHICAGO MERCANTILE EXCHANGE,192433,16320,18439,1950,-2119
2013-05-21,E-MINI S&P 500 STOCK INDEX - CHICAGO MERCANTILE EXCHANGE,3340104,556447,990454,152597,-434007
2013-05-28,S&P 500 STOCK INDEX - CHICAGO MERCANTILE EXCHANGE,199578,15133,21275,2320,-6142
2013-05-28,S&P 500 Consolidated - CHICAGO MERCANTILE EXCHANGE,876502,113073,211033,47767,-97960
2013-05-28,E-MINI S&P 500 STOCK INDEX - CHICAGO MERCANTILE EXCHANGE,3384621,542299,1001385,174638,-459086
2013-06-04,S&P 500 Consolidated - CHICAGO MERCANTILE EXCHANGE,867486,106729,202052,55896,-95323
2013-06-04,S&P 500 STOCK INDEX - CHICAGO MERCANTILE EXCHANGE,205916,14836,27354,2444,-12518
2013-06-04,E-MINI S&P 500 STOCK INDEX - CHICAGO MERCANTILE EXCHANGE,3307852,552181,966205,174544,-414024
2013-06-11,S&P 500 STOCK INDEX - CHICAGO MERCANTILE EXCHANGE,215121,13377,25411,2168,-12034
2013-06-11,E-MINI S&P 500 STOCK INDEX - CHICAGO MERCANTILE EXCHANGE,3397407,518301,920976,177950,-402675
2013-06-11,S&P 500 Consolidated - CHICAGO MERCANTILE EXCHANGE,894602,102528,195097,52267,-92569
2013-06-18,E-MINI S&P 500 STOCK INDEX - CHICAGO MERCANTILE EXCHANGE,3746507,496613,974240,235807,-477627
2013-06-18,S&P 500 STOCK INDEX - CHICAGO MERCANTILE EXCHANGE,242088,21032,14739,2738,6293
2013-06-18,S&P 500 Consolidated - CHICAGO MERCANTILE EXCHANGE,991389,109315,198548,60939,-89233
2013-06-25,S&P 500 Consolidated - CHICAGO MERCANTILE EXCHANGE,703009,100211,143027,17723,-42816
2013-06-25,S&P 500 STOCK INDEX - CHICAGO MERCANTILE EXCHANGE,157168,13172,8209,529,4963
2013-06-25,E-MINI S&P 500 STOCK INDEX - CHICAGO MERCANTILE EXCHANGE,2729204,452291,691189,68874,-238898
2013-07-02,E-MINI S&P 500 STOCK INDEX - CHICAGO MERCANTILE EXCHANGE,2707222,493046,729018,78205,-235972
2013-07-02,S&P 500 STOCK INDEX - CHICAGO MERCANTILE EXCHANGE,162285,10758,14276,521,-3518
2013-07-02,S&P 500 Consolidated - CHICAGO MERCANTILE EXCHANGE,703729,98887,149599,26643,-50712
2013-07-09,S&P 500 Consolidated - CHICAGO MERCANTILE EXCHANGE,705746,96293,155687,24818,-59394
2013-07-09,E-MINI S&P 500 STOCK INDEX - CHICAGO MERCANTILE EXCHANGE,2723676,482750,773317,69256,-290567
2013-07-09,S&P 500 STOCK INDEX - CHICAGO MERCANTILE EXCHANGE,161011,10299,11579,411,-1280
2013-07-16,S&P 500 Consolidated - CHICAGO MERCANTILE EXCHANGE,716164,99339,165397,25920,-66058
2013-07-16,S&P 500 STOCK INDEX - CHICAGO MERCANTILE EXCHANGE,159348,10745,14444,617,-3699
2013-07-16,E-MINI S&P 500 STOCK INDEX - CHICAGO MERCANTILE EXCHANGE,2784081,496752,808545,72734,-311793
2013-07-23,S&P 500 STOCK INDEX - CHICAGO MERCANTILE EXCHANGE,164617,12029,18679,466,-6650
2013-07-23,E-MINI S&P 500 STOCK INDEX - CHICAGO MERCANTILE EXCHANGE,2813229,500058,825097,73710,-325039
2013-07-23,S&P 500 Consolidated - CHICAGO MERCANTILE EXCHANGE,727263,102405,174063,24843,-71658
2013-07-30,E-MINI S&P 500 STOCK INDEX - CHICAGO MERCANTILE EXCHANGE,2840740,523448,816102,73616,-292654
2013-07-30,S&P 500 Consolidated - CHICAGO MERCANTILE EXCHANGE,730838,106551,173357,24078,-66806
2013-07-30,S&P 500 STOCK INDEX - CHICAGO MERCANTILE EXCHANGE,162690,10754,19029,462,-8275
2013-08-06,S&P 500 STOCK INDEX - CHICAGO MERCANTILE EXCHANGE,163175,10742,21835,516,-11093
2013-08-06,E-MINI S&P 500 STOCK INDEX - CHICAGO MERCANTILE EXCHANGE,2844836,480094,806961,95337,-326867
2013-08-06,S&P 500 Consolidated - CHICAGO MERCANTILE EXCHANGE,732142,95236,171702,31108,-76466
2013-08-13,S&P 500 Consolidated - CHICAGO MERCANTILE EXCHANGE,738273,95409,175715,33999,-80306
2013-08-13,S&P 500 STOCK INDEX - CHICAGO MERCANTILE EXCHANGE,162988,10113,23021,679,-12908
2013-08-13,E-MINI S&P 500 STOCK INDEX - CHICAGO MERCANTILE EXCHANGE,2876427,481953,818942,111125,-336989
2013-08-20,S&P 500 Consolidated - CHICAGO MERCANTILE EXCHANGE,754996,92840,165099,43626,-72259
2013-08-20,S&P 500 STOCK INDEX - CHICAGO MERCANTILE EXCHANGE,169064,10636,22687,1383,-12051
2013-08-20,E-MINI S&P 500 STOCK INDEX - CHICAGO MERCANTILE EXCHANGE,2929661,493736,794775,128500,-301039
2013-08-27,S&P 500 Consolidated - CHICAGO MERCANTILE EXCHANGE,780789,88339,168434,58327,-80095
2013-08-27,E-MINI S&P 500 STOCK INDEX - CHICAGO MERCANTILE EXCHANGE,2996973,535998,833694,120031,-297696
2013-08-27,S&P 500 STOCK INDEX - CHICAGO MERCANTILE EXCHANGE,181394,14266,34822,1194,-20556
2013-09-03,E-MINI S&P 500 STOCK INDEX - CHICAGO MERCANTILE EXCHANGE,2986537,561164,874630,102046,-313466
2013-09-03,S&P 500 Consolidated - CHICAGO MERCANTILE EXCHANGE,789961,91986,176686,57151,-84700
2013-09-03,S&P 500 STOCK INDEX - CHICAGO MERCANTILE EXCHANGE,192654,15289,37296,1206,-22007
2013-09-10,S&P 500 Consolidated - CHICAGO MERCANTILE EXCHANGE,810027,92372,182138,54749,-89766
2013-09-10,S&P 500 STOCK INDEX - CHICAGO MERCANTILE EXCHANGE,201056,15270,36275,1390,-21005
2013-09-10,E-MINI S&P 500 STOCK INDEX - CHICAGO MERCANTILE EXCHANGE,3044856,552131,895934,100176,-343803
2013-09-17,S&P 500 STOCK INDEX - CHICAGO MERCANTILE EXCHANGE,250157,23484,37714,1931,-14230
2013-09-17,S&P 500 Consolidated - CHICAGO MERCANTILE EXCHANGE,917682,103239,177690,76225,-74451
2013-09-17,E-MINI S&P 500 STOCK INDEX - CHICAGO MERCANTILE EXCHANGE,3337625,588831,889937,181414,-301106
2013-09-24,E-MINI S&P 500 STOCK INDEX - CHICAGO MERCANTILE EXCHANGE,2624099,430914,717646,85141,-286732
2013-09-24,S&P 500 STOCK INDEX - CHICAGO MERCANTILE EXCHANGE,150754,9576,4676,790,4900
2013-09-24,S&P 500 Consolidated - CHICAGO MERCANTILE EXCHANGE,675574,94248,146695,19329,-52447
2013-10-01,E-MINI S&P 500 STOCK INDEX - CHICAGO MERCANTILE EXCHANGE,2623895,450746,699597,86936,-248851
2013-10-01,S&P 500 Consolidated - CHICAGO MERCANTILE EXCHANGE,677685,93291,143393,26641,-50102
2013-10-01,S&P 500 STOCK INDEX - CHICAGO MERCANTILE EXCHANGE,152906,11638,11970,757,-332
2013-10-08,S&P 500 STOCK INDEX - CHICAGO MERCANTILE EXCHANGE,155413,11233,17975,810,-6742
2013-10-08,S&P 500 Consolidated - CHICAGO MERCANTILE EXCHANGE,701923,99685,146020,34321,-46335
2013-10-08,E-MINI S&P 500 STOCK INDEX - CHICAGO MERCANTILE EXCHANGE,2732549,510663,708625,99154,-197962
2013-10-15,S&P 500 Consolidated - CHICAGO MERCANTILE EXCHANGE,695078,105935,146007,28483,-40072
2013-10-15,E-MINI S&P 500 STOCK INDEX - CHICAGO MERCANTILE EXCHANGE,2690273,530394,714083,78392,-183689
2013-10-15,S&P 500 STOCK INDEX - CHICAGO MERCANTILE EXCHANGE,157023,11841,15175,820,-3334
2013-10-22,S&P 500 STOCK INDEX - CHICAGO MERCANTILE EXCHANGE,161973,12394,22051,672,-9657
2013-10-22,E-MINI S&P 500 STOCK INDEX - CHICAGO MERCANTILE EXCHANGE,2732821,563340,717566,77837,-154226
2013-10-22,S&P 500 Consolidated - CHICAGO MERCANTILE EXCHANGE,708537,107411,147913,33891,-40502
2013-10-29,S&P 500 STOCK INDEX - CHICAGO MERCANTILE EXCHANGE,166790,15013,22695,697,-7682
2013-10-29,E-MINI S&P 500 STOCK INDEX - CHICAGO MERCANTILE EXCHANGE,2771653,564238,733867,85276,-169629
2013-10-29,S&P 500 Consolidated - CHICAGO MERCANTILE EXCHANGE,721121,108644,150252,36969,-41608
2013-11-05,E-MINI S&P 500 STOCK INDEX - CHICAGO MERCANTILE EXCHANGE,2813333,604045,749336,97436,-145291
2013-11-05,S&P 500 STOCK INDEX - CHICAGO MERCANTILE EXCHANGE,165992,13408,30617,948,-17209
2013-11-05,S&P 500 Consolidated - CHICAGO MERCANTILE EXCHANGE,728659,109208,155475,45444,-46267
2013-11-12,S&P 500 Consolidated - CHICAGO MERCANTILE EXCHANGE,728575,113224,157592,42961,-44368
2013-11-12,E-MINI S&P 500 STOCK INDEX - CHICAGO MERCANTILE EXCHANGE,2811253,614815,744366,99605,-129551
2013-11-12,S&P 500 STOCK INDEX - CHICAGO MERCANTILE EXCHANGE,166324,12263,30721,1038,-18458
2013-11-19,S&P 500 Consolidated - CHICAGO MERCANTILE EXCHANGE,745718,109430,155321,53802,-45891
2013-11-19,S&P 500 STOCK INDEX - CHICAGO MERCANTILE EXCHANGE,169135,15159,32641,1483,-17482
2013-11-19,E-MINI S&P 500 STOCK INDEX - CHICAGO MERCANTILE EXCHANGE,2882916,612867,754914,120083,-142047
2013-11-26,S&P 500 Consolidated - CHICAGO MERCANTILE EXCHANGE,741827,110332,156000,53809,-45668
2013-11-26,S&P 500 STOCK INDEX - CHICAGO MERCANTILE EXCHANGE,168933,14756,34121,1320,-19365
2013-11-26,E-MINI S&P 500 STOCK INDEX - CHICAGO MERCANTILE EXCHANGE,2864468,620191,751708,120133,-131517
2013-12-03,S&P 500 STOCK INDEX - CHICAGO MERCANTILE EXCHANGE,164842,14306,37228,1534,-22922
2013-12-03,E-MINI S&P 500 STOCK INDEX - CHICAGO MERCANTILE EXCHANGE,2917291,645803,750461,139811,-104658
2013-12-03,S&P 500 Consolidated - CHICAGO MERCANTILE EXCHANGE,748300,112648,156502,60314,-43854
2013-12-10,E-MINI S&P 500 STOCK INDEX - CHICAGO MERCANTILE EXCHANGE,2947491,607440,748668,165078,-141228
2013-12-10,S&P 500 STOCK INDEX - CHICAGO MERCANTILE EXCHANGE,175153,17059,33274,2016,-16215
2013-12-10,S&P 500 Consolidated - CHICAGO MERCANTILE EXCHANGE,764651,112101,156562,61478,-44461
2013-12-17,S&P 500 STOCK INDEX - CHICAGO MERCANTILE EXCHANGE,199902,16907,38118,2985,-21211
2013-12-17,S&P 500 Consolidated - CHICAGO MERCANTILE EXCHANGE,873627,113473,142327,87201,-28854
2013-12-17,E-MINI S&P 500 STOCK INDEX - CHICAGO MERCANTILE EXCHANGE,3368625,660265,698476,243647,-38211
2013-12-24,S&P 500 STOCK INDEX - CHICAGO MERCANTILE EXCHANGE,134756,8913,4940,576,3973
2013-12-24,E-MINI S&P 500 STOCK INDEX - CHICAGO MERCANTILE EXCHANGE,2750132,504329,774351,69744,-270022
2013-12-24,S&P 500 Consolidated - CHICAGO MERCANTILE EXCHANGE,684782,107271,157302,17033,-50031
2013-12-31,S&P 500 STOCK INDEX - CHICAGO MERCANTILE EXCHANGE,142559,8029,8612,722,-583
2013-12-31,S&P 500 Consolidated - CHICAGO MERCANTILE EXCHANGE,700432,108808,161711,21000,-52903
2013-12-31,E-MINI S&P 500 STOCK INDEX - CHICAGO MERCANTILE EXCHANGE,2789364,519279,780883,86003,-261604
2014-01-07,S&P 500 STOCK INDEX - CHICAGO MERCANTILE EXCHANGE,141573,9189,9836,1257,-647
2014-01-07,E-MINI S&P 500 STOCK INDEX - CHICAGO MERCANTILE EXCHANGE,2790363,512931,764062,86250,-251131
2014-01-07,S&P 500 Consolidated - CHICAGO MERCANTILE EXCHANGE,699646,106315,157188,23967,-50873
2014-01-14,S&P 500 STOCK INDEX - CHICAGO MERCANTILE EXCHANGE,142427,11601,14000,1524,-2399
2014-01-14,S&P 500 Consolidated - CHICAGO MERCANTILE EXCHANGE,719529,107764,167540,32692,-59776
2014-01-14,E-MINI S&P 500 STOCK INDEX - CHICAGO MERCANTILE EXCHANGE,2885511,543684,830570,92972,-286886
2014-01-21,S&P 500 Consolidated - CHICAGO MERCANTILE EXCHANGE,722076,104402,172204,32140,-67802
2014-01-21,E-MINI S&P 500 STOCK INDEX - CHICAGO MERCANTILE EXCHANGE,2871444,517028,865161,84592,-348133
2014-01-21,S&P 500 STOCK INDEX - CHICAGO MERCANTILE EXCHANGE,147787,14693,12869,1525,1824
2014-01-28,S&P 500 STOCK INDEX - CHICAGO MERCANTILE EXCHANGE,161367,15157,14794,1583,363
2014-01-28,S&P 500 Consolidated - CHICAGO MERCANTILE EXCHANGE,743768,112908,175695,32860,-62787
2014-01-28,E-MINI S&P 500 STOCK INDEX - CHICAGO MERCANTILE EXCHANGE,2912005,557384,873135,87759,-315751
2014-02-04,S&P 500 Consolidated - CHICAGO MERCANTILE EXCHANGE,771947,111344,183180,44551,-71836
2014-02-04,E-MINI S&P 500 STOCK INDEX - CHICAGO MERCANTILE EXCHANGE,2985967,599042,914463,86641,-315421
2014-02-04,S&P 500 STOCK INDEX - CHICAGO MERCANTILE EXCHANGE,174754,17141,25892,1618,-8751
2014-02-11,S&P 500 Consolidated - CHICAGO MERCANTILE EXCHANGE,808380,105003,196650,42570,-91647
2014-02-11,S&P 500 STOCK INDEX - CHICAGO MERCANTILE EXCHANGE,192719,18867,21062,1954,-2195
2014-02-11,E-MINI S&P 500 STOCK INDEX - CHICAGO MERCANTILE EXCHANGE,3078305,551982,999244,81778,-447262
2014-02-18,S&P 500 STOCK INDEX - CHICAGO MERCANTILE EXCHANGE,201030,20756,24503,1964,-3747
2014-02-18,E-MINI S&P 500 STOCK INDEX - CHICAGO MERCANTILE EXCHANGE,3163772,556690,1020978,98906,-464288
2014-02-18,S&P 500 Consolidated - CHICAGO MERCANTILE EXCHANGE,833784,103026,199631,50813,-96605
2014-02-25,E-MINI S&P 500 STOCK INDEX - CHICAGO MERCANTILE EXCHANGE,3190988,573234,1003564,103664,-430330
2014-02-25,S&P 500 STOCK INDEX - CHICAGO MERCANTILE EXCHANGE,212848,23094,29093,2061,-5999
2014-02-25,S&P 500 Consolidated - CHICAGO MERCANTILE EXCHANGE,851046,99661,191726,60874,-92065
2014-03-04,S&P 500 Consolidated - CHICAGO MERCANTILE EXCHANGE,880372,100658,201389,68566,-100731
2014-03-04,S&P 500 STOCK INDEX - CHICAGO MERCANTILE EXCHANGE,220157,23915,34624,2117,-10709
2014-03-04,E-MINI S&P 500 STOCK INDEX - CHICAGO MERCANTILE EXCHANGE,3301075,601829,1051941,114131,-450112
2014-03-11,S&P 500 Consolidated - CHICAGO MERCANTILE EXCHANGE,899687,94790,202750,62368,-107960
2014-03-11,S&P 500 STOCK INDEX - CHICAGO MERCANTILE EXCHANGE,225984,18469,31101,2223,-12632
2014-03-11,E-MINI S&P 500 STOCK INDEX - CHICAGO MERCANTILE EXCHANGE,3368513,559171,1035810,123160,-476639
2014-03-18,S&P 500 STOCK INDEX - CHICAGO MERCANTILE EXCHANGE,253922,16171,34830,2888,-18659
2014-03-18,S&P 500 Consolidated - CHICAGO MERCANTILE EXCHANGE,1029593,106060,205758,78428,-99698
2014-03-18,E-MINI S&P 500 STOCK INDEX - CHICAGO MERCANTILE EXCHANGE,3878357,632513,1037709,194634,-405196
2014-03-25,S&P 500 STOCK INDEX - CHICAGO MERCANTILE EXCHANGE,123300,3593,7514,409,-3921
2014-03-25,E-MINI S&P 500 STOCK INDEX - CHICAGO MERCANTILE EXCHANGE,2801131,446653,875058,84480,-428405
2014-03-25,S&P 500 Consolidated - CHICAGO MERCANTILE EXCHANGE,683526,90698,180300,19531,-89602
2014-04-01,S&P 500 Consolidated - CHICAGO MERCANTILE EXCHANGE,681463,93306,170812,23817,-77506
2014-04-01,E-MINI S&P 500 STOCK INDEX - CHICAGO MERCANTILE EXCHANGE,2801019,471774,846655,87650,-374881
2014-04-01,S&P 500 STOCK INDEX - CHICAGO MERCANTILE EXCHANGE,121259,4588,7117,651,-2529
2014-04-08,E-MINI S&P 500 STOCK INDEX - CHICAGO MERCANTILE EXCHANGE,2760817,423830,823723,91397,-399893
2014-04-08,S&P 500 Consolidated - CHICAGO MERCANTILE EXCHANGE,676428,83106,164129,28119,-81023
2014-04-08,S&P 500 STOCK INDEX - CHICAGO MERCANTILE EXCHANGE,124265,7453,8498,726,-1045
2014-04-15,S&P 500 STOCK INDEX - CHICAGO MERCANTILE EXCHANGE,126353,6572,13966,770,-7394
2014-04-15,S&P 500 Consolidated - CHICAGO MERCANTILE EXCHANGE,688040,88643,171139,30284,-82496
2014-04-15,E-MINI S&P 500 STOCK INDEX - CHICAGO MERCANTILE EXCHANGE,2808434,467503,843015,90420,-375512
2014-04-22,E-MINI S&P 500 STOCK INDEX - CHICAGO MERCANTILE EXCHANGE,2793289,501410,844658,76820,-343248
2014-04-22,S&P 500 Consolidated - CHICAGO MERCANTILE EXCHANGE,686751,99876,170962,24841,-71086
2014-04-22,S&P 500 STOCK INDEX - CHICAGO MERCANTILE EXCHANGE,128093,8554,10991,517,-2437
2014-04-29,E-MINI S&P 500 STOCK INDEX - CHICAGO MERCANTILE EXCHANGE,2852227,501794,837504,86366,-335710
2014-04-29,S&P 500 STOCK INDEX - CHICAGO MERCANTILE EXCHANGE,132228,13268,9746,523,3522
2014-04-29,S&P 500 Consolidated - CHICAGO MERCANTILE EXCHANGE,702673,101578,165198,29845,-63620
2014-05-06,S&P 500 Consolidated - CHICAGO MERCANTILE EXCHANGE,703712,90275,175210,34640,-84935
2014-05-06,E-MINI S&P 500 STOCK INDEX - CHICAGO MERCANTILE EXCHANGE,2851024,488370,872421,97175,-384051
2014-05-06,S&P 500 STOCK INDEX - CHICAGO MERCANTILE EXCHANGE,133507,7036,15161,770,-8125
2014-05-13,E-MINI S&P 500 STOCK INDEX - CHICAGO MERCANTILE EXCHANGE,2952843,508172,899972,110911,-391800
2014-05-13,S&P 500 Consolidated - CHICAGO MERCANTILE EXCHANGE,729317,98148,181172,36320,-83024
2014-05-13,S&P 500 STOCK INDEX - CHICAGO MERCANTILE EXCHANGE,138748,9655,14319,996,-4664
2014-05-20,E-MINI S&P 500 STOCK INDEX - CHICAGO MERCANTILE EXCHANGE,2964178,487688,926725,114718,-439037
2014-05-20,S&P 500 Consolidated - CHICAGO MERCANTILE EXCHANGE,742933,86024,186096,44074,-100072
2014-05-20,S&P 500 STOCK INDEX - CHICAGO MERCANTILE EXCHANGE,150097,8421,20686,1195,-12265
2014-05-27,S&P 500 STOCK INDEX - CHICAGO MERCANTILE EXCHANGE,149768,9016,17349,1882,-8333
2014-05-27,S&P 500 Consolidated - CHICAGO MERCANTILE EXCHANGE,758245,97311,186592,39140,-89281
2014-05-27,E-MINI S&P 500 STOCK INDEX - CHICAGO MERCANTILE EXCHANGE,3042386,510091,914835,117671,-404744
2014-06-03,S&P 500 Consolidated - CHICAGO MERCANTILE EXCHANGE,774514,98320,193478,46297,-95158
2014-06-03,E-MINI S&P 500 STOCK INDEX - CHICAGO MERCANTILE EXCHANGE,3090854,523101,940213,128980,-417112
2014-06-03,S&P 500 STOCK INDEX - CHICAGO MERCANTILE EXCHANGE,156343,11036,22772,3165,-11736
2014-06-10,S&P 500 STOCK INDEX - CHICAGO MERCANTILE EXCHANGE,171392,15306,20917,3966,-5611
2014-06-10,S&P 500 Consolidated - CHICAGO MERCANTILE EXCHANGE,814572,103322,199872,51265,-96550
2014-06-10,E-MINI S&P 500 STOCK INDEX - CHICAGO MERCANTILE EXCHANGE,3215901,530797,985490,145780,-454693
2014-06-17,E-MINI S&P 500 STOCK INDEX - CHICAGO MERCANTILE EXCHANGE,3542606,583446,1040648,222729,-457202
2014-06-17,S&P 500 STOCK INDEX - CHICAGO MERCANTILE EXCHANGE,205504,12232,22872,3973,-10640
2014-06-17,S&P 500 Consolidated - CHICAGO MERCANTILE EXCHANGE,914025,110856,212937,66584,-102081
2014-06-24,E-MINI S&P 500 STOCK INDEX - CHICAGO MERCANTILE EXCHANGE,2864180,418086,994539,87436,-576453
2014-06-24,S&P 500 STOCK INDEX - CHICAGO MERCANTILE EXCHANGE,132619,9025,10752,702,-1727
2014-06-24,S&P 500 Consolidated - CHICAGO MERCANTILE EXCHANGE,705455,90247,207264,20585,-117017
2014-07-01,S&P 500 Consolidated - CHICAGO MERCANTILE EXCHANGE,727127,95098,203319,24890,-108221
2014-07-01,E-MINI S&P 500 STOCK INDEX - CHICAGO MERCANTILE EXCHANGE,2941198,459645,991794,88427,-532149
2014-07-01,S&P 500 STOCK INDEX - CHICAGO MERCANTILE EXCHANGE,138887,9816,11607,558,-1791
2014-07-08,S&P 500 Consolidated - CHICAGO MERCANTILE EXCHANGE,727096,91718,203177,26803,-111459
2014-07-08,S&P 500 STOCK INDEX - CHICAGO MERCANTILE EXCHANGE,140877,10392,11364,525,-972
2014-07-08,E-MINI S&P 500 STOCK INDEX - CHICAGO MERCANTILE EXCHANGE,2931095,442266,994698,95756,-552432
2014-07-15,S&P 500 STOCK INDEX - CHICAGO MERCANTILE EXCHANGE,139389,5109,11050,844,-5941
2014-07-15,S&P 500 Consolidated - CHICAGO MERCANTILE EXCHANGE,726972,97219,196878,24992,-99659
2014-07-15,E-MINI S&P 500 STOCK INDEX - CHICAGO MERCANTILE EXCHANGE,2937915,470996,939589,110291,-468593
2014-07-22,E-MINI S&P 500 STOCK INDEX - CHICAGO MERCANTILE EXCHANGE,2959472,496014,933760,115154,-437746
2014-07-22,S&P 500 Consolidated - CHICAGO MERCANTILE EXCHANGE,739612,99848,192032,33853,-92184
2014-07-22,S&P 500 STOCK INDEX - CHICAGO MERCANTILE EXCHANGE,147718,9740,14375,1727,-4635
2014-07-29,S&P 500 STOCK INDEX - CHICAGO MERCANTILE EXCHANGE,152416,11355,14564,1773,-3209
2014-07-29,S&P 500 Consolidated - CHICAGO MERCANTILE EXCHANGE,746886,94760,195868,37448,-101108
2014-07-29,E-MINI S&P 500 STOCK INDEX - CHICAGO MERCANTILE EXCHANGE,2972352,479430,968927,115968,-489497
2014-08-05,E-MINI S&P 500 STOCK INDEX - CHICAGO MERCANTILE EXCHANGE,2932157,548417,962171,97595,-413754
2014-08-05,S&P 500 STOCK INDEX - CHICAGO MERCANTILE EXCHANGE,159862,8945,21907,2307,-12962
2014-08-05,S&P 500 Consolidated - CHICAGO MERCANTILE EXCHANGE,746293,101617,197330,38838,-95713
2014-08-12,S&P 500 STOCK INDEX - CHICAGO MERCANTILE EXCHANGE,160239,11017,16990,1947,-5973
2014-08-12,S&P 500 Consolidated - CHICAGO MERCANTILE EXCHANGE,752126,102676,201227,33491,-98551
2014-08-12,E-MINI S&P 500 STOCK INDEX - CHICAGO MERCANTILE EXCHANGE,2959433,523915,986809,92097,-462894
2014-08-19,E-MINI S&P 500 STOCK INDEX - CHICAGO MERCANTILE EXCHANGE,3004564,524561,993462,95495,-468901
2014-08-19,S&P 500 Consolidated - CHICAGO MERCANTILE EXCHANGE,764463,100338,200641,36506,-100303
2014-08-19,S&P 500 STOCK INDEX - CHICAGO MERCANTILE EXCHANGE,163550,10955,17477,1878,-6522
2014-08-26,E-MINI S&P 500 STOCK INDEX - CHICAGO MERCANTILE EXCHANGE,3027601,517469,952373,109553,-434904
2014-08-26,S&P 500 STOCK INDEX - CHICAGO MERCANTILE EXCHANGE,164128,9619,17656,2053,-8037
2014-08-26,S&P 500 Consolidated - CHICAGO MERCANTILE EXCHANGE,769648,98406,193424,38671,-95018
2014-09-02,S&P 500 Consolidated - CHICAGO MERCANTILE EXCHANGE,781007,99904,197393,40259,-97489
2014-09-02,S&P 500 STOCK INDEX - CHICAGO MERCANTILE EXCHANGE,164798,10582,20604,1093,-10022
2014-09-02,E-MINI S&P 500 STOCK INDEX - CHICAGO MERCANTILE EXCHANGE,3081045,526007,963340,116435,-437333
2014-09-09,E-MINI S&P 500 STOCK INDEX - CHICAGO MERCANTILE EXCHANGE,3245197,549406,977513,142850,-428107
2014-09-09,S&P 500 STOCK INDEX - CHICAGO MERCANTILE EXCHANGE,169868,9454,23796,1318,-14342
2014-09-09,S&P 500 Consolidated - CHICAGO MERCANTILE EXCHANGE,818907,101497,201461,47726,-99964
2014-09-16,S&P 500 STOCK INDEX - CHICAGO MERCANTILE EXCHANGE,217527,15681,21411,1230,-5730
2014-09-16,S&P 500 Consolidated - CHICAGO MERCANTILE EXCHANGE,949208,110412,209560,58601,-99148
2014-09-16,E-MINI S&P 500 STOCK INDEX - CHICAGO MERCANTILE EXCHANGE,3658403,582531,1049620,177983,-467089
2014-09-23,E-MINI S&P 500 STOCK INDEX - CHICAGO MERCANTILE EXCHANGE,2799012,451038,909420,93060,-458382
2014-09-23,S&P 500 STOCK INDEX - CHICAGO MERCANTILE EXCHANGE,127233,5845,5971,356,-126
2014-09-23,S&P 500 Consolidated - CHICAGO MERCANTILE EXCHANGE,687035,92842,184644,22179,-91802
2014-09-30,E-MINI S&P 500 STOCK INDEX - CHICAGO MERCANTILE EXCHANGE,2799895,473681,906028,98970,-432347
2014-09-30,S&P 500 STOCK INDEX - CHICAGO MERCANTILE EXCHANGE,128148,4881,7454,318,-2573
2014-09-30,S&P 500 Consolidated - CHICAGO MERCANTILE EXCHANGE,688127,97024,186066,22705,-89042
2014-10-07,S&P 500 Consolidated - CHICAGO MERCANTILE EXCHANGE,683188,99991,187290,28703,-87299
2014-10-07,S&P 500 STOCK INDEX - CHICAGO MERCANTILE EXCHANGE,128038,5196,16441,309,-11245
2014-10-07,E-MINI S&P 500 STOCK INDEX - CHICAGO MERCANTILE EXCHANGE,2775750,525602,905870,90344,-380268
2014-10-14,S&P 500 Consolidated - CHICAGO MERCANTILE EXCHANGE,695436,110243,183212,23324,-72969
2014-10-14,E-MINI S&P 500 STOCK INDEX - CHICAGO MERCANTILE EXCHANGE,2829396,548439,890818,88082,-342379
2014-10-14,S&P 500 STOCK INDEX - CHICAGO MERCANTILE EXCHANGE,129557,5988,10481,275,-4493
2014-10-21,S&P 500 Consolidated - CHICAGO MERCANTILE EXCHANGE,720693,90314,201568,21645,-111254
2014-10-21,S&P 500 STOCK INDEX - CHICAGO MERCANTILE EXCHANGE,154730,9740,12358,521,-2618
2014-10-21,E-MINI S&P 500 STOCK INDEX - CHICAGO MERCANTILE EXCHANGE,2829815,448436,991619,60051,-543183
2014-10-28,E-MINI S&P 500 STOCK INDEX - CHICAGO MERCANTILE EXCHANGE,2882162,479376,970197,79341,-490821
2014-10-28,S&P 500 STOCK INDEX - CHICAGO MERCANTILE EXCHANGE,156225,10289,13506,494,-3217
2014-10-28,S&P 500 Consolidated - CHICAGO MERCANTILE EXCHANGE,732657,94575,195956,27951,-101381
2014-11-04,E-MINI S&P 500 STOCK INDEX - CHICAGO MERCANTILE EXCHANGE,2879808,530110,842597,103901,-312487
2014-11-04,S&P 500 STOCK INDEX - CHICAGO MERCANTILE EXCHANGE,152558,9298,12630,1055,-3332
2014-11-04,S&P 500 Consolidated - CHICAGO MERCANTILE EXCHANGE,728520,105000,170829,32155,-65829
2014-11-11,S&P 500 STOCK INDEX - CHICAGO MERCANTILE EXCHANGE,145896,6818,11381,1191,-4563
2014-11-11,S&P 500 Consolidated - CHICAGO MERCANTILE EXCHANGE,730037,109087,170183,32683,-61096
2014-11-11,E-MINI S&P 500 STOCK INDEX - CHICAGO MERCANTILE EXCHANGE,2920705,554773,837438,114033,-282665
2014-11-18,S&P 500 STOCK INDEX - CHICAGO MERCANTILE EXCHANGE,148714,9650,14445,1296,-4795
2014-11-18,S&P 500 Consolidated - CHICAGO MERCANTILE EXCHANGE,753656,113399,170670,36355,-57271
2014-11-18,E-MINI S&P 500 STOCK INDEX - CHICAGO MERCANTILE EXCHANGE,3024708,573195,835575,120846,-262380
2014-11-25,S&P 500 STOCK INDEX - CHICAGO MERCANTILE EXCHANGE,155456,14450,19693,1568,-5243
2014-11-25,S&P 500 Consolidated - CHICAGO MERCANTILE EXCHANGE,772687,113203,171618,44848,-58415
2014-11-25,E-MINI S&P 500 STOCK INDEX - CHICAGO MERCANTILE EXCHANGE,3086154,581613,847476,128550,-265863
2014-12-02,E-MINI S&P 500 STOCK INDEX - CHICAGO MERCANTILE EXCHANGE,3111438,658053,862859,125579,-204806
2014-12-02,S&P 500 STOCK INDEX - CHICAGO MERCANTILE EXCHANGE,154699,15814,21744,2175,-5930
2014-12-02,S&P 500 Consolidated - CHICAGO MERCANTILE EXCHANGE,776987,126690,173582,48025,-46892
2014-12-09,E-MINI S&P 500 STOCK INDEX - CHICAGO MERCANTILE EXCHANGE,3105541,642024,785084,140696,-143060
2014-12-09,S&P 500 STOCK INDEX - CHICAGO MERCANTILE EXCHANGE,154879,14023,21618,2616,-7595
2014-12-09,S&P 500 Consolidated - CHICAGO MERCANTILE EXCHANGE,775987,124028,160235,49155,-36207
2014-12-16,S&P 500 Consolidated - CHICAGO MERCANTILE EXCHANGE,832516,139234,149682,52296,-10448
2014-12-16,E-MINI S&P 500 STOCK INDEX - CHICAGO MERCANTILE EXCHANGE,3295783,707002,723084,167534,-16082
2014-12-16,S&P 500 STOCK INDEX - CHICAGO MERCANTILE EXCHANGE,173359,13629,20861,2993,-7232
2014-12-23,E-MINI S&P 500 STOCK INDEX - CHICAGO MERCANTILE EXCHANGE,2739124,534734,720658,77083,-185924
2014-12-23,S&P 500 STOCK INDEX - CHICAGO MERCANTILE EXCHANGE,124603,8075,4658,1227,3417
2014-12-23,S&P 500 Consolidated - CHICAGO MERCANTILE EXCHANGE,672428,106588,140356,25077,-33768
2014-12-30,S&P 500 Consolidated - CHICAGO MERCANTILE EXCHANGE,677927,106312,142369,26312,-36057
2014-12-30,S&P 500 STOCK INDEX - CHICAGO MERCANTILE EXCHANGE,127891,7814,5944,1260,1870
2014-12-30,E-MINI S&P 500 STOCK INDEX - CHICAGO MERCANTILE EXCHANGE,2750182,538445,728081,79301,-189636
2015-01-06,E-MINI S&P 500 STOCK INDEX - CHICAGO MERCANTILE EXCHANGE,2749558,581047,686216,80155,-105169
2015-01-06,S&P 500 STOCK INDEX - CHICAGO MERCANTILE EXCHANGE,125814,8331,10930,1090,-2599
2015-01-06,S&P 500 Consolidated - CHICAGO MERCANTILE EXCHANGE,675726,109828,133461,31834,-23633
2015-01-13,E-MINI S&P 500 STOCK INDEX - CHICAGO MERCANTILE EXCHANGE,2714557,527316,702010,94986,-174694
2015-01-13,S&P 500 STOCK INDEX - CHICAGO MERCANTILE EXCHANGE,128602,9135,11306,1347,-2171
2015-01-13,S&P 500 Consolidated - CHICAGO MERCANTILE EXCHANGE,671513,100503,137613,34439,-37110
2015-01-20,S&P 500 Consolidated - CHICAGO MERCANTILE EXCHANGE,671899,97427,134503,30388,-37076
2015-01-20,E-MINI S&P 500 STOCK INDEX - CHICAGO MERCANTILE EXCHANGE,2707586,499290,686843,96617,-187553
2015-01-20,S&P 500 STOCK INDEX - CHICAGO MERCANTILE EXCHANGE,130382,8097,7663,536,434
2015-01-27,E-MINI S&P 500 STOCK INDEX - CHICAGO MERCANTILE EXCHANGE,2701901,483251,681386,96821,-198135
2015-01-27,S&P 500 STOCK INDEX - CHICAGO MERCANTILE EXCHANGE,132255,9647,8223,795,1424
2015-01-27,S&P 500 Consolidated - CHICAGO MERCANTILE EXCHANGE,672635,93893,132096,32563,-38203
2015-02-03,S&P 500 Consolidated - CHICAGO MERCANTILE EXCHANGE,689848,96436,145844,28930,-49408
2015-02-03,S&P 500 STOCK INDEX - CHICAGO MERCANTILE EXCHANGE,142849,7539,6723,800,816
2015-02-03,E-MINI S&P 500 STOCK INDEX - CHICAGO MERCANTILE EXCHANGE,2734995,493941,745059,91193,-251118
2015-02-10,E-MINI S&P 500 STOCK INDEX - CHICAGO MERCANTILE EXCHANGE,2791625,514128,775013,98899,-260885
2015-02-10,S&P 500 STOCK INDEX - CHICAGO MERCANTILE EXCHANGE,145465,8050,5519,845,2531
2015-02-10,S&P 500 Consolidated - CHICAGO MERCANTILE EXCHANGE,703790,101621,151267,29880,-49646
2015-02-17,E-MINI S&P 500 STOCK INDEX - CHICAGO MERCANTILE EXCHANGE,2811472,500225,765675,104308,-265450
2015-02-17,S&P 500 STOCK INDEX - CHICAGO MERCANTILE EXCHANGE,143635,7532,4047,886,3485
2015-02-17,S&P 500 Consolidated - CHICAGO MERCANTILE EXCHANGE,705929,100257,149862,29068,-49605
2015-02-24,S&P 500 Consolidated - CHICAGO MERCANTILE EXCHANGE,729019,97542,153241,30031,-55699
2015-02-24,E-MINI S&P 500 STOCK INDEX - CHICAGO MERCANTILE EXCHANGE,2886254,496486,780969,100177,-284483
2015-02-24,S&P 500 STOCK INDEX - CHICAGO MERCANTILE EXCHANGE,151768,7949,6751,292,1198
2015-03-03,S&P 500 Consolidated - CHICAGO MERCANTILE EXCHANGE,754597,101015,161132,35590,-60117
2015-03-03,S&P 500 STOCK INDEX - CHICAGO MERCANTILE EXCHANGE,158140,6097,9111,656,-3014
2015-03-03,E-MINI S&P 500 STOCK INDEX - CHICAGO MERCANTILE EXCHANGE,2982284,526372,811887,122888,-285515
2015-03-10,E-MINI S&P 500 STOCK INDEX - CHICAGO MERCANTILE EXCHANGE,3181958,547967,895327,109893,-347360
2015-03-10,S&P 500 STOCK INDEX - CHICAGO MERCANTILE EXCHANGE,194416,4885,12973,580,-8088
2015-03-10,S&P 500 Consolidated - CHICAGO MERCANTILE EXCHANGE,830808,105490,183050,31547,-77560
2015-03-17,E-MINI S&P 500 STOCK INDEX - CHICAGO MERCANTILE EXCHANGE,3423320,511369,842592,148643,-331223
2015-03-17,S&P 500 STOCK INDEX - CHICAGO MERCANTILE EXCHANGE,220306,8502,7260,1943,1242
2015-03-17,S&P 500 Consolidated - CHICAGO MERCANTILE EXCHANGE,904970,102112,167115,40335,-65003
2015-03-24,E-MINI S&P 500 STOCK INDEX - CHICAGO MERCANTILE EXCHANGE,2631895,382354,752678,116087,-370324
2015-03-24,S&P 500 STOCK INDEX - CHICAGO MERCANTILE EXCHANGE,103073,2112,2785,466,-673
2015-03-24,S&P 500 Consolidated - CHICAGO MERCANTILE EXCHANGE,629452,77783,152521,24483,-74738
2015-03-31,E-MINI S&P 500 STOCK INDEX - CHICAGO MERCANTILE EXCHANGE,2663980,425456,776031,102374,-350575
2015-03-31,S&P 500 STOCK INDEX - CHICAGO MERCANTILE EXCHANGE,102704,2457,8495,501,-6038
2015-03-31,S&P 500 Consolidated - CHICAGO MERCANTILE EXCHANGE,635500,82476,158629,26048,-76153
2015-04-07,S&P 500 STOCK INDEX - CHICAGO MERCANTILE EXCHANGE,109563,2548,4496,461,-1948
2015-04-07,S&P 500 Consolidated - CHICAGO MERCANTILE EXCHANGE,643859,83121,153825,20796,-70704
2015-04-07,E-MINI S&P 500 STOCK INDEX - CHICAGO MERCANTILE EXCHANGE,2671481,411325,755103,93218,-343778
2015-04-14,S&P 500 STOCK INDEX - CHICAGO MERCANTILE EXCHANGE,110473,3653,4507,491,-854
2015-04-14,S&P 500 Consolidated - CHICAGO MERCANTILE EXCHANGE,648744,86810,151064,22526,-64254
2015-04-14,E-MINI S&P 500 STOCK INDEX - CHICAGO MERCANTILE EXCHANGE,2691356,431488,748491,94469,-317003
2015-04-21,E-MINI S&P 500 STOCK INDEX - CHICAGO MERCANTILE EXCHANGE,2716999,451535,726909,109106,-275374
2015-04-21,S&P 500 STOCK INDEX - CHICAGO MERCANTILE EXCHANGE,114794,5403,4603,1276,800
2015-04-21,S&P 500 Consolidated - CHICAGO MERCANTILE EXCHANGE,658194,91073,145347,27735,-54274
2015-04-28,S&P 500 Consolidated - CHICAGO MERCANTILE EXCHANGE,667287,89176,145453,28903,-56277
2015-04-28,S&P 500 STOCK INDEX - CHICAGO MERCANTILE EXCHANGE,118284,4674,4055,435,619
2015-04-28,E-MINI S&P 500 STOCK INDEX - CHICAGO MERCANTILE EXCHANGE,2745013,447341,731820,117509,-284479
2015-05-05,S&P 500 Consolidated - CHICAGO MERCANTILE EXCHANGE,669417,84194,154258,30337,-70064
2015-05-05,E-MINI S&P 500 STOCK INDEX - CHICAGO MERCANTILE EXCHANGE,2745079,422587,770747,122225,-348160
2015-05-05,S&P 500 STOCK INDEX - CHICAGO MERCANTILE EXCHANGE,120401,5131,5563,437,-432
2015-05-12,E-MINI S&P 500 STOCK INDEX - CHICAGO MERCANTILE EXCHANGE,2756816,428068,729143,120898,-301075
2015-05-12,S&P 500 STOCK INDEX - CHICAGO MERCANTILE EXCHANGE,123309,5396,6354,635,-958
2015-05-12,S&P 500 Consolidated - CHICAGO MERCANTILE EXCHANGE,674672,84158,145331,31667,-61173
2015-05-19,S&P 500 Consolidated - CHICAGO MERCANTILE EXCHANGE,683932,87097,139428,36841,-52331
2015-05-19,E-MINI S&P 500 STOCK INDEX - CHICAGO MERCANTILE EXCHANGE,2770193,437340,711512,131350,-274172
2015-05-19,S&P 500 STOCK INDEX - CHICAGO MERCANTILE EXCHANGE,129893,9498,6995,702,2503
2015-05-26,E-MINI S&P 500 STOCK INDEX - CHICAGO MERCANTILE EXCHANGE,2782314,417023,752986,131208,-335963
2015-05-26,S&P 500 STOCK INDEX - CHICAGO MERCANTILE EXCHANGE,128552,8160,9078,1131,-918
2015-05-26,S&P 500 Consolidated - CHICAGO MERCANTILE EXCHANGE,685015,82147,150257,36791,-68110
2015-06-02,E-MINI S&P 500 STOCK INDEX - CHICAGO MERCANTILE EXCHANGE,2849220,443017,741280,133762,-298263
2015-06-02,S&P 500 STOCK INDEX - CHICAGO MERCANTILE EXCHANGE,129592,7455,9747,726,-2292
2015-06-02,S&P 500 Consolidated - CHICAGO MERCANTILE EXCHANGE,699436,88322,150266,35215,-61944
2015-06-09,S&P 500 Consolidated - CHICAGO MERCANTILE EXCHANGE,744892,87028,162674,37426,-75646
2015-06-09,E-MINI S&P 500 STOCK INDEX - CHICAGO MERCANTILE EXCHANGE,2971541,451318,807197,126624,-355879
2015-06-09,S&P 500 STOCK INDEX - CHICAGO MERCANTILE EXCHANGE,150584,8058,12528,808,-4470
2015-06-16,S&P 500 STOCK INDEX - CHICAGO MERCANTILE EXCHANGE,175504,9272,14025,955,-4753
2015-06-16,E-MINI S&P 500 STOCK INDEX - CHICAGO MERCANTILE EXCHANGE,3213131,467464,812754,156189,-345290
2015-06-16,S&P 500 Consolidated - CHICAGO MERCANTILE EXCHANGE,818130,89149,162960,45808,-73811
2015-06-23,E-MINI S&P 500 STOCK INDEX - CHICAGO MERCANTILE EXCHANGE,2575407,342256,812196,73971,-469940
2015-06-23,S&P 500 STOCK INDEX - CHICAGO MERCANTILE EXCHANGE,93876,2816,3177,95,-361
2015-06-23,S&P 500 Consolidated - CHICAGO MERCANTILE EXCHANGE,608957,70110,164459,16046,-94349
2015-06-30,E-MINI S&P 500 STOCK INDEX - CHICAGO MERCANTILE EXCHANGE,2641281,408673,832735,85668,-424062
2015-06-30,S&P 500 STOCK INDEX - CHICAGO MERCANTILE EXCHANGE,96685,3881,11304,95,-7423
2015-06-30,S&P 500 Consolidated - CHICAGO MERCANTILE EXCHANGE,624941,77202,169437,25643,-92235
2015-07-07,E-MINI S&P 500 STOCK INDEX - CHICAGO MERCANTILE EXCHANGE,2686827,374412,824223,77189,-449811
2015-07-07,S&P 500 STOCK INDEX - CHICAGO MERCANTILE EXCHANGE,107003,4436,7850,95,-3414
2015-07-07,S&P 500 Consolidated - CHICAGO MERCANTILE EXCHANGE,644368,74479,167855,20372,-93376
2015-07-14,E-MINI S&P 500 STOCK INDEX - CHICAGO MERCANTILE EXCHANGE,2630905,374328,780160,78005,-405832
2015-07-14,S&P 500 Consolidated - CHICAGO MERCANTILE EXCHANGE,633569,76164,158549,20455,-82385
2015-07-14,S&P 500 STOCK INDEX - CHICAGO MERCANTILE EXCHANGE,107388,5582,6801,570,-1219
2015-07-21,E-MINI S&P 500 STOCK INDEX - CHICAGO MERCANTILE EXCHANGE,2651956,415523,788568,84843,-373045
2015-07-21,S&P 500 STOCK INDEX - CHICAGO MERCANTILE EXCHANGE,104900,2948,6965,205,-4017
2015-07-21,S&P 500 Consolidated - CHICAGO MERCANTILE EXCHANGE,635291,82431,161057,20795,-78626
2015-07-28,S&P 500 STOCK INDEX - CHICAGO MERCANTILE EXCHANGE,106140,3560,8746,397,-5186
2015-07-28,E-MINI S&P 500 STOCK INDEX - CHICAGO MERCANTILE EXCHANGE,2705198,459825,778391,88058,-318566
2015-07-28,S&P 500 Consolidated - CHICAGO MERCANTILE EXCHANGE,647180,90300,159199,23233,-68899
2015-08-04,E-MINI S&P 500 STOCK INDEX - CHICAGO MERCANTILE EXCHANGE,2711872,440861,790537,88229,-349676
2015-08-04,S&P 500 STOCK INDEX - CHICAGO MERCANTILE EXCHANGE,109579,3787,9666,446,-5879
2015-08-04,S&P 500 Consolidated - CHICAGO MERCANTILE EXCHANGE,651953,84293,160107,25758,-75814
2015-08-11,S&P 500 Consolidated - CHICAGO MERCANTILE EXCHANGE,671573,85799,166354,29038,-80555
2015-08-11,E-MINI S&P 500 STOCK INDEX - CHICAGO MERCANTILE EXCHANGE,2779583,446474,825410,95460,-378936
2015-08-11,S&P 500 STOCK INDEX - CHICAGO MERCANTILE EXCHANGE,115656,5536,10303,915,-4767
2015-08-18,S&P 500 STOCK INDEX - CHICAGO MERCANTILE EXCHANGE,119495,7957,9096,786,-1139
2015-08-18,E-MINI S&P 500 STOCK INDEX - CHICAGO MERCANTILE EXCHANGE,2843824,464642,820367,111262,-355725
2015-08-18,S&P 500 Consolidated - CHICAGO MERCANTILE EXCHANGE,688260,92831,165115,31093,-72284
2015-08-25,S&P 500 STOCK INDEX - CHICAGO MERCANTILE EXCHANGE,153390,14592,14672,718,-80
2015-08-25,S&P 500 Consolidated - CHICAGO MERCANTILE EXCHANGE,782911,100719,151991,44041,-51272
2015-08-25,E-MINI S&P 500 STOCK INDEX - CHICAGO MERCANTILE EXCHANGE,3147605,505566,761525,141686,-255959
2015-09-01,E-MINI S&P 500 STOCK INDEX - CHICAGO MERCANTILE EXCHANGE,3220963,460622,845419,123313,-384797
2015-09-01,S&P 500 STOCK INDEX - CHICAGO MERCANTILE EXCHANGE,172435,14288,15964,388,-1676
2015-09-01,S&P 500 Consolidated - CHICAGO MERCANTILE EXCHANGE,816628,90408,169043,41055,-78635
2015-09-08,E-MINI S&P 500 STOCK INDEX - CHICAGO MERCANTILE EXCHANGE,3282448,401426,870770,108118,-469344
2015-09-08,S&P 500 STOCK INDEX - CHICAGO MERCANTILE EXCHANGE,191680,15282,14363,440,919
2015-09-08,S&P 500 Consolidated - CHICAGO MERCANTILE EXCHANGE,848170,82770,175720,34861,-92950
2015-09-15,S&P 500 Consolidated - CHICAGO MERCANTILE EXCHANGE,921243,78523,177016,50111,-98493
2015-09-15,E-MINI S&P 500 STOCK INDEX - CHICAGO MERCANTILE EXCHANGE,3538131,365093,890865,171393,-525772
2015-09-15,S&P 500 STOCK INDEX - CHICAGO MERCANTILE EXCHANGE,213617,19493,12832,1844,6661
2015-09-22,E-MINI S&P 500 STOCK INDEX - CHICAGO MERCANTILE EXCHANGE,2885655,391787,873278,55151,-481491
2015-09-22,S&P 500 STOCK INDEX - CHICAGO MERCANTILE EXCHANGE,102834,8161,7210,90,951
2015-09-22,S&P 500 Consolidated - CHICAGO MERCANTILE EXCHANGE,679965,81027,176375,16611,-95348
2015-09-29,S&P 500 Consolidated - CHICAGO MERCANTILE EXCHANGE,686659,90654,181065,20970,-90411
2015-09-29,S&P 500 STOCK INDEX - CHICAGO MERCANTILE EXCHANGE,103295,9369,7963,388,1406
2015-09-29,E-MINI S&P 500 STOCK INDEX - CHICAGO MERCANTILE EXCHANGE,2916818,442754,901838,66580,-459084
2015-10-06,S&P 500 STOCK INDEX - CHICAGO MERCANTILE EXCHANGE,110589,12455,6224,525,6231
2015-10-06,S&P 500 Consolidated - CHICAGO MERCANTILE EXCHANGE,696897,75780,190476,19402,-114696
2015-10-06,E-MINI S&P 500 STOCK INDEX - CHICAGO MERCANTILE EXCHANGE,2931539,355250,959888,55761,-604638
2015-10-13,E-MINI S&P 500 STOCK INDEX - CHICAGO MERCANTILE EXCHANGE,2935847,342571,968404,73459,-625833
2015-10-13,S&P 500 Consolidated - CHICAGO MERCANTILE EXCHANGE,692719,73699,192998,21570,-119299
2015-10-13,S&P 500 STOCK INDEX - CHICAGO MERCANTILE EXCHANGE,105550,11973,6105,90,5868
2015-10-20,S&P 500 STOCK INDEX - CHICAGO MERCANTILE EXCHANGE,104294,12919,6926,226,5993
2015-10-20,S&P 500 Consolidated - CHICAGO MERCANTILE EXCHANGE,700025,62909,183184,30497,-120275
2015-10-20,E-MINI S&P 500 STOCK INDEX - CHICAGO MERCANTILE EXCHANGE,2978653,315924,947265,85379,-631341
2015-10-27,E-MINI S&P 500 STOCK INDEX - CHICAGO MERCANTILE EXCHANGE,2845888,326542,876277,87908,-549735
2015-10-27,S&P 500 Consolidated - CHICAGO MERCANTILE EXCHANGE,668152,62346,168513,32470,-106167
2015-10-27,S&P 500 STOCK INDEX - CHICAGO MERCANTILE EXCHANGE,98974,11836,8056,90,3780
2015-11-03,E-MINI S&P 500 STOCK INDEX - CHICAGO MERCANTILE EXCHANGE,2860279,331533,858985,100109,-527452
2015-11-03,S&P 500 Consolidated - CHICAGO MERCANTILE EXCHANGE,671878,60347,166740,36477,-106393
2015-11-03,S&P 500 STOCK INDEX - CHICAGO MERCANTILE EXCHANGE,99822,10354,11256,142,-902
2015-11-10,E-MINI S&P 500 STOCK INDEX - CHICAGO MERCANTILE EXCHANGE,2926441,372148,911398,107173,-539250
2015-11-10,S&P 500 STOCK INDEX - CHICAGO MERCANTILE EXCHANGE,104304,9937,11588,223,-1651
2015-11-10,S&P 500 Consolidated - CHICAGO MERCANTILE EXCHANGE,689592,65791,175292,40233,-109501
2015-11-17,S&P 500 Consolidated - CHICAGO MERCANTILE EXCHANGE,680871,66015,166045,37310,-100030
2015-11-17,S&P 500 STOCK INDEX - CHICAGO MERCANTILE EXCHANGE,105789,8417,8841,941,-424
2015-11-17,E-MINI S&P 500 STOCK INDEX - CHICAGO MERCANTILE EXCHANGE,2875410,355877,853905,113958,-498028
2015-11-24,S&P 500 Consolidated - CHICAGO MERCANTILE EXCHANGE,678277,72263,147687,38045,-75424
2015-11-24,E-MINI S&P 500 STOCK INDEX - CHICAGO MERCANTILE EXCHANGE,2876955,396855,769672,105459,-372817
2015-11-24,S&P 500 STOCK INDEX - CHICAGO MERCANTILE EXCHANGE,102886,9578,10439,267,-861
2015-12-01,S&P 500 Consolidated - CHICAGO MERCANTILE EXCHANGE,685208,76721,144596,43504,-67875
2015-12-01,S&P 500 STOCK INDEX - CHICAGO MERCANTILE EXCHANGE,103937,11497,11345,608,152
2015-12-01,E-MINI S&P 500 STOCK INDEX - CHICAGO MERCANTILE EXCHANGE,2906354,417509,757646,123088,-340137
2015-12-08,E-MINI S&P 500 STOCK INDEX - CHICAGO MERCANTILE EXCHANGE,2933232,452484,736480,140152,-283996
2015-12-08,S&P 500 STOCK INDEX - CHICAGO MERCANTILE EXCHANGE,102931,10910,6345,367,4565
2015-12-08,S&P 500 Consolidated - CHICAGO MERCANTILE EXCHANGE,689577,86774,139008,43030,-52234
2015-12-15,S&P 500 STOCK INDEX - CHICAGO MERCANTILE EXCHANGE,128457,17644,7377,1495,10267
2015-12-15,E-MINI S&P 500 STOCK INDEX - CHICAGO MERCANTILE EXCHANGE,3144839,465308,679497,157289,-214189
2015-12-15,S&P 500 Consolidated - CHICAGO MERCANTILE EXCHANGE,757425,91280,123851,52378,-32571
2015-12-22,S&P 500 STOCK INDEX - CHICAGO MERCANTILE EXCHANGE,83587,3498,2224,418,1274
2015-12-22,S&P 500 Consolidated - CHICAGO MERCANTILE EXCHANGE,593654,73739,126241,19457,-52502
2015-12-22,E-MINI S&P 500 STOCK INDEX - CHICAGO MERCANTILE EXCHANGE,2550333,368001,636884,78400,-268883
2015-12-29,E-MINI S&P 500 STOCK INDEX - CHICAGO MERCANTILE EXCHANGE,2506414,336708,623583,80888,-286875
2015-12-29,S&P 500 STOCK INDEX - CHICAGO MERCANTILE EXCHANGE,83193,2335,4657,102,-2322
2015-12-29,S&P 500 Consolidated - CHICAGO MERCANTILE EXCHANGE,584476,66512,126209,19444,-59697
2016-01-05,E-MINI S&P 500 STOCK INDEX - CHICAGO MERCANTILE EXCHANGE,2573728,327433,630899,82158,-303466
2016-01-05,S&P 500 STOCK INDEX - CHICAGO MERCANTILE EXCHANGE,97272,5004,4523,77,481
2016-01-05,S&P 500 Consolidated - CHICAGO MERCANTILE EXCHANGE,612018,65287,125499,21713,-60212
2016-01-12,E-MINI S&P 500 STOCK INDEX - CHICAGO MERCANTILE EXCHANGE,2745684,331859,597909,87850,-266050
2016-01-12,S&P 500 STOCK INDEX - CHICAGO MERCANTILE EXCHANGE,100768,5484,6775,232,-1291
2016-01-12,S&P 500 Consolidated - CHICAGO MERCANTILE EXCHANGE,649905,64766,119267,24892,-54501
2016-01-19,S&P 500 Consolidated - CHICAGO MERCANTILE EXCHANGE,681362,63655,142642,24179,-78987
2016-01-19,S&P 500 STOCK INDEX - CHICAGO MERCANTILE EXCHANGE,108673,7713,5701,232,2012
2016-01-19,E-MINI S&P 500 STOCK INDEX - CHICAGO MERCANTILE EXCHANGE,2863447,312908,717902,86534,-404994
2016-01-26,E-MINI S&P 500 STOCK INDEX - CHICAGO MERCANTILE EXCHANGE,2899270,379786,732607,84088,-352821
2016-01-26,S&P 500 STOCK INDEX - CHICAGO MERCANTILE EXCHANGE,107227,8014,6764,433,1250
2016-01-26,S&P 500 Consolidated - CHICAGO MERCANTILE EXCHANGE,687081,74641,143956,26580,-69315
2016-02-02,E-MINI S&P 500 STOCK INDEX - CHICAGO MERCANTILE EXCHANGE,2989501,346535,785889,93075,-439354
2016-02-02,S&P 500 Consolidated - CHICAGO MERCANTILE EXCHANGE,719671,62672,151413,36384,-88741
2016-02-02,S&P 500 STOCK INDEX - CHICAGO MERCANTILE EXCHANGE,121771,10503,11373,631,-870
2016-02-09,S&P 500 Consolidated - CHICAGO MERCANTILE EXCHANGE,742952,67303,139568,33894,-72265
2016-02-09,S&P 500 STOCK INDEX - CHICAGO MERCANTILE EXCHANGE,129491,11086,7433,908,3653
2016-02-09,E-MINI S&P 500 STOCK INDEX - CHICAGO MERCANTILE EXCHANGE,3067305,349098,728691,96917,-379593
2016-02-16,S&P 500 Consolidated - CHICAGO MERCANTILE EXCHANGE,760791,71050,146777,32194,-75727
2016-02-16,S&P 500 STOCK INDEX - CHICAGO MERCANTILE EXCHANGE,140384,10508,8893,699,1615
2016-02-16,E-MINI S&P 500 STOCK INDEX - CHICAGO MERCANTILE EXCHANGE,3102033,375629,762342,84556,-386713
2016-02-23,S&P 500 Consolidated - CHICAGO MERCANTILE EXCHANGE,761112,70328,141995,31292,-71667
2016-02-23,S&P 500 STOCK INDEX - CHICAGO MERCANTILE EXCHANGE,142533,11242,7922,697,3320
2016-02-23,E-MINI S&P 500 STOCK INDEX - CHICAGO MERCANTILE EXCHANGE,3092895,361877,736813,86527,-374936
2016-03-01,S&P 500 STOCK INDEX - CHICAGO MERCANTILE EXCHANGE,146272,14064,9301,729,4763
2016-03-01,E-MINI S&P 500 STOCK INDEX - CHICAGO MERCANTILE EXCHANGE,3149871,372546,744497,93181,-371951
2016-03-01,S&P 500 Consolidated - CHICAGO MERCANTILE EXCHANGE,776246,70404,140031,37535,-69627
2016-03-08,E-MINI S&P 500 STOCK INDEX - CHICAGO MERCANTILE EXCHANGE,3271582,388984,800675,104017,-411691
2016-03-08,S&P 500 Consolidated - CHICAGO MERCANTILE EXCHANGE,812089,81335,150837,37890,-69502
2016-03-08,S&P 500 STOCK INDEX - CHICAGO MERCANTILE EXCHANGE,157773,19846,7010,779,12836
2016-03-15,E-MINI S&P 500 STOCK INDEX - CHICAGO MERCANTILE EXCHANGE,3396546,413724,781769,135434,-368045
2016-03-15,S&P 500 STOCK INDEX - CHICAGO MERCANTILE EXCHANGE,155794,19534,7005,1475,12529
2016-03-15,S&P 500 Consolidated - CHICAGO MERCANTILE EXCHANGE,835103,83319,144399,47522,-61080
2016-03-22,S&P 500 STOCK INDEX - CHICAGO MERCANTILE EXCHANGE,60257,2061,1653,50,408
2016-03-22,E-MINI S&P 500 STOCK INDEX - CHICAGO MERCANTILE EXCHANGE,2820719,357231,710786,89690,-353555
2016-03-22,S&P 500 Consolidated - CHICAGO MERCANTILE EXCHANGE,624401,71920,142223,19575,-70303
2016-03-29,E-MINI S&P 500 STOCK INDEX - CHICAGO MERCANTILE EXCHANGE,2849125,366032,723559,84133,-357527
2016-03-29,S&P 500 STOCK INDEX - CHICAGO MERCANTILE EXCHANGE,62229,2830,2296,50,534
2016-03-29,S&P 500 Consolidated - CHICAGO MERCANTILE EXCHANGE,632054,73910,144882,19003,-70972
2016-04-05,S&P 500 Consolidated - CHICAGO MERCANTILE EXCHANGE,640464,82427,146345,21682,-63918
2016-04-05,S&P 500 STOCK INDEX - CHICAGO MERCANTILE EXCHANGE,66906,3794,4959,50,-1165
2016-04-05,E-MINI S&P 500 STOCK INDEX - CHICAGO MERCANTILE EXCHANGE,2867791,409021,722785,92306,-313764
2016-04-12,S&P 500 STOCK INDEX - CHICAGO MERCANTILE EXCHANGE,73167,5868,5286,1155,582
2016-04-12,E-MINI S&P 500 STOCK INDEX - CHICAGO MERCANTILE EXCHANGE,2857883,389679,702494,104311,-312815
2016-04-12,S&P 500 Consolidated - CHICAGO MERCANTILE EXCHANGE,644744,78599,140580,27222,-61981
2016-04-19,S&P 500 Consolidated - CHICAGO MERCANTILE EXCHANGE,647049,84484,144044,26898,-59560
2016-04-19,S&P 500 STOCK INDEX - CHICAGO MERCANTILE EXCHANGE,72173,5553,6081,1138,-528
2016-04-19,E-MINI S&P 500 STOCK INDEX - CHICAGO MERCANTILE EXCHANGE,2874380,426314,721470,97144,-295156
2016-04-26,E-MINI S&P 500 STOCK INDEX - CHICAGO MERCANTILE EXCHANGE,2868896,460023,682587,82148,-222564
2016-04-26,S&P 500 STOCK INDEX - CHICAGO MERCANTILE EXCHANGE,79546,7791,5966,130,1825
2016-04-26,S&P 500 Consolidated - CHICAGO MERCANTILE EXCHANGE,653325,92139,134827,24216,-42688
2016-05-03,E-MINI S&P 500 STOCK INDEX - CHICAGO MERCANTILE EXCHANGE,2811993,438428,663438,85286,-225010
2016-05-03,S&P 500 STOCK INDEX - CHICAGO MERCANTILE EXCHANGE,77934,5932,7885,151,-1953
2016-05-03,S&P 500 Consolidated - CHICAGO MERCANTILE EXCHANGE,640333,85065,132020,25760,-46955
2016-05-10,E-MINI S&P 500 STOCK INDEX - CHICAGO MERCANTILE EXCHANGE,2865334,439320,698000,97758,-258680
2016-05-10,S&P 500 Consolidated - CHICAGO MERCANTILE EXCHANGE,648848,86161,138988,27098,-52827
2016-05-10,S&P 500 STOCK INDEX - CHICAGO MERCANTILE EXCHANGE,75781,5694,6785,149,-1091
2016-05-17,E-MINI S&P 500 STOCK INDEX - CHICAGO MERCANTILE EXCHANGE,2850259,408081,725844,101388,-317763
2016-05-17,S&P 500 Consolidated - CHICAGO MERCANTILE EXCHANGE,644341,78683,143851,29266,-65168
2016-05-17,S&P 500 STOCK INDEX - CHICAGO MERCANTILE EXCHANGE,74289,5907,7522,149,-1615
2016-05-24,S&P 500 Consolidated - CHICAGO MERCANTILE EXCHANGE,673452,97963,161735,26679,-63772
2016-05-24,S&P 500 STOCK INDEX - CHICAGO MERCANTILE EXCHANGE,78663,6170,5220,1090,950
2016-05-24,E-MINI S&P 500 STOCK INDEX - CHICAGO MERCANTILE EXCHANGE,2973946,492436,816047,94477,-323611
2016-05-31,E-MINI S&P 500 STOCK INDEX - CHICAGO MERCANTILE EXCHANGE,2989845,485000,830759,84498,-345759
2016-05-31,S&P 500 Consolidated - CHICAGO MERCANTILE EXCHANGE,681779,94641,164161,28208,-69520
2016-05-31,S&P 500 STOCK INDEX - CHICAGO MERCANTILE EXCHANGE,83810,8859,9228,90,-369
2016-06-07,E-MINI S&P 500 STOCK INDEX - CHICAGO MERCANTILE EXCHANGE,3123389,472240,911975,83881,-439735
2016-06-07,S&P 500 Consolidated - CHICAGO MERCANTILE EXCHANGE,715957,95427,181293,25542,-85866
2016-06-07,S&P 500 STOCK INDEX - CHICAGO MERCANTILE EXCHANGE,91279,9576,7495,169,2081
2016-06-14,E-MINI S&P 500 STOCK INDEX - CHICAGO MERCANTILE EXCHANGE,3341912,486913,792889,142442,-305976
2016-06-14,S&P 500 Consolidated - CHICAGO MERCANTILE EXCHANGE,774471,97830,160973,39298,-63143
2016-06-14,S&P 500 STOCK INDEX - CHICAGO MERCANTILE EXCHANGE,106089,9831,11779,1426,-1948
2016-06-21,S&P 500 Consolidated - CHICAGO MERCANTILE EXCHANGE,620998,70838,144717,16530,-73879
2016-06-21,E-MINI S&P 500 STOCK INDEX - CHICAGO MERCANTILE EXCHANGE,2781212,352995,707445,77117,-354450
2016-06-21,S&P 500 STOCK INDEX - CHICAGO MERCANTILE EXCHANGE,64756,1021,4010,325,-2989
2016-06-28,E-MINI S&P 500 STOCK INDEX - CHICAGO MERCANTILE EXCHANGE,2950885,356011,769161,81088,-413150
2016-06-28,S&P 500 STOCK INDEX - CHICAGO MERCANTILE EXCHANGE,83283,4333,10025,375,-5692
2016-06-28,S&P 500 Consolidated - CHICAGO MERCANTILE EXCHANGE,673460,67538,155860,24590,-88322
2016-07-05,S&P 500 STOCK INDEX - CHICAGO MERCANTILE EXCHANGE,88405,6696,11072,639,-4376
2016-07-05,E-MINI S&P 500 STOCK INDEX - CHICAGO MERCANTILE EXCHANGE,3003946,348891,807178,84665,-458287
2016-07-05,S&P 500 Consolidated - CHICAGO MERCANTILE EXCHANGE,689194,67996,164030,26050,-96034
2016-07-12,E-MINI S&P 500 STOCK INDEX - CHICAGO MERCANTILE EXCHANGE,2969096,392771,751800,81725,-359029
2016-07-12,S&P 500 STOCK INDEX - CHICAGO MERCANTILE EXCHANGE,91999,8858,10424,1257,-1566
2016-07-12,S&P 500 Consolidated - CHICAGO MERCANTILE EXCHANGE,685818,79707,153079,25307,-73372
2016-07-19,E-MINI S&P 500 STOCK INDEX - CHICAGO MERCANTILE EXCHANGE,2966710,414857,732760,81224,-317903
2016-07-19,S&P 500 STOCK INDEX - CHICAGO MERCANTILE EXCHANGE,95493,11381,13894,467,-2513
2016-07-19,S&P 500 Consolidated - CHICAGO MERCANTILE EXCHANGE,688835,80722,146816,30342,-66094
2016-07-26,S&P 500 Consolidated - CHICAGO MERCANTILE EXCHANGE,688070,83355,149062,29590,-65707
2016-07-26,S&P 500 STOCK INDEX - CHICAGO MERCANTILE EXCHANGE,95282,11230,14157,497,-2927
2016-07-26,E-MINI S&P 500 STOCK INDEX - CHICAGO MERCANTILE EXCHANGE,2963940,428160,742061,77931,-313901
2016-08-02,S&P 500 Consolidated - CHICAGO MERCANTILE EXCHANGE,683947,80728,151205,38291,-70477
2016-08-02,S&P 500 STOCK INDEX - CHICAGO MERCANTILE EXCHANGE,95301,15592,20346,525,-4754
2016-08-02,E-MINI S&P 500 STOCK INDEX - CHICAGO MERCANTILE EXCHANGE,2943229,438032,766646,76477,-328614
2016-08-09,E-MINI S&P 500 STOCK INDEX - CHICAGO MERCANTILE EXCHANGE,2920958,409893,739353,86609,-329460
2016-08-09,S&P 500 STOCK INDEX - CHICAGO MERCANTILE EXCHANGE,92245,13048,18962,525,-5914
2016-08-09,S&P 500 Consolidated - CHICAGO MERCANTILE EXCHANGE,676437,76292,148098,36582,-71806
2016-08-16,E-MINI S&P 500 STOCK INDEX - CHICAGO MERCANTILE EXCHANGE,2942915,424662,715790,83537,-291128
2016-08-16,S&P 500 STOCK INDEX - CHICAGO MERCANTILE EXCHANGE,94253,12901,19263,525,-6362
2016-08-16,S&P 500 Consolidated - CHICAGO MERCANTILE EXCHANGE,682836,78323,142910,36743,-64587
2016-08-23,S&P 500 Consolidated - CHICAGO MERCANTILE EXCHANGE,700378,86089,150677,35740,-64588
2016-08-23,S&P 500 STOCK INDEX - CHICAGO MERCANTILE EXCHANGE,99569,11373,24546,527,-13173
2016-08-23,E-MINI S&P 500 STOCK INDEX - CHICAGO MERCANTILE EXCHANGE,3004043,469402,726478,80242,-257076
2016-08-30,E-MINI S&P 500 STOCK INDEX - CHICAGO MERCANTILE EXCHANGE,3052142,473662,709629,88290,-235967
2016-08-30,S&P 500 STOCK INDEX - CHICAGO MERCANTILE EXCHANGE,99912,16536,23798,525,-7262
2016-08-30,S&P 500 Consolidated - CHICAGO MERCANTILE EXCHANGE,710340,88286,142741,41165,-54455
2016-09-06,E-MINI S&P 500 STOCK INDEX - CHICAGO MERCANTILE EXCHANGE,3151038,462461,724466,122337,-262005
2016-09-06,S&P 500 Consolidated - CHICAGO MERCANTILE EXCHANGE,735322,86248,148650,45176,-62402
2016-09-06,S&P 500 STOCK INDEX - CHICAGO MERCANTILE EXCHANGE,105114,13910,23911,555,-10001
2016-09-13,E-MINI S&P 500 STOCK INDEX - CHICAGO MERCANTILE EXCHANGE,3514714,445245,716685,173577,-271440
2016-09-13,S&P 500 Consolidated - CHICAGO MERCANTILE EXCHANGE,825324,76592,141017,66705,-64425
2016-09-13,S&P 500 STOCK INDEX - CHICAGO MERCANTILE EXCHANGE,122381,18787,28924,746,-10137
2016-09-20,S&P 500 STOCK INDEX - CHICAGO MERCANTILE EXCHANGE,61335,2175,6298,25,-4123
2016-09-20,S&P 500 Consolidated - CHICAGO MERCANTILE EXCHANGE,641083,66431,145162,19717,-78731
2016-09-20,E-MINI S&P 500 STOCK INDEX - CHICAGO MERCANTILE EXCHANGE,2898741,342841,715881,76898,-373040
2016-09-27,S&P 500 STOCK INDEX - CHICAGO MERCANTILE EXCHANGE,63904,4346,4822,20,-476
2016-09-27,E-MINI S&P 500 STOCK INDEX - CHICAGO MERCANTILE EXCHANGE,2887362,340017,759911,70382,-419894
2016-09-27,S&P 500 Consolidated - CHICAGO MERCANTILE EXCHANGE,641376,67699,152154,18746,-84455
2016-10-04,E-MINI S&P 500 STOCK INDEX - CHICAGO MERCANTILE EXCHANGE,2925178,365715,799891,56509,-434176
2016-10-04,S&P 500 STOCK INDEX - CHICAGO MERCANTILE EXCHANGE,74374,7221,8647,0,-1426
2016-10-04,S&P 500 Consolidated - CHICAGO MERCANTILE EXCHANGE,659410,68844,157105,22822,-88261
2016-10-11,S&P 500 STOCK INDEX - CHICAGO MERCANTILE EXCHANGE,78057,9102,6110,0,2992
2016-10-11,S&P 500 Consolidated - CHICAGO MERCANTILE EXCHANGE,667013,70455,158295,19246,-87840
2016-10-11,E-MINI S&P 500 STOCK INDEX - CHICAGO MERCANTILE EXCHANGE,2944782,348414,802573,54579,-454159
2016-10-18,S&P 500 Consolidated - CHICAGO MERCANTILE EXCHANGE,665364,71222,143365,20522,-72143
2016-10-18,E-MINI S&P 500 STOCK INDEX - CHICAGO MERCANTILE EXCHANGE,2946199,357307,744399,61111,-387092
2016-10-18,S&P 500 STOCK INDEX - CHICAGO MERCANTILE EXCHANGE,76124,8061,2785,0,5276
2016-10-25,S&P 500 Consolidated - CHICAGO MERCANTILE EXCHANGE,682461,75360,152444,20709,-77084
2016-10-25,E-MINI S&P 500 STOCK INDEX - CHICAGO MERCANTILE EXCHANGE,3000750,385641,784393,56523,-398752
2016-10-25,S&P 500 STOCK INDEX - CHICAGO MERCANTILE EXCHANGE,82311,7637,4970,0,2667
2016-11-01,S&P 500 Consolidated - CHICAGO MERCANTILE EXCHANGE,681289,80114,136125,26538,-56011
2016-11-01,S&P 500 STOCK INDEX - CHICAGO MERCANTILE EXCHANGE,83944,8453,4491,0,3962
2016-11-01,E-MINI S&P 500 STOCK INDEX - CHICAGO MERCANTILE EXCHANGE,2986724,405631,705497,85361,-299866
2016-11-08,S&P 500 STOCK INDEX - CHICAGO MERCANTILE EXCHANGE,86792,11862,4868,722,6994
2016-11-08,E-MINI S&P 500 STOCK INDEX - CHICAGO MERCANTILE EXCHANGE,2930959,443107,641456,97418,-198349
2016-11-08,S&P 500 Consolidated - CHICAGO MERCANTILE EXCHANGE,672984,88458,121134,32231,-32676
2016-11-15,S&P 500 STOCK INDEX - CHICAGO MERCANTILE EXCHANGE,84290,9775,5344,50,4431
2016-11-15,E-MINI S&P 500 STOCK INDEX - CHICAGO MERCANTILE EXCHANGE,2913769,425277,656414,81622,-231137
2016-11-15,S&P 500 Consolidated - CHICAGO MERCANTILE EXCHANGE,667044,85127,126924,26077,-41797
2016-11-22,S&P 500 Consolidated - CHICAGO MERCANTILE EXCHANGE,697761,85264,130993,31424,-45729
2016-11-22,S&P 500 STOCK INDEX - CHICAGO MERCANTILE EXCHANGE,90433,12972,7450,200,5522
2016-11-22,E-MINI S&P 500 STOCK INDEX - CHICAGO MERCANTILE EXCHANGE,3036641,433704,689959,83874,-256255
2016-11-29,E-MINI S&P 500 STOCK INDEX - CHICAGO MERCANTILE EXCHANGE,3081271,425907,726701,80680,-300794
2016-11-29,S&P 500 STOCK INDEX - CHICAGO MERCANTILE EXCHANGE,91633,14523,9639,225,4884
2016-11-29,S&P 500 Consolidated - CHICAGO MERCANTILE EXCHANGE,707887,84651,139926,31415,-55275
2016-12-06,S&P 500 STOCK INDEX - CHICAGO MERCANTILE EXCHANGE,92138,13144,9268,381,3876
2016-12-06,E-MINI S&P 500 STOCK INDEX - CHICAGO MERCANTILE EXCHANGE,3051926,413482,664019,85575,-250537
2016-12-06,S&P 500 Consolidated - CHICAGO MERCANTILE EXCHANGE,702523,82989,129220,30347,-46231
2016-12-13,E-MINI S&P 500 STOCK INDEX - CHICAGO MERCANTILE EXCHANGE,3389480,437870,753534,116380,-315664
2016-12-13,S&P 500 Consolidated - CHICAGO MERCANTILE EXCHANGE,779925,88884,137589,45156,-48705
2016-12-13,S&P 500 STOCK INDEX - CHICAGO MERCANTILE EXCHANGE,102029,21909,7481,1281,14428
2016-12-20,E-MINI S&P 500 STOCK INDEX - CHICAGO MERCANTILE EXCHANGE,2757555,336605,560455,62950,-223850
2016-12-20,S&P 500 Consolidated - CHICAGO MERCANTILE EXCHANGE,607961,67988,115875,16264,-47887
2016-12-20,S&P 500 STOCK INDEX - CHICAGO MERCANTILE EXCHANGE,56450,4129,7246,212,-3117
2016-12-27,S&P 500 Consolidated - CHICAGO MERCANTILE EXCHANGE,609421,73144,112803,15476,-39659
2016-12-27,S&P 500 STOCK INDEX - CHICAGO MERCANTILE EXCHANGE,58585,2913,8209,212,-5296
2016-12-27,E-MINI S&P 500 STOCK INDEX - CHICAGO MERCANTILE EXCHANGE,2754179,361717,533532,65759,-171815
2017-01-03,S&P 500 Consolidated - CHICAGO MERCANTILE EXCHANGE,628650,83758,106202,19403,-22444
2017-01-03,E-MINI S&P 500 STOCK INDEX - CHICAGO MERCANTILE EXCHANGE,2812086,414006,514564,74503,-100558
2017-01-03,S&P 500 STOCK INDEX - CHICAGO MERCANTILE EXCHANGE,66233,5297,7630,162,-2333
2017-01-10,S&P 500 Consolidated - CHICAGO MERCANTILE EXCHANGE,628415,78471,120400,18242,-41929
2017-01-10,S&P 500 STOCK INDEX - CHICAGO MERCANTILE EXCHANGE,62059,5099,8615,107,-3516
2017-01-10,E-MINI S&P 500 STOCK INDEX - CHICAGO MERCANTILE EXCHANGE,2831782,392660,584724,64878,-192064
2017-01-17,S&P 500 Consolidated - CHICAGO MERCANTILE EXCHANGE,624477,71823,128768,18334,-56945
2017-01-17,E-MINI S&P 500 STOCK INDEX - CHICAGO MERCANTILE EXCHANGE,2810749,360222,626621,64760,-266399
2017-01-17,S&P 500 STOCK INDEX - CHICAGO MERCANTILE EXCHANGE,62327,5066,8731,95,-3665
2017-01-24,E-MINI S&P 500 STOCK INDEX - CHICAGO MERCANTILE EXCHANGE,2869436,386501,645891,62479,-259390
2017-01-24,S&P 500 STOCK INDEX - CHICAGO MERCANTILE EXCHANGE,65336,6024,9953,971,-3929
2017-01-24,S&P 500 Consolidated - CHICAGO MERCANTILE EXCHANGE,639223,77494,133301,19297,-55807
2017-01-31,E-MINI S&P 500 STOCK INDEX - CHICAGO MERCANTILE EXCHANGE,2839486,392578,608843,65806,-216265
2017-01-31,S&P 500 STOCK INDEX - CHICAGO MERCANTILE EXCHANGE,68307,4385,12988,450,-8603
2017-01-31,S&P 500 Consolidated - CHICAGO MERCANTILE EXCHANGE,636204,76719,128575,19793,-51856
2017-02-07,S&P 500 Consolidated - CHICAGO MERCANTILE EXCHANGE,647479,72947,131054,24367,-58107
2017-02-07,E-MINI S&P 500 STOCK INDEX - CHICAGO MERCANTILE EXCHANGE,2890204,387751,627626,69813,-239875
2017-02-07,S&P 500 STOCK INDEX - CHICAGO MERCANTILE EXCHANGE,69438,5451,15583,350,-10132
2017-02-14,E-MINI S&P 500 STOCK INDEX - CHICAGO MERCANTILE EXCHANGE,3018235,403451,619395,102263,-215944
2017-02-14,S&P 500 Consolidated - CHICAGO MERCANTILE EXCHANGE,675290,77846,125916,32062,-48070
2017-02-14,S&P 500 STOCK INDEX - CHICAGO MERCANTILE EXCHANGE,71643,7135,12017,1630,-4882
2017-02-21,S&P 500 Consolidated - CHICAGO MERCANTILE EXCHANGE,693015,76868,121351,40457,-44483
2017-02-21,E-MINI S&P 500 STOCK INDEX - CHICAGO MERCANTILE EXCHANGE,3056454,433815,600641,112722,-166826
2017-02-21,S&P 500 STOCK INDEX - CHICAGO MERCANTILE EXCHANGE,81724,7773,18891,244,-11118
2017-02-28,S&P 500 Consolidated - CHICAGO MERCANTILE EXCHANGE,717622,83432,128503,38910,-45071
2017-02-28,S&P 500 STOCK INDEX - CHICAGO MERCANTILE EXCHANGE,94112,8567,17119,282,-8552
2017-02-28,E-MINI S&P 500 STOCK INDEX - CHICAGO MERCANTILE EXCHANGE,3117551,455377,637972,112088,-182595
2017-03-07,S&P 500 STOCK INDEX - CHICAGO MERCANTILE EXCHANGE,96235,9092,21242,399,-12150
2017-03-07,S&P 500 Consolidated - CHICAGO MERCANTILE EXCHANGE,742520,93244,120935,45183,-27691
2017-03-07,E-MINI S&P 500 STOCK INDEX - CHICAGO MERCANTILE EXCHANGE,3231427,500019,577725,144661,-77706
2017-03-14,E-MINI S&P 500 STOCK INDEX - CHICAGO MERCANTILE EXCHANGE,3542383,495446,612138,182364,-116692
2017-03-14,S&P 500 STOCK INDEX - CHICAGO MERCANTILE EXCHANGE,93286,7154,23307,1052,-16153
2017-03-14,S&P 500 Consolidated - CHICAGO MERCANTILE EXCHANGE,801763,89702,129193,54066,-39491
2017-03-21,S&P 500 STOCK INDEX - CHICAGO MERCANTILE EXCHANGE,49191,2405,6470,0,-4065
2017-03-21,E-MINI S&P 500 STOCK INDEX - CHICAGO MERCANTILE EXCHANGE,2867968,365220,622153,77895,-256933
2017-03-21,S&P 500 Consolidated - CHICAGO MERCANTILE EXCHANGE,622785,72622,128073,18406,-55451
2017-03-28,E-MINI S&P 500 STOCK INDEX - CHICAGO MERCANTILE EXCHANGE,2884815,393863,619748,86616,-225885
2017-03-28,S&P 500 STOCK INDEX - CHICAGO MERCANTILE EXCHANGE,57078,4669,6865,0,-2196
2017-03-28,S&P 500 Consolidated - CHICAGO MERCANTILE EXCHANGE,634041,77849,125222,22916,-47373
2017-04-04,S&P 500 Consolidated - CHICAGO MERCANTILE EXCHANGE,625889,78175,119173,18243,-40998
2017-04-04,S&P 500 STOCK INDEX - CHICAGO MERCANTILE EXCHANGE,55235,3445,5918,0,-2473
2017-04-04,E-MINI S&P 500 STOCK INDEX - CHICAGO MERCANTILE EXCHANGE,2853269,384436,577060,80429,-192624
2017-04-11,E-MINI S&P 500 STOCK INDEX - CHICAGO MERCANTILE EXCHANGE,2886007,409968,592727,92766,-182759
2017-04-11,S&P 500 STOCK INDEX - CHICAGO MERCANTILE EXCHANGE,53898,4955,8337,212,-3382
2017-04-11,S&P 500 Consolidated - CHICAGO MERCANTILE EXCHANGE,631099,80993,120927,24721,-39934
2017-04-18,S&P 500 Consolidated - CHICAGO MERCANTILE EXCHANGE,642634,83407,124394,26170,-40987
2017-04-18,E-MINI S&P 500 STOCK INDEX - CHICAGO MERCANTILE EXCHANGE,2916029,419900,617317,87646,-197417
2017-04-18,S&P 500 STOCK INDEX - CHICAGO MERCANTILE EXCHANGE,59428,7865,9369,203,-1504
2017-04-25,E-MINI S&P 500 STOCK INDEX - CHICAGO MERCANTILE EXCHANGE,2955256,464726,667832,81121,-203106
2017-04-25,S&P 500 STOCK INDEX - CHICAGO MERCANTILE EXCHANGE,62290,9726,7138,189,2588
2017-04-25,S&P 500 Consolidated - CHICAGO MERCANTILE EXCHANGE,653341,90765,128798,28320,-38033
2017-05-02,E-MINI S&P 500 STOCK INDEX - CHICAGO MERCANTILE EXCHANGE,2958197,441613,651460,86112,-209847
2017-05-02,S&P 500 STOCK INDEX - CHICAGO MERCANTILE EXCHANGE,64780,8357,9584,0,-1227
2017-05-02,S&P 500 Consolidated - CHICAGO MERCANTILE EXCHANGE,656419,81482,124678,32420,-43196
2017-05-09,S&P 500 STOCK INDEX - CHICAGO MERCANTILE EXCHANGE,72554,9046,11084,20,-2038
2017-05-09,E-MINI S&P 500 STOCK INDEX - CHICAGO MERCANTILE EXCHANGE,3038006,472038,666610,85435,-194572
2017-05-09,S&P 500 Consolidated - CHICAGO MERCANTILE EXCHANGE,680155,85540,126493,35020,-40953
2017-05-16,S&P 500 STOCK INDEX - CHICAGO MERCANTILE EXCHANGE,71457,5700,10345,20,-4645
2017-05-16,E-MINI S&P 500 STOCK INDEX - CHICAGO MERCANTILE EXCHANGE,3065532,449085,672123,86195,-223038
2017-05-16,S&P 500 Consolidated - CHICAGO MERCANTILE EXCHANGE,684563,81928,131181,30848,-49253
2017-05-23,E-MINI S&P 500 STOCK INDEX - CHICAGO MERCANTILE EXCHANGE,3069954,490975,682968,92467,-191993
2017-05-23,S&P 500 STOCK INDEX - CHICAGO MERCANTILE EXCHANGE,77826,5040,12800,23,-7760
2017-05-23,S&P 500 Consolidated - CHICAGO MERCANTILE EXCHANGE,691817,88435,134594,33316,-46159
2017-05-30,S&P 500 STOCK INDEX - CHICAGO MERCANTILE EXCHANGE,77966,5808,12312,25,-6504
2017-05-30,S&P 500 Consolidated - CHICAGO MERCANTILE EXCHANGE,695192,93881,137075,33870,-43194
2017-05-30,E-MINI S&P 500 STOCK INDEX - CHICAGO MERCANTILE EXCHANGE,3086131,516066,699518,93524,-183452
2017-06-06,S&P 500 Consolidated - CHICAGO MERCANTILE EXCHANGE,706889,92911,138007,37471,-45096
2017-06-06,S&P 500 STOCK INDEX - CHICAGO MERCANTILE EXCHANGE,78376,5842,14618,95,-8776
2017-06-06,E-MINI S&P 500 STOCK INDEX - CHICAGO MERCANTILE EXCHANGE,3142563,523106,704706,99121,-181600
2017-06-13,E-MINI S&P 500 STOCK INDEX - CHICAGO MERCANTILE EXCHANGE,3472466,515602,693695,126882,-178093
2017-06-13,S&P 500 STOCK INDEX - CHICAGO MERCANTILE EXCHANGE,91400,8107,13261,1463,-5154
2017-06-13,S&P 500 Consolidated - CHICAGO MERCANTILE EXCHANGE,785893,91408,132180,46659,-40772
2017-06-20,E-MINI S&P 500 STOCK INDEX - CHICAGO MERCANTILE EXCHANGE,2824898,316255,590150,83476,-273895
2017-06-20,S&P 500 STOCK INDEX - CHICAGO MERCANTILE EXCHANGE,40503,2427,1729,0,698
2017-06-20,S&P 500 Consolidated - CHICAGO MERCANTILE EXCHANGE,605483,64313,118394,18060,-54081
2017-06-27,S&P 500 Consolidated - CHICAGO MERCANTILE EXCHANGE,616094,72011,116685,23499,-44674
2017-06-27,E-MINI S&P 500 STOCK INDEX - CHICAGO MERCANTILE EXCHANGE,2876159,353695,580645,110013,-226950
2017-06-27,S&P 500 ANNUAL DIVIDEND INDEX - CHICAGO MERCANTILE EXCHANGE,80547,1910,0,840,1910
2017-06-27,S&P 500 STOCK INDEX - CHICAGO MERCANTILE EXCHANGE,40862,2769,2053,0,716
2017-07-03,S&P 500 STOCK INDEX - CHICAGO MERCANTILE EXCHANGE,42671,3627,1948,0,1679
2017-07-03,S&P 500 Consolidated - CHICAGO MERCANTILE EXCHANGE,613110,73828,98432,24857,-24604
2017-07-03,S&P 500 ANNUAL DIVIDEND INDEX - CHICAGO MERCANTILE EXCHANGE,82411,5062,0,858,5062
2017-07-03,E-MINI S&P 500 STOCK INDEX - CHICAGO MERCANTILE EXCHANGE,2852197,357279,488693,118014,-131414
2017-07-11,E-MINI S&P 500 STOCK INDEX - CHICAGO MERCANTILE EXCHANGE,2844657,363768,487101,115901,-123333
2017-07-11,S&P 500 Consolidated - CHICAGO MERCANTILE EXCHANGE,614457,75405,98146,24212,-22741
2017-07-11,S&P 500 STOCK INDEX - CHICAGO MERCANTILE EXCHANGE,45526,3683,1758,0,1925
2017-07-11,S&P 500 ANNUAL DIVIDEND INDEX - CHICAGO MERCANTILE EXCHANGE,86082,5862,0,458,5862
2017-07-18,S&P 500 Consolidated - CHICAGO MERCANTILE EXCHANGE,631177,81971,108625,25172,-26654
2017-07-18,E-MINI S&P 500 STOCK INDEX - CHICAGO MERCANTILE EXCHANGE,2914099,395984,540516,116679,-144532
2017-07-18,S&P 500 ANNUAL DIVIDEND INDEX - CHICAGO MERCANTILE EXCHANGE,87225,5862,0,458,5862
2017-07-18,S&P 500 STOCK INDEX - CHICAGO MERCANTILE EXCHANGE,48357,4611,2358,0,2253
2017-07-25,S&P 500 STOCK INDEX - CHICAGO MERCANTILE EXCHANGE,55787,6467,4680,280,1787
2017-07-25,E-MINI S&P 500 STOCK INDEX - CHICAGO MERCANTILE EXCHANGE,2995537,409122,566693,119434,-157571
2017-07-25,S&P 500 ANNUAL DIVIDEND INDEX - CHICAGO MERCANTILE EXCHANGE,92394,5712,0,418,5712
2017-07-25,S&P 500 Consolidated - CHICAGO MERCANTILE EXCHANGE,654894,83858,113585,28601,-29727
2017-08-01,S&P 500 ANNUAL DIVIDEND INDEX - CHICAGO MERCANTILE EXCHANGE,92906,6592,0,398,6592
2017-08-01,S&P 500 STOCK INDEX - CHICAGO MERCANTILE EXCHANGE,56755,5206,5198,0,8
2017-08-01,S&P 500 Consolidated - CHICAGO MERCANTILE EXCHANGE,668674,79108,127341,30348,-48233
2017-08-01,E-MINI S&P 500 STOCK INDEX - CHICAGO MERCANTILE EXCHANGE,3059594,390480,631687,130768,-241207
2017-08-08,E-MINI S&P 500 STOCK INDEX - CHICAGO MERCANTILE EXCHANGE,3113437,374860,647671,138394,-272811
2017-08-08,S&P 500 Consolidated - CHICAGO MERCANTILE EXCHANGE,681713,76392,130679,31211,-54287
2017-08-08,S&P 500 ANNUAL DIVIDEND INDEX - CHICAGO MERCANTILE EXCHANGE,97588,7792,0,398,7792
2017-08-08,S&P 500 STOCK INDEX - CHICAGO MERCANTILE EXCHANGE,59026,4952,4677,0,275
2017-08-15,S&P 500 Consolidated - CHICAGO MERCANTILE EXCHANGE,695177,87594,118690,35596,-31096
2017-08-15,E-MINI S&P 500 STOCK INDEX - CHICAGO MERCANTILE EXCHANGE,3165620,425515,579829,163459,-154314
2017-08-15,S&P 500 ANNUAL DIVIDEND INDEX - CHICAGO MERCANTILE EXCHANGE,96738,8192,0,398,8192
2017-08-15,S&P 500 STOCK INDEX - CHICAGO MERCANTILE EXCHANGE,62053,5396,5629,0,-233
2017-08-22,S&P 500 STOCK INDEX - CHICAGO MERCANTILE EXCHANGE,67563,8613,8138,283,475
2017-08-22,S&P 500 Consolidated - CHICAGO MERCANTILE EXCHANGE,713658,95086,116829,40707,-21743
2017-08-22,E-MINI S&P 500 STOCK INDEX - CHICAGO MERCANTILE EXCHANGE,3230474,482024,593115,152461,-111091
2017-08-22,S&P 500 ANNUAL DIVIDEND INDEX - CHICAGO MERCANTILE EXCHANGE,99088,8192,0,398,8192
2017-08-29,S&P 500 ANNUAL DIVIDEND INDEX - CHICAGO MERCANTILE EXCHANGE,101938,8192,0,398,8192
2017-08-29,S&P 500 Consolidated - CHICAGO MERCANTILE EXCHANGE,731582,102946,116656,38253,-13710
2017-08-29,S&P 500 STOCK INDEX - CHICAGO MERCANTILE EXCHANGE,71328,8057,7230,0,827
2017-08-29,E-MINI S&P 500 STOCK INDEX - CHICAGO MERCANTILE EXCHANGE,3301271,510901,583587,154805,-72686
2017-09-05,E-MINI S&P 500 STOCK INDEX - CHICAGO MERCANTILE EXCHANGE,3327423,466714,588868,160526,-122154
2017-09-05,S&P 500 STOCK INDEX - CHICAGO MERCANTILE EXCHANGE,70008,9221,7396,0,1825
2017-09-05,S&P 500 Consolidated - CHICAGO MERCANTILE EXCHANGE,735493,92953,115559,41716,-22606
2017-09-05,S&P 500 ANNUAL DIVIDEND INDEX - CHICAGO MERCANTILE EXCHANGE,103008,8472,0,398,8472
2017-09-12,E-MINI S&P 500 STOCK INDEX - CHICAGO MERCANTILE EXCHANGE,3693118,470110,615328,203177,-145218
2017-09-12,S&P 500 STOCK INDEX - CHICAGO MERCANTILE EXCHANGE,72189,8558,9209,832,-651
2017-09-12,S&P 500 ANNUAL DIVIDEND INDEX - CHICAGO MERCANTILE EXCHANGE,106910,10474,0,398,10474
2017-09-12,S&P 500 Consolidated - CHICAGO MERCANTILE EXCHANGE,810813,92932,122627,51115,-29695
2017-09-19,S&P 500 Consolidated - CHICAGO MERCANTILE EXCHANGE,661762,70295,130332,19598,-60037
2017-09-19,E-MINI S&P 500 STOCK INDEX - CHICAGO MERCANTILE EXCHANGE,3090538,346040,640438,97041,-294398
2017-09-19,S&P 500 ANNUAL DIVIDEND INDEX - CHICAGO MERCANTILE EXCHANGE,109110,10874,0,398,10874
2017-09-19,S&P 500 STOCK INDEX - CHICAGO MERCANTILE EXCHANGE,43654,1277,2434,0,-1157
2017-09-26,S&P 500 ANNUAL DIVIDEND INDEX - CHICAGO MERCANTILE EXCHANGE,110327,11074,0,398,11074
2017-09-26,S&P 500 STOCK INDEX - CHICAGO MERCANTILE EXCHANGE,45705,1436,4424,0,-2988
2017-09-26,S&P 500 Consolidated - CHICAGO MERCANTILE EXCHANGE,657752,71178,130992,18368,-59814
2017-09-26,E-MINI S&P 500 STOCK INDEX - CHICAGO MERCANTILE EXCHANGE,3060234,349817,633947,90734,-284130
2017-10-03,S&P 500 ANNUAL DIVIDEND INDEX - CHICAGO MERCANTILE EXCHANGE,111107,9174,0,598,9174
2017-10-03,S&P 500 STOCK INDEX - CHICAGO MERCANTILE EXCHANGE,47574,2464,6381,0,-3917
2017-10-03,S&P 500 Consolidated - CHICAGO MERCANTILE EXCHANGE,650232,73270,119914,23913,-46644
2017-10-03,E-MINI S&P 500 STOCK INDEX - CHICAGO MERCANTILE EXCHANGE,3013291,379126,592765,94466,-213639
2017-10-10,S&P 500 Consolidated - CHICAGO MERCANTILE EXCHANGE,665557,78794,120208,30908,-41414
2017-10-10,S&P 500 ANNUAL DIVIDEND INDEX - CHICAGO MERCANTILE EXCHANGE,111307,10674,0,598,10674
2017-10-10,E-MINI S&P 500 STOCK INDEX - CHICAGO MERCANTILE EXCHANGE,3069650,403234,591641,123563,-188407
2017-10-10,S&P 500 STOCK INDEX - CHICAGO MERCANTILE EXCHANGE,51627,3142,6875,1200,-3733
2017-10-17,S&P 500 Consolidated - CHICAGO MERCANTILE EXCHANGE,669706,79270,117896,27957,-38626
2017-10-17,S&P 500 STOCK INDEX - CHICAGO MERCANTILE EXCHANGE,53399,3450,4985,1200,-1535
2017-10-17,S&P 500 ANNUAL DIVIDEND INDEX - CHICAGO MERCANTILE EXCHANGE,111146,9274,0,1118,9274
2017-10-17,E-MINI S&P 500 STOCK INDEX - CHICAGO MERCANTILE EXCHANGE,3081534,392709,578161,120177,-185452
2017-10-24,S&P 500 ANNUAL DIVIDEND INDEX - CHICAGO MERCANTILE EXCHANGE,109926,8874,0,1118,8874
2017-10-24,S&P 500 STOCK INDEX - CHICAGO MERCANTILE EXCHANGE,60336,5163,9362,1100,-4199
2017-10-24,S&P 500 Consolidated - CHICAGO MERCANTILE EXCHANGE,692744,81580,118544,32361,-36964
2017-10-24,E-MINI S&P 500 STOCK INDEX - CHICAGO MERCANTILE EXCHANGE,3162041,417701,581529,120689,-163828
2017-10-31,E-MINI S&P 500 STOCK INDEX - CHICAGO MERCANTILE EXCHANGE,3187695,440191,560608,128810,-120417
2017-10-31,S&P 500 Consolidated - CHICAGO MERCANTILE EXCHANGE,701203,83202,113829,33954,-30627
2017-10-31,S&P 500 ANNUAL DIVIDEND INDEX - CHICAGO MERCANTILE EXCHANGE,108166,9474,0,718,9474
2017-10-31,S&P 500 STOCK INDEX - CHICAGO MERCANTILE EXCHANGE,63664,3331,9874,25,-6543
2017-11-07,S&P 500 Consolidated - CHICAGO MERCANTILE EXCHANGE,715963,90328,127753,35604,-37425
2017-11-07,E-MINI S&P 500 STOCK INDEX - CHICAGO MERCANTILE EXCHANGE,3244403,484670,640153,122458,-155483
2017-11-07,S&P 500 ANNUAL DIVIDEND INDEX - CHICAGO MERCANTILE EXCHANGE,102695,6824,0,598,6824
2017-11-07,S&P 500 STOCK INDEX - CHICAGO MERCANTILE EXCHANGE,67082,4507,10835,0,-6328
2017-11-14,S&P 500 ANNUAL DIVIDEND INDEX - CHICAGO MERCANTILE EXCHANGE,100755,6824,0,598,6824
2017-11-14,S&P 500 STOCK INDEX - CHICAGO MERCANTILE EXCHANGE,67909,3071,10179,327,-7108
2017-11-14,S&P 500 Consolidated - CHICAGO MERCANTILE EXCHANGE,720635,95080,125688,31590,-30608
2017-11-14,E-MINI S&P 500 STOCK INDEX - CHICAGO MERCANTILE EXCHANGE,3263629,501755,619259,114604,-117504
2017-11-21,E-MINI S&P 500 STOCK INDEX - CHICAGO MERCANTILE EXCHANGE,3329620,521968,630188,88606,-108220
2017-11-21,S&P 500 STOCK INDEX - CHICAGO MERCANTILE EXCHANGE,73031,5010,10006,600,-4996
2017-11-21,S&P 500 Consolidated - CHICAGO MERCANTILE EXCHANGE,738955,98590,125230,29135,-26640
2017-11-21,S&P 500 ANNUAL DIVIDEND INDEX - CHICAGO MERCANTILE EXCHANGE,99064,6524,0,598,6524
2017-11-28,E-MINI S&P 500 STOCK INDEX - CHICAGO MERCANTILE EXCHANGE,3387929,538959,656701,93637,-117742
2017-11-28,S&P 500 STOCK INDEX - CHICAGO MERCANTILE EXCHANGE,78758,6669,11595,1271,-4926
2017-11-28,S&P 500 Consolidated - CHICAGO MERCANTILE EXCHANGE,756344,99863,128337,34597,-28474
2017-11-28,S&P 500 ANNUAL DIVIDEND INDEX - CHICAGO MERCANTILE EXCHANGE,99064,6524,0,598,6524
2017-12-05,S&P 500 Consolidated - CHICAGO MERCANTILE EXCHANGE,780215,106236,128540,42243,-22304
2017-12-05,S&P 500 STOCK INDEX - CHICAGO MERCANTILE EXCHANGE,77526,5279,13855,200,-8576
2017-12-05,E-MINI S&P 500 STOCK INDEX - CHICAGO MERCANTILE EXCHANGE,3513444,575487,644130,139509,-68643
2017-12-05,S&P 500 ANNUAL DIVIDEND INDEX - CHICAGO MERCANTILE EXCHANGE,99784,5564,0,598,5564
2017-12-12,S&P 500 ANNUAL DIVIDEND INDEX - CHICAGO MERCANTILE EXCHANGE,103009,5984,0,618,5984
2017-12-12,S&P 500 STOCK INDEX - CHICAGO MERCANTILE EXCHANGE,97077,9801,12996,871,-3195
2017-12-12,S&P 500 Consolidated - CHICAGO MERCANTILE EXCHANGE,863122,89150,124302,50947,-35152
2017-12-12,E-MINI S&P 500 STOCK INDEX - CHICAGO MERCANTILE EXCHANGE,3830224,484531,644318,162592,-159787
2017-12-19,S&P 500 ANNUAL DIVIDEND INDEX - CHICAGO MERCANTILE EXCHANGE,95928,5822,0,618,5822
2017-12-19,S&P 500 STOCK INDEX - CHICAGO MERCANTILE EXCHANGE,43745,1686,3823,0,-2137
2017-12-19,S&P 500 Consolidated - CHICAGO MERCANTILE EXCHANGE,641391,81213,114159,16575,-32946
2017-12-19,E-MINI S&P 500 STOCK INDEX - CHICAGO MERCANTILE EXCHANGE,2988232,402466,556510,78047,-154044
2017-12-26,E-MINI S&P 500 STOCK INDEX - CHICAGO MERCANTILE EXCHANGE,3061310,420751,570387,71863,-149636
2017-12-26,S&P 500 ANNUAL DIVIDEND INDEX - CHICAGO MERCANTILE EXCHANGE,95928,5822,0,618,5822
2017-12-26,S&P 500 STOCK INDEX - CHICAGO MERCANTILE EXCHANGE,51675,3005,4203,6,-1198
2017-12-26,S&P 500 Consolidated - CHICAGO MERCANTILE EXCHANGE,663937,85425,116550,16109,-31125
2018-01-02,S&P 500 ANNUAL DIVIDEND INDEX - CHICAGO MERCANTILE EXCHANGE,92956,6702,0,618,6702
2018-01-02,S&P 500 Consolidated - CHICAGO MERCANTILE EXCHANGE,662131,69393,103396,20315,-34003
2018-01-02,S&P 500 STOCK INDEX - CHICAGO MERCANTILE EXCHANGE,51912,2291,5688,0,-3397
2018-01-02,E-MINI S&P 500 STOCK INDEX - CHICAGO MERCANTILE EXCHANGE,3051095,348963,501994,88123,-153031
2018-01-09,S&P 500 ANNUAL DIVIDEND INDEX - CHICAGO MERCANTILE EXCHANGE,93583,5362,0,818,5362
2018-01-09,E-MINI S&P 500 STOCK INDEX - CHICAGO MERCANTILE EXCHANGE,3241341,357685,613902,99735,-256217
2018-01-09,S&P 500 Consolidated - CHICAGO MERCANTILE EXCHANGE,704939,70378,125435,24770,-55057
2018-01-09,S&P 500 STOCK INDEX - CHICAGO MERCANTILE EXCHANGE,56671,3664,7478,0,-3814
2018-01-16,S&P 500 ANNUAL DIVIDEND INDEX - CHICAGO MERCANTILE EXCHANGE,93553,2122,370,798,1752
2018-01-16,S&P 500 STOCK INDEX - CHICAGO MERCANTILE EXCHANGE,55435,4099,6749,0,-2650
2018-01-16,S&P 500 Consolidated - CHICAGO MERCANTILE EXCHANGE,719920,85071,124619,25504,-39548
2018-01-16,E-MINI S&P 500 STOCK INDEX - CHICAGO MERCANTILE EXCHANGE,3322427,426192,610683,106188,-184491
2018-01-23,S&P 500 Consolidated - CHICAGO MERCANTILE EXCHANGE,753197,92258,121770,34682,-29512
2018-01-23,E-MINI S&P 500 STOCK INDEX - CHICAGO MERCANTILE EXCHANGE,3417469,480173,604182,117425,-124009
2018-01-23,S&P 500 ANNUAL DIVIDEND INDEX - CHICAGO MERCANTILE EXCHANGE,94898,2122,1631,798,491
2018-01-23,S&P 500 STOCK INDEX - CHICAGO MERCANTILE EXCHANGE,69703,7420,12130,0,-4710
2018-01-30,E-MINI S&P 500 STOCK INDEX - CHICAGO MERCANTILE EXCHANGE,3395965,509045,536961,118219,-27916
2018-01-30,S&P 500 Consolidated - CHICAGO MERCANTILE EXCHANGE,755004,100245,105870,32395,-5625
2018-01-30,S&P 500 ANNUAL DIVIDEND INDEX - CHICAGO MERCANTILE EXCHANGE,97143,2388,1631,798,757
2018-01-30,S&P 500 STOCK INDEX - CHICAGO MERCANTILE EXCHANGE,75811,7187,7229,0,-42
2018-02-06,E-MINI S&P 500 STOCK INDEX - CHICAGO MERCANTILE EXCHANGE,3428810,557318,487639,136791,69679
2018-02-06,S&P 500 Consolidated - CHICAGO MERCANTILE EXCHANGE,764134,90405,98733,53984,-8328
2018-02-06,S&P 500 ANNUAL DIVIDEND INDEX - CHICAGO MERCANTILE EXCHANGE,101282,2245,111,1208,2134
2018-02-06,S&P 500 STOCK INDEX - CHICAGO MERCANTILE EXCHANGE,78372,5568,27831,0,-22263
2018-02-13,S&P 500 ANNUAL DIVIDEND INDEX - CHICAGO MERCANTILE EXCHANGE,102504,2121,111,1208,2010
2018-02-13,E-MINI S&P 500 STOCK INDEX - CHICAGO MERCANTILE EXCHANGE,3341713,470038,489119,133242,-19081
2018-02-13,S&P 500 STOCK INDEX - CHICAGO MERCANTILE EXCHANGE,77641,8277,18237,0,-9960
2018-02-13,S&P 500 Consolidated - CHICAGO MERCANTILE EXCHANGE,745984,85290,99067,43643,-13777
2018-02-20,S&P 500 ANNUAL DIVIDEND INDEX - CHICAGO MERCANTILE EXCHANGE,105341,2201,111,1158,2090
2018-02-20,E-MINI S&P 500 STOCK INDEX - CHICAGO MERCANTILE EXCHANGE,3327297,418900,535965,96660,-117065
2018-02-20,S&P 500 Consolidated - CHICAGO MERCANTILE EXCHANGE,743270,75499,108621,35434,-33122
2018-02-20,S&P 500 STOCK INDEX - CHICAGO MERCANTILE EXCHANGE,77811,7821,17530,0,-9709
2018-02-27,S&P 500 ANNUAL DIVIDEND INDEX - CHICAGO MERCANTILE EXCHANGE,105739,2159,649,620,1510
2018-02-27,S&P 500 STOCK INDEX - CHICAGO MERCANTILE EXCHANGE,85229,13282,16614,249,-3332
2018-02-27,E-MINI S&P 500 STOCK INDEX - CHICAGO MERCANTILE EXCHANGE,3331246,412143,539154,99433,-127011
2018-02-27,S&P 500 Consolidated - CHICAGO MERCANTILE EXCHANGE,751478,76565,105300,39281,-28735
2018-03-06,E-MINI S&P 500 STOCK INDEX - CHICAGO MERCANTILE EXCHANGE,3320841,444490,497652,125564,-53162
2018-03-06,S&P 500 Consolidated - CHICAGO MERCANTILE EXCHANGE,744178,77608,99052,44689,-21444
2018-03-06,S&P 500 ANNUAL DIVIDEND INDEX - CHICAGO MERCANTILE EXCHANGE,107809,2179,649,620,1530
2018-03-06,S&P 500 STOCK INDEX - CHICAGO MERCANTILE EXCHANGE,80010,8286,19097,0,-10811
2018-03-13,E-MINI S&P 500 STOCK INDEX - CHICAGO MERCANTILE EXCHANGE,3763469,460328,544039,175504,-83711
2018-03-13,S&P 500 Consolidated - CHICAGO MERCANTILE EXCHANGE,841393,78465,108207,57486,-29742
2018-03-13,S&P 500 ANNUAL DIVIDEND INDEX - CHICAGO MERCANTILE EXCHANGE,107038,2179,649,620,1530
2018-03-13,S&P 500 STOCK INDEX - CHICAGO MERCANTILE EXCHANGE,88699,7527,20527,1257,-13000
2018-03-20,E-MINI S&P 500 STOCK INDEX - CHICAGO MERCANTILE EXCHANGE,2757489,333829,444749,81606,-110920
2018-03-20,S&P 500 ANNUAL DIVIDEND INDEX - CHICAGO MERCANTILE EXCHANGE,107871,2139,899,580,1240
2018-03-20,S&P 500 STOCK INDEX - CHICAGO MERCANTILE EXCHANGE,32950,3083,2652,0,431
2018-03-20,S&P 500 Consolidated - CHICAGO MERCANTILE EXCHANGE,584448,66779,88532,19391,-21753
2018-03-27,S&P 500 ANNUAL DIVIDEND INDEX - CHICAGO MERCANTILE EXCHANGE,107099,1309,899,580,410
2018-03-27,S&P 500 Consolidated - CHICAGO MERCANTILE EXCHANGE,645461,83659,80879,25852,2780
2018-03-27,E-MINI S&P 500 STOCK INDEX - CHICAGO MERCANTILE EXCHANGE,2974542,423760,403739,93120,20021
2018-03-27,S&P 500 STOCK INDEX - CHICAGO MERCANTILE EXCHANGE,50553,5690,6914,445,-1224
2018-04-03,S&P 500 STOCK INDEX - CHICAGO MERCANTILE EXCHANGE,62386,8868,6725,241,2143
2018-04-03,S&P 500 Consolidated - CHICAGO MERCANTILE EXCHANGE,672875,85108,83782,24702,1326
2018-04-03,S&P 500 ANNUAL DIVIDEND INDEX - CHICAGO MERCANTILE EXCHANGE,107179,581,899,580,-318
2018-04-03,E-MINI S&P 500 STOCK INDEX - CHICAGO MERCANTILE EXCHANGE,3052445,418351,422436,85151,-4085
2018-04-10,E-MINI S&P 500 STOCK INDEX - CHICAGO MERCANTILE EXCHANGE,3030240,396803,433942,86584,-37139
2018-04-10,S&P 500 ANNUAL DIVIDEND INDEX - CHICAGO MERCANTILE EXCHANGE,107429,641,899,580,-258
2018-04-10,S&P 500 STOCK INDEX - CHICAGO MERCANTILE EXCHANGE,76205,9431,6984,812,2447
2018-04-10,S&P 500 Consolidated - CHICAGO MERCANTILE EXCHANGE,682253,80263,85244,26657,-4981
2018-04-17,S&P 500 ANNUAL DIVIDEND INDEX - CHICAGO MERCANTILE EXCHANGE,107356,773,731,448,42
2018-04-17,S&P 500 STOCK INDEX - CHICAGO MERCANTILE EXCHANGE,77465,10008,4856,407,5152
2018-04-17,S&P 500 Consolidated - CHICAGO MERCANTILE EXCHANGE,679003,79619,86419,24783,-6800
2018-04-17,E-MINI S&P 500 STOCK INDEX - CHICAGO MERCANTILE EXCHANGE,3007691,369858,429620,100076,-59762
2018-04-24,S&P 500 Consolidated - CHICAGO MERCANTILE EXCHANGE,685976,83497,81015,31205,2482
2018-04-24,E-MINI S&P 500 STOCK INDEX - CHICAGO MERCANTILE EXCHANGE,3040799,425049,443465,89411,-18416
2018-04-24,S&P 500 STOCK INDEX - CHICAGO MERCANTILE EXCHANGE,77816,10983,4818,827,6165
2018-04-24,S&P 500 ANNUAL DIVIDEND INDEX - CHICAGO MERCANTILE EXCHANGE,107244,948,731,448,217
2018-05-01,S&P 500 ANNUAL DIVIDEND INDEX - CHICAGO MERCANTILE EXCHANGE,107728,1180,731,178,449
2018-05-01,S&P 500 STOCK INDEX - CHICAGO MERCANTILE EXCHANGE,81901,10455,8222,406,2233
2018-05-01,S&P 500 Consolidated - CHICAGO MERCANTILE EXCHANGE,680823,84808,65861,30488,18947
2018-05-01,E-MINI S&P 500 STOCK INDEX - CHICAGO MERCANTILE EXCHANGE,2994612,448920,365350,73257,83570
2018-05-08,S&P 500 ANNUAL DIVIDEND INDEX - CHICAGO MERCANTILE EXCHANGE,108608,2150,731,178,1419
2018-05-08,E-MINI S&P 500 STOCK INDEX - CHICAGO MERCANTILE EXCHANGE,2989404,396094,400886,66565,-4792
2018-05-08,S&P 500 STOCK INDEX - CHICAGO MERCANTILE EXCHANGE,98616,12306,9824,136,2482
2018-05-08,S&P 500 Consolidated - CHICAGO MERCANTILE EXCHANGE,696497,73573,72049,31401,1524
2018-05-15,S&P 500 STOCK INDEX - CHICAGO MERCANTILE EXCHANGE,99871,12941,9221,104,3720
2018-05-15,S&P 500 Consolidated - CHICAGO MERCANTILE EXCHANGE,710995,73897,74097,37348,-200
2018-05-15,E-MINI S&P 500 STOCK INDEX - CHICAGO MERCANTILE EXCHANGE,3055622,401481,421080,89520,-19599
2018-05-15,S&P 500 ANNUAL DIVIDEND INDEX - CHICAGO MERCANTILE EXCHANGE,108970,2170,731,178,1439
2018-05-22,S&P 500 STOCK INDEX - CHICAGO MERCANTILE EXCHANGE,105810,12954,11111,418,1843
2018-05-22,S&P 500 Consolidated - CHICAGO MERCANTILE EXCHANGE,731490,73707,76146,38077,-2439
2018-05-22,E-MINI S&P 500 STOCK INDEX - CHICAGO MERCANTILE EXCHANGE,3128400,406479,427893,85578,-21414
2018-05-22,S&P 500 ANNUAL DIVIDEND INDEX - CHICAGO MERCANTILE EXCHANGE,109040,3450,731,178,2719
2018-05-29,E-MINI S&P 500 STOCK INDEX - CHICAGO MERCANTILE EXCHANGE,3209503,405636,471071,75325,-65435
2018-05-29,S&P 500 ANNUAL DIVIDEND INDEX - CHICAGO MERCANTILE EXCHANGE,111005,3450,731,178,2719
2018-05-29,S&P 500 STOCK INDEX - CHICAGO MERCANTILE EXCHANGE,116480,15338,10988,265,4350
2018-05-29,S&P 500 Consolidated - CHICAGO MERCANTILE EXCHANGE,758381,76097,84834,35698,-8737
2018-06-05,S&P 500 STOCK INDEX - CHICAGO MERCANTILE EXCHANGE,115774,15162,5814,368,9348
2018-06-05,S&P 500 Consolidated - CHICAGO MERCANTILE EXCHANGE,764297,69296,77076,38818,-7780
2018-06-05,E-MINI S&P 500 STOCK INDEX - CHICAGO MERCANTILE EXCHANGE,3242617,360139,445781,102779,-85642
2018-06-05,S&P 500 ANNUAL DIVIDEND INDEX - CHICAGO MERCANTILE EXCHANGE,110630,3570,731,178,2839
2018-06-12,S&P 500 Consolidated - CHICAGO MERCANTILE EXCHANGE,808289,72399,81649,52431,-9250
2018-06-12,E-MINI S&P 500 STOCK INDEX - CHICAGO MERCANTILE EXCHANGE,3411142,371663,469107,170085,-97444
2018-06-12,S&P 500 STOCK INDEX - CHICAGO MERCANTILE EXCHANGE,126061,16218,5979,263,10239
2018-06-12,S&P 500 ANNUAL DIVIDEND INDEX - CHICAGO MERCANTILE EXCHANGE,111404,5218,0,408,5218
2018-06-19,E-MINI S&P 500 STOCK INDEX - CHICAGO MERCANTILE EXCHANGE,2679161,314219,412618,69214,-98399
2018-06-19,S&P 500 STOCK INDEX - CHICAGO MERCANTILE EXCHANGE,48313,2350,303,200,2047
2018-06-19,S&P 500 Consolidated - CHICAGO MERCANTILE EXCHANGE,584145,64466,82099,14771,-17633
2018-06-19,S&P 500 ANNUAL DIVIDEND INDEX - CHICAGO MERCANTILE EXCHANGE,113484,6518,0,408,6518
2018-06-26,S&P 500 STOCK INDEX - CHICAGO MERCANTILE EXCHANGE,54785,5302,1452,201,3850
2018-06-26,E-MINI S&P 500 STOCK INDEX - CHICAGO MERCANTILE EXCHANGE,2687018,335956,429691,66208,-93735
2018-06-26,S&P 500 Consolidated - CHICAGO MERCANTILE EXCHANGE,592189,71037,85934,14899,-14897
2018-06-26,S&P 500 ANNUAL DIVIDEND INDEX - CHICAGO MERCANTILE EXCHANGE,112964,8238,0,408,8238
2018-07-03,E-MINI S&P 500 STOCK INDEX - CHICAGO MERCANTILE EXCHANGE,2677808,306650,398174,71393,-91524
2018-07-03,S&P 500 Consolidated - CHICAGO MERCANTILE EXCHANGE,591994,65397,79632,15229,-14235
2018-07-03,S&P 500 STOCK INDEX - CHICAGO MERCANTILE EXCHANGE,56432,5016,946,1,4070
2018-07-03,S&P 500 ANNUAL DIVIDEND INDEX - CHICAGO MERCANTILE EXCHANGE,112537,8298,0,408,8298
2018-07-10,S&P 500 ANNUAL DIVIDEND INDEX - CHICAGO MERCANTILE EXCHANGE,113725,8696,0,408,8696
2018-07-10,S&P 500 STOCK INDEX - CHICAGO MERCANTILE EXCHANGE,59188,4980,1815,2,3165
2018-07-10,S&P 500 Consolidated - CHICAGO MERCANTILE EXCHANGE,603377,64000,85665,17270,-21665
2018-07-10,E-MINI S&P 500 STOCK INDEX - CHICAGO MERCANTILE EXCHANGE,2720946,310066,434216,71374,-124150
2018-07-17,E-MINI S&P 500 STOCK INDEX - CHICAGO MERCANTILE EXCHANGE,2777242,321909,472027,82105,-150118
2018-07-17,S&P 500 Consolidated - CHICAGO MERCANTILE EXCHANGE,617923,66372,92386,19643,-26014
2018-07-17,S&P 500 ANNUAL DIVIDEND INDEX - CHICAGO MERCANTILE EXCHANGE,113614,8420,0,408,8420
2018-07-17,S&P 500 STOCK INDEX - CHICAGO MERCANTILE EXCHANGE,62475,5139,1130,73,4009
2018-07-24,E-MINI S&P 500 STOCK INDEX - CHICAGO MERCANTILE EXCHANGE,2779106,337301,488085,75701,-150784
2018-07-24,S&P 500 Consolidated - CHICAGO MERCANTILE EXCHANGE,618863,68900,94628,19594,-25728
2018-07-24,S&P 500 STOCK INDEX - CHICAGO MERCANTILE EXCHANGE,63042,5621,1192,273,4429
2018-07-24,S&P 500 ANNUAL DIVIDEND INDEX - CHICAGO MERCANTILE EXCHANGE,113873,8540,0,408,8540
2018-07-31,E-MINI S&P 500 STOCK INDEX - CHICAGO MERCANTILE EXCHANGE,2762632,333057,427497,79228,-94440
2018-07-31,S&P 500 STOCK INDEX - CHICAGO MERCANTILE EXCHANGE,62733,5550,2108,0,3442
2018-07-31,S&P 500 Consolidated - CHICAGO MERCANTILE EXCHANGE,615259,67770,83216,20237,-15446
2018-07-31,S&P 500 ANNUAL DIVIDEND INDEX - CHICAGO MERCANTILE EXCHANGE,113877,8745,0,408,8745
2018-08-07,S&P 500 Consolidated - CHICAGO MERCANTILE EXCHANGE,631017,68888,92792,21644,-23904
2018-08-07,S&P 500 STOCK INDEX - CHICAGO MERCANTILE EXCHANGE,64923,5713,1097,133,4616
2018-08-07,S&P 500 ANNUAL DIVIDEND INDEX - CHICAGO MERCANTILE EXCHANGE,114156,8985,0,408,8985
2018-08-07,E-MINI S&P 500 STOCK INDEX - CHICAGO MERCANTILE EXCHANGE,2830470,339650,482248,83779,-142598
2018-08-14,S&P 500 STOCK INDEX - CHICAGO MERCANTILE EXCHANGE,64919,5692,1339,0,4353
2018-08-14,S&P 500 Consolidated - CHICAGO MERCANTILE EXCHANGE,628840,69782,90811,22142,-21029
2018-08-14,E-MINI S&P 500 STOCK INDEX - CHICAGO MERCANTILE EXCHANGE,2819606,344881,471792,86277,-126911
2018-08-14,S&P 500 ANNUAL DIVIDEND INDEX - CHICAGO MERCANTILE EXCHANGE,113758,9465,0,408,9465
2018-08-21,E-MINI S&P 500 STOCK INDEX - CHICAGO MERCANTILE EXCHANGE,2828985,340436,506464,80272,-166028
2018-08-21,S&P 500 Consolidated - CHICAGO MERCANTILE EXCHANGE,632271,67542,98345,22049,-30803
2018-08-21,S&P 500 ANNUAL DIVIDEND INDEX - CHICAGO MERCANTILE EXCHANGE,114319,9585,0,408,9585
2018-08-21,S&P 500 STOCK INDEX - CHICAGO MERCANTILE EXCHANGE,66474,5450,3047,0,2403
2018-08-28,E-MINI S&P 500 STOCK INDEX - CHICAGO MERCANTILE EXCHANGE,2876521,347694,519404,84773,-171710
2018-08-28,S&P 500 Consolidated - CHICAGO MERCANTILE EXCHANGE,646116,68281,98897,25948,-30616
2018-08-28,S&P 500 ANNUAL DIVIDEND INDEX - CHICAGO MERCANTILE EXCHANGE,113665,9605,0,408,9605
2018-08-28,S&P 500 STOCK INDEX - CHICAGO MERCANTILE EXCHANGE,70812,7535,3809,200,3726
2018-09-04,S&P 500 Consolidated - CHICAGO MERCANTILE EXCHANGE,648498,57027,99386,23579,-42359
2018-09-04,E-MINI S&P 500 STOCK INDEX - CHICAGO MERCANTILE EXCHANGE,2893316,295334,523408,70716,-228074
2018-09-04,S&P 500 ANNUAL DIVIDEND INDEX - CHICAGO MERCANTILE EXCHANGE,113695,9906,0,408,9906
2018-09-04,S&P 500 STOCK INDEX - CHICAGO MERCANTILE EXCHANGE,69835,7396,4140,0,3256
2018-09-11,S&P 500 ANNUAL DIVIDEND INDEX - CHICAGO MERCANTILE EXCHANGE,113465,9990,0,408,9990
2018-09-11,S&P 500 STOCK INDEX - CHICAGO MERCANTILE EXCHANGE,69681,7356,4540,0,2816
2018-09-11,S&P 500 Consolidated - CHICAGO MERCANTILE EXCHANGE,653358,55989,97582,25883,-41593
2018-09-11,E-MINI S&P 500 STOCK INDEX - CHICAGO MERCANTILE EXCHANGE,2918387,291099,513146,81482,-222047
2018-09-18,S&P 500 ANNUAL DIVIDEND INDEX - CHICAGO MERCANTILE EXCHANGE,115801,10210,0,408,10210
2018-09-18,S&P 500 Consolidated - CHICAGO MERCANTILE EXCHANGE,726708,46783,88798,36674,-42015
2018-09-18,E-MINI S&P 500 STOCK INDEX - CHICAGO MERCANTILE EXCHANGE,3299237,243478,478012,124087,-234534
2018-09-18,S&P 500 STOCK INDEX - CHICAGO MERCANTILE EXCHANGE,66861,9546,4655,398,4891
2018-09-25,E-MINI S&P 500 STOCK INDEX - CHICAGO MERCANTILE EXCHANGE,2732088,184271,431992,36866,-247721
2018-09-25,S&P 500 STOCK INDEX - CHICAGO MERCANTILE EXCHANGE,33216,1182,1327,200,-145
2018-09-25,S&P 500 Consolidated - CHICAGO MERCANTILE EXCHANGE,579634,37725,87414,7884,-49689
2018-09-25,S&P 500 ANNUAL DIVIDEND INDEX - CHICAGO MERCANTILE EXCHANGE,115666,11460,0,198,11460
2018-10-02,E-MINI S&P 500 STOCK INDEX - CHICAGO MERCANTILE EXCHANGE,2783452,198578,416117,47674,-217539
2018-10-02,S&P 500 STOCK INDEX - CHICAGO MERCANTILE EXCHANGE,33852,1686,753,200,933
2018-10-02,S&P 500 ANNUAL DIVIDEND INDEX - CHICAGO MERCANTILE EXCHANGE,115557,11141,0,198,11141
2018-10-02,S&P 500 Consolidated - CHICAGO MERCANTILE EXCHANGE,590542,40673,83248,10463,-42575
2018-10-09,S&P 500 Consolidated - CHICAGO MERCANTILE EXCHANGE,611580,45865,77897,12976,-32032
2018-10-09,S&P 500 STOCK INDEX - CHICAGO MERCANTILE EXCHANGE,43461,3910,2593,200,1317
2018-10-09,S&P 500 TOTAL RETURN INDEX - CHICAGO MERCANTILE EXCHANGE,210007,0,0,0,0
2018-10-09,S&P 500 ANNUAL DIVIDEND INDEX - CHICAGO MERCANTILE EXCHANGE,117054,11415,0,198,11415
2018-10-09,E-MINI S&P 500 STOCK INDEX - CHICAGO MERCANTILE EXCHANGE,2840595,224310,391052,49344,-166742
2018-10-16,S&P 500 ANNUAL DIVIDEND INDEX - CHICAGO MERCANTILE EXCHANGE,117683,11535,0,178,11535
2018-10-16,E-MINI S&P 500 STOCK INDEX - CHICAGO MERCANTILE EXCHANGE,2875182,304332,328781,54480,-24449
2018-10-16,S&P 500 STOCK INDEX - CHICAGO MERCANTILE EXCHANGE,52125,6479,5585,0,894
2018-10-16,S&P 500 Consolidated - CHICAGO MERCANTILE EXCHANGE,627161,59370,63365,18872,-3995
2018-10-16,S&P 500 TOTAL RETURN INDEX - CHICAGO MERCANTILE EXCHANGE,217007,0,0,0,0
2018-10-23,S&P 500 ANNUAL DIVIDEND INDEX - CHICAGO MERCANTILE EXCHANGE,121042,13962,0,178,13962
2018-10-23,S&P 500 Consolidated - CHICAGO MERCANTILE EXCHANGE,634547,70716,78149,14395,-7433
2018-10-23,E-MINI S&P 500 STOCK INDEX - CHICAGO MERCANTILE EXCHANGE,2919850,338497,400755,49697,-62258
2018-10-23,S&P 500 TOTAL RETURN INDEX - CHICAGO MERCANTILE EXCHANGE,217007,0,0,0,0
2018-10-23,S&P 500 STOCK INDEX - CHICAGO MERCANTILE EXCHANGE,50577,7473,2454,0,5019
2018-10-30,S&P 500 ANNUAL DIVIDEND INDEX - CHICAGO MERCANTILE EXCHANGE,114944,12475,0,178,12475
2018-10-30,S&P 500 Consolidated - CHICAGO MERCANTILE EXCHANGE,651135,78152,76831,21726,1321
2018-10-30,E-MINI S&P 500 STOCK INDEX - CHICAGO MERCANTILE EXCHANGE,2988190,381923,410941,61975,-29018
2018-10-30,S&P 500 TOTAL RETURN INDEX - CHICAGO MERCANTILE EXCHANGE,217007,0,0,0,0
2018-10-30,S&P 500 STOCK INDEX - CHICAGO MERCANTILE EXCHANGE,53497,11098,3974,0,7124
2018-11-06,S&P 500 TOTAL RETURN INDEX - CHICAGO MERCANTILE EXCHANGE,219007,0,0,0,0
2018-11-06,S&P 500 STOCK INDEX - CHICAGO MERCANTILE EXCHANGE,54638,11470,4436,286,7034
2018-11-06,S&P 500 ANNUAL DIVIDEND INDEX - CHICAGO MERCANTILE EXCHANGE,115974,9475,0,1178,9475
2018-11-06,S&P 500 Consolidated - CHICAGO MERCANTILE EXCHANGE,642723,61745,76356,25546,-14611
2018-11-06,E-MINI S&P 500 STOCK INDEX - CHICAGO MERCANTILE EXCHANGE,2940426,298629,406855,79045,-108226
2018-11-13,E-MINI S&P 500 STOCK INDEX - CHICAGO MERCANTILE EXCHANGE,2967052,285460,418415,79494,-132955
2018-11-13,S&P 500 STOCK INDEX - CHICAGO MERCANTILE EXCHANGE,55269,10193,5836,200,4357
2018-11-13,S&P 500 ANNUAL DIVIDEND INDEX - CHICAGO MERCANTILE EXCHANGE,113262,7123,138,41,6985
2018-11-13,S&P 500 Consolidated - CHICAGO MERCANTILE EXCHANGE,648679,57644,79878,25740,-22234
2018-11-20,S&P 500 ANNUAL DIVIDEND INDEX - CHICAGO MERCANTILE EXCHANGE,113377,7938,138,41,7800
2018-11-20,S&P 500 TOTAL RETURN INDEX - CHICAGO MERCANTILE EXCHANGE,237007,0,0,0,0
2018-11-20,S&P 500 STOCK INDEX - CHICAGO MERCANTILE EXCHANGE,59056,13113,5242,0,7871
2018-11-20,E-MINI S&P 500 STOCK INDEX - CHICAGO MERCANTILE EXCHANGE,3049639,302245,378121,72109,-75876
2018-11-20,S&P 500 Consolidated - CHICAGO MERCANTILE EXCHANGE,668984,61711,69015,26273,-7304
2018-11-27,S&P 500 ANNUAL DIVIDEND INDEX - CHICAGO MERCANTILE EXCHANGE,113617,8238,138,41,8100
2018-11-27,E-MINI S&P 500 STOCK INDEX - CHICAGO MERCANTILE EXCHANGE,3037661,328074,376861,85389,-48787
2018-11-27,S&P 500 STOCK INDEX - CHICAGO MERCANTILE EXCHANGE,59583,11791,8098,200,3693
2018-11-27,S&P 500 Consolidated - CHICAGO MERCANTILE EXCHANGE,667115,65123,71188,29560,-6065
2018-12-04,S&P 500 STOCK INDEX - CHICAGO MERCANTILE EXCHANGE,67226,12517,5511,200,7006
2018-12-04,S&P 500 Consolidated - CHICAGO MERCANTILE EXCHANGE,681655,61719,77112,30674,-15393
2018-12-04,S&P 500 ANNUAL DIVIDEND INDEX - CHICAGO MERCANTILE EXCHANGE,113511,8078,138,61,7940
2018-12-04,E-MINI S&P 500 STOCK INDEX - CHICAGO MERCANTILE EXCHANGE,3072144,305182,417175,93200,-111993
2018-12-11,S&P 500 STOCK INDEX - CHICAGO MERCANTILE EXCHANGE,66818,12442,4958,200,7484
2018-12-11,E-MINI S&P 500 STOCK INDEX - CHICAGO MERCANTILE EXCHANGE,3135184,359637,376565,95965,-16928
2018-12-11,S&P 500 ANNUAL DIVIDEND INDEX - CHICAGO MERCANTILE EXCHANGE,114614,7438,118,80,7320
2018-12-11,S&P 500 Consolidated - CHICAGO MERCANTILE EXCHANGE,693855,72862,68764,30900,4098
2018-12-18,S&P 500 ANNUAL DIVIDEND INDEX - CHICAGO MERCANTILE EXCHANGE,111287,7020,0,198,7020
2018-12-18,S&P 500 STOCK INDEX - CHICAGO MERCANTILE EXCHANGE,65807,13704,5826,293,7878
2018-12-18,S&P 500 Consolidated - CHICAGO MERCANTILE EXCHANGE,709900,80565,63132,36066,17433
2018-12-18,E-MINI S&P 500 STOCK INDEX - CHICAGO MERCANTILE EXCHANGE,3220465,404687,356910,108483,47777
2018-12-24,S&P 500 STOCK INDEX - CHICAGO MERCANTILE EXCHANGE,26978,3465,1499,0,1966
2018-12-24,S&P 500 ANNUAL DIVIDEND INDEX - CHICAGO MERCANTILE EXCHANGE,63675,6928,0,478,6928
2018-12-24,E-MINI S&P 500 STOCK INDEX - CHICAGO MERCANTILE EXCHANGE,2808490,436477,287420,48743,149057
2018-12-24,S&P 500 Consolidated - CHICAGO MERCANTILE EXCHANGE,588676,88617,56840,11892,31777
2018-12-31,E-MINI S&P 500 STOCK INDEX - CHICAGO MERCANTILE EXCHANGE,2694884,296016,285201,54125,10815
2018-12-31,S&P 500 ANNUAL DIVIDEND INDEX - CHICAGO MERCANTILE EXCHANGE,64598,6986,0,478,6986
2018-12-31,S&P 500 STOCK INDEX - CHICAGO MERCANTILE EXCHANGE,36791,4895,2800,200,2095
2018-12-31,S&P 500 Consolidated - CHICAGO MERCANTILE EXCHANGE,575768,59873,55615,15250,4258
2019-01-08,S&P 500 ANNUAL DIVIDEND INDEX - CHICAGO MERCANTILE EXCHANGE,65301,7576,0,478,7576
2019-01-08,E-MINI S&P 500 STOCK INDEX - CHICAGO MERCANTILE EXCHANGE,2628458,236322,292549,51532,-56227
2019-01-08,S&P 500 STOCK INDEX - CHICAGO MERCANTILE EXCHANGE,48050,8305,4229,0,4076
2019-01-08,S&P 500 Consolidated - CHICAGO MERCANTILE EXCHANGE,573742,47599,54769,18277,-7170
2019-01-15,E-MINI S&P 500 STOCK INDEX - CHICAGO MERCANTILE EXCHANGE,2655210,219550,333977,49046,-114427
2019-01-15,S&P 500 STOCK INDEX - CHICAGO MERCANTILE EXCHANGE,54945,9732,4660,500,5072
2019-01-15,S&P 500 Consolidated - CHICAGO MERCANTILE EXCHANGE,585987,45443,63257,18508,-17814
2019-01-15,S&P 500 ANNUAL DIVIDEND INDEX - CHICAGO MERCANTILE EXCHANGE,63000,7576,0,478,7576
2019-01-22,S&P 500 Consolidated - CHICAGO MERCANTILE EXCHANGE,595185,51212,67577,25676,-16365
2019-01-22,S&P 500 STOCK INDEX - CHICAGO MERCANTILE EXCHANGE,59788,14150,2021,1932,12129
2019-01-22,E-MINI S&P 500 STOCK INDEX - CHICAGO MERCANTILE EXCHANGE,2676983,248348,390817,55682,-142469
2019-01-22,S&P 500 ANNUAL DIVIDEND INDEX - CHICAGO MERCANTILE EXCHANGE,63110,7676,0,478,7676
2019-01-29,S&P 500 STOCK INDEX - CHICAGO MERCANTILE EXCHANGE,60638,16037,4556,281,11481
2019-01-29,S&P 500 ANNUAL DIVIDEND INDEX - CHICAGO MERCANTILE EXCHANGE,74844,9652,0,478,9652
2019-01-29,S&P 500 Consolidated - CHICAGO MERCANTILE EXCHANGE,599443,55291,64680,26520,-9389
2019-01-29,E-MINI S&P 500 STOCK INDEX - CHICAGO MERCANTILE EXCHANGE,2694025,282534,386884,44931,-104350
2019-02-05,E-MINI S&P 500 STOCK INDEX - CHICAGO MERCANTILE EXCHANGE,2653040,237804,423181,53561,-185377
2019-02-05,S&P 500 STOCK INDEX - CHICAGO MERCANTILE EXCHANGE,61882,13264,5028,406,8236
2019-02-05,S&P 500 Consolidated - CHICAGO MERCANTILE EXCHANGE,592490,45860,74699,26083,-28839
2019-02-05,S&P 500 ANNUAL DIVIDEND INDEX - CHICAGO MERCANTILE EXCHANGE,75742,11042,0,478,11042
2019-02-12,S&P 500 Consolidated - CHICAGO MERCANTILE EXCHANGE,591539,42009,66769,24975,-24760
2019-02-12,S&P 500 STOCK INDEX - CHICAGO MERCANTILE EXCHANGE,62381,13459,2529,422,10930
2019-02-12,S&P 500 ANNUAL DIVIDEND INDEX - CHICAGO MERCANTILE EXCHANGE,76499,10012,0,478,10012
2019-02-12,E-MINI S&P 500 STOCK INDEX - CHICAGO MERCANTILE EXCHANGE,2645788,207255,385705,58257,-178450
2019-02-19,S&P 500 STOCK INDEX - CHICAGO MERCANTILE EXCHANGE,63647,12951,4163,228,8788
2019-02-19,S&P 500 ANNUAL DIVIDEND INDEX - CHICAGO MERCANTILE EXCHANGE,77003,10012,0,300,10012
2019-02-19,E-MINI S&P 500 STOCK INDEX - CHICAGO MERCANTILE EXCHANGE,2628240,202578,398879,56487,-196301
2019-02-19,S&P 500 Consolidated - CHICAGO MERCANTILE EXCHANGE,589295,39247,69719,25745,-30472
2019-02-26,S&P 500 STOCK INDEX - CHICAGO MERCANTILE EXCHANGE,63238,12387,2075,904,10312
2019-02-26,S&P 500 Consolidated - CHICAGO MERCANTILE EXCHANGE,603122,41995,75377,24425,-33382
2019-02-26,S&P 500 ANNUAL DIVIDEND INDEX - CHICAGO MERCANTILE EXCHANGE,78951,10182,0,300,10182
2019-02-26,E-MINI S&P 500 STOCK INDEX - CHICAGO MERCANTILE EXCHANGE,2699419,205879,424348,59768,-218469
2019-03-05,S&P 500 Consolidated - CHICAGO MERCANTILE EXCHANGE,571144,46771,77462,22040,-30691
2019-03-05,S&P 500 STOCK INDEX - CHICAGO MERCANTILE EXCHANGE,46430,9554,1819,894,7735
2019-03-05,S&P 500 ANNUAL DIVIDEND INDEX - CHICAGO MERCANTILE EXCHANGE,82296,10702,0,300,10702
2019-03-05,E-MINI S&P 500 STOCK INDEX - CHICAGO MERCANTILE EXCHANGE,2623571,231651,423779,60166,-192128
2019-03-12,S&P 500 Consolidated - CHICAGO MERCANTILE EXCHANGE,620260,43686,70626,34384,-26940
2019-03-12,S&P 500 STOCK INDEX - CHICAGO MERCANTILE EXCHANGE,44329,9400,1884,321,7516
2019-03-12,S&P 500 ANNUAL DIVIDEND INDEX - CHICAGO MERCANTILE EXCHANGE,88635,12390,0,300,12390
2019-03-12,E-MINI S&P 500 STOCK INDEX - CHICAGO MERCANTILE EXCHANGE,2879657,215864,388143,125878,-172279
2019-03-19,S&P 500 STOCK INDEX - CHICAGO MERCANTILE EXCHANGE,20316,4556,615,0,3941
2019-03-19,E-MINI S&P 500 STOCK INDEX - CHICAGO MERCANTILE EXCHANGE,2498540,196647,399911,36375,-203264
2019-03-19,S&P 500 Consolidated - CHICAGO MERCANTILE EXCHANGE,520024,40446,77158,10714,-36712
2019-03-19,S&P 500 ANNUAL DIVIDEND INDEX - CHICAGO MERCANTILE EXCHANGE,88961,12810,0,300,12810
2019-03-26,S&P 500 STOCK INDEX - CHICAGO MERCANTILE EXCHANGE,25217,4588,732,0,3856
2019-03-26,E-MINI S&P 500 STOCK INDEX - CHICAGO MERCANTILE EXCHANGE,2504206,220875,363443,31930,-142568
2019-03-26,S&P 500 Consolidated - CHICAGO MERCANTILE EXCHANGE,526058,45050,69708,10099,-24658
2019-03-26,S&P 500 ANNUAL DIVIDEND INDEX - CHICAGO MERCANTILE EXCHANGE,90930,11412,0,300,11412
2019-04-02,S&P 500 Consolidated - CHICAGO MERCANTILE EXCHANGE,533116,43609,76874,10523,-33265
2019-04-02,S&P 500 ANNUAL DIVIDEND INDEX - CHICAGO MERCANTILE EXCHANGE,93308,12426,0,300,12426
2019-04-02,E-MINI S&P 500 STOCK INDEX - CHICAGO MERCANTILE EXCHANGE,2527763,213888,391808,35495,-177920
2019-04-02,S&P 500 STOCK INDEX - CHICAGO MERCANTILE EXCHANGE,27563,3456,1137,800,2319
2019-04-09,S&P 500 STOCK INDEX - CHICAGO MERCANTILE EXCHANGE,28444,7409,1962,5,5447
2019-04-09,S&P 500 Consolidated - CHICAGO MERCANTILE EXCHANGE,540171,45296,77523,13387,-32227
2019-04-09,S&P 500 ANNUAL DIVIDEND INDEX - CHICAGO MERCANTILE EXCHANGE,97981,12651,0,300,12651
2019-04-09,E-MINI S&P 500 STOCK INDEX - CHICAGO MERCANTILE EXCHANGE,2558637,223731,412101,32615,-188370
2019-04-16,S&P 500 ANNUAL DIVIDEND INDEX - CHICAGO MERCANTILE EXCHANGE,101270,12651,0,300,12651
2019-04-16,S&P 500 STOCK INDEX - CHICAGO MERCANTILE EXCHANGE,34813,8223,4216,0,4007
2019-04-16,S&P 500 Consolidated - CHICAGO MERCANTILE EXCHANGE,559143,46949,80545,16096,-33596
2019-04-16,E-MINI S&P 500 STOCK INDEX - CHICAGO MERCANTILE EXCHANGE,2621649,237792,425806,36322,-188014
2019-04-23,S&P 500 Consolidated - CHICAGO MERCANTILE EXCHANGE,575717,51407,75699,20474,-24292
2019-04-23,S&P 500 ANNUAL DIVIDEND INDEX - CHICAGO MERCANTILE EXCHANGE,101334,12151,0,300,12151
2019-04-23,E-MINI S&P 500 STOCK INDEX - CHICAGO MERCANTILE EXCHANGE,2682940,277345,410109,41085,-132764
2019-04-23,S&P 500 STOCK INDEX - CHICAGO MERCANTILE EXCHANGE,39129,8195,5935,0,2260
2019-04-30,S&P 500 Consolidated - CHICAGO MERCANTILE EXCHANGE,571216,49586,67011,19830,-17425
2019-04-30,S&P 500 ANNUAL DIVIDEND INDEX - CHICAGO MERCANTILE EXCHANGE,101653,12352,0,100,12352
2019-04-30,E-MINI S&P 500 STOCK INDEX - CHICAGO MERCANTILE EXCHANGE,2638914,261788,347531,43022,-85743
2019-04-30,S&P 500 STOCK INDEX - CHICAGO MERCANTILE EXCHANGE,43433,8054,8330,400,-276
2019-05-07,S&P 500 Consolidated - CHICAGO MERCANTILE EXCHANGE,568612,48261,65288,19430,-17027
2019-05-07,S&P 500 ANNUAL DIVIDEND INDEX - CHICAGO MERCANTILE EXCHANGE,104161,12452,0,100,12452
2019-05-07,E-MINI S&P 500 STOCK INDEX - CHICAGO MERCANTILE EXCHANGE,2642843,267684,332686,44893,-65002
2019-05-07,S&P 500 STOCK INDEX - CHICAGO MERCANTILE EXCHANGE,40043,4622,8649,554,-4027
2019-05-14,S&P 500 Consolidated - CHICAGO MERCANTILE EXCHANGE,571543,48584,74155,18979,-25571
2019-05-14,S&P 500 ANNUAL DIVIDEND INDEX - CHICAGO MERCANTILE EXCHANGE,107155,12452,0,140,12452
2019-05-14,E-MINI S&P 500 STOCK INDEX - CHICAGO MERCANTILE EXCHANGE,2660327,260831,372226,44144,-111395
2019-05-14,S&P 500 STOCK INDEX - CHICAGO MERCANTILE EXCHANGE,39478,6038,9330,530,-3292
2019-05-21,S&P 500 ANNUAL DIVIDEND INDEX - CHICAGO MERCANTILE EXCHANGE,108178,12483,0,188,12483
2019-05-21,E-MINI S&P 500 STOCK INDEX - CHICAGO MERCANTILE EXCHANGE,2653510,250653,374269,52910,-123616
2019-05-21,S&P 500 STOCK INDEX - CHICAGO MERCANTILE EXCHANGE,41141,5723,9549,959,-3826
2019-05-21,S&P 500 Consolidated - CHICAGO MERCANTILE EXCHANGE,571843,46476,75025,20919,-28549
2019-05-28,S&P 500 ANNUAL DIVIDEND INDEX - CHICAGO MERCANTILE EXCHANGE,108167,12894,0,235,12894
2019-05-28,S&P 500 Consolidated - CHICAGO MERCANTILE EXCHANGE,581858,50619,74346,22940,-23727
2019-05-28,S&P 500 STOCK INDEX - CHICAGO MERCANTILE EXCHANGE,42690,6592,10343,480,-3751
2019-05-28,E-MINI S&P 500 STOCK INDEX - CHICAGO MERCANTILE EXCHANGE,2695841,275724,375607,56709,-99883
2019-06-04,S&P 500 ANNUAL DIVIDEND INDEX - CHICAGO MERCANTILE EXCHANGE,109996,13386,500,267,12886
2019-06-04,E-MINI S&P 500 STOCK INDEX - CHICAGO MERCANTILE EXCHANGE,2714128,309488,378037,58276,-68549
2019-06-04,S&P 500 Consolidated - CHICAGO MERCANTILE EXCHANGE,581678,60620,74944,21137,-14324
2019-06-04,S&P 500 STOCK INDEX - CHICAGO MERCANTILE EXCHANGE,38852,7569,8184,635,-615
2019-06-11,S&P 500 ANNUAL DIVIDEND INDEX - CHICAGO MERCANTILE EXCHANGE,111767,13486,1500,267,11986
2019-06-11,S&P 500 Consolidated - CHICAGO MERCANTILE EXCHANGE,586932,46737,84176,20249,-37439
2019-06-11,E-MINI S&P 500 STOCK INDEX - CHICAGO MERCANTILE EXCHANGE,2730040,225209,415710,60919,-190501
2019-06-11,S&P 500 STOCK INDEX - CHICAGO MERCANTILE EXCHANGE,40924,9731,9070,29,661
2019-06-18,S&P 500 Consolidated - CHICAGO MERCANTILE EXCHANGE,663913,45931,88833,36320,-42902
2019-06-18,S&P 500 ANNUAL DIVIDEND INDEX - CHICAGO MERCANTILE EXCHANGE,114113,13436,1500,299,11936
2019-06-18,S&P 500 STOCK INDEX - CHICAGO MERCANTILE EXCHANGE,50711,11358,10084,159,1274
2019-06-18,E-MINI S&P 500 STOCK INDEX - CHICAGO MERCANTILE EXCHANGE,3066008,211185,432061,142486,-220876
2019-06-25,E-MINI S&P 500 STOCK INDEX - CHICAGO MERCANTILE EXCHANGE,2467541,154791,402835,41993,-248044
2019-06-25,S&P 500 Consolidated - CHICAGO MERCANTILE EXCHANGE,516250,31292,77703,12654,-46411
2019-06-25,S&P 500 ANNUAL DIVIDEND INDEX - CHICAGO MERCANTILE EXCHANGE,121672,13736,1500,299,12236
2019-06-25,S&P 500 STOCK INDEX - CHICAGO MERCANTILE EXCHANGE,22742,4589,1391,0,3198
2019-07-02,E-MINI S&P 500 STOCK INDEX - CHICAGO MERCANTILE EXCHANGE,2545506,181371,430659,42887,-249288
2019-07-02,S&P 500 STOCK INDEX - CHICAGO MERCANTILE EXCHANGE,23320,874,2097,0,-1223
2019-07-02,S&P 500 Consolidated - CHICAGO MERCANTILE EXCHANGE,532421,35799,86879,9927,-51080
2019-07-02,S&P 500 ANNUAL DIVIDEND INDEX - CHICAGO MERCANTILE EXCHANGE,119897,14597,1500,306,13097
2019-07-09,S&P 500 Consolidated - CHICAGO MERCANTILE EXCHANGE,538672,32616,86826,9268,-54210
2019-07-09,S&P 500 ANNUAL DIVIDEND INDEX - CHICAGO MERCANTILE EXCHANGE,119687,16347,1000,306,15347
2019-07-09,E-MINI S&P 500 STOCK INDEX - CHICAGO MERCANTILE EXCHANGE,2566398,165988,439264,33162,-273276
2019-07-09,S&P 500 STOCK INDEX - CHICAGO MERCANTILE EXCHANGE,25392,2054,1609,0,445
2019-07-16,S&P 500 Consolidated - CHICAGO MERCANTILE EXCHANGE,556903,35293,88757,10426,-53464
2019-07-16,E-MINI S&P 500 STOCK INDEX - CHICAGO MERCANTILE EXCHANGE,2641285,175453,446425,37278,-270972
2019-07-16,S&P 500 STOCK INDEX - CHICAGO MERCANTILE EXCHANGE,28646,3172,2442,0,730
2019-07-16,S&P 500 ANNUAL DIVIDEND INDEX - CHICAGO MERCANTILE EXCHANGE,120270,16347,1000,306,15347
2019-07-23,S&P 500 ANNUAL DIVIDEND INDEX - CHICAGO MERCANTILE EXCHANGE,120350,16810,1000,306,15810
2019-07-23,E-MINI S&P 500 STOCK INDEX - CHICAGO MERCANTILE EXCHANGE,2639816,188862,402643,34690,-213781
2019-07-23,S&P 500 STOCK INDEX - CHICAGO MERCANTILE EXCHANGE,29641,3667,2513,0,1154
2019-07-23,S&P 500 Consolidated - CHICAGO MERCANTILE EXCHANGE,557604,36889,78492,11488,-41603
2019-07-30,S&P 500 Consolidated - CHICAGO MERCANTILE EXCHANGE,558588,35741,78711,12514,-42970
2019-07-30,S&P 500 ANNUAL DIVIDEND INDEX - CHICAGO MERCANTILE EXCHANGE,120938,15910,1000,306,14910
2019-07-30,E-MINI S&P 500 STOCK INDEX - CHICAGO MERCANTILE EXCHANGE,2641389,183033,402720,38394,-219687
2019-07-30,S&P 500 STOCK INDEX - CHICAGO MERCANTILE EXCHANGE,30310,3892,2925,77,967
2019-08-06,S&P 500 Consolidated - CHICAGO MERCANTILE EXCHANGE,549032,33469,67264,18459,-33795
2019-08-06,S&P 500 ANNUAL DIVIDEND INDEX - CHICAGO MERCANTILE EXCHANGE,118827,14614,500,306,14114
2019-08-06,E-MINI S&P 500 STOCK INDEX - CHICAGO MERCANTILE EXCHANGE,2602448,176295,348678,56678,-172383
2019-08-06,S&P 500 STOCK INDEX - CHICAGO MERCANTILE EXCHANGE,28542,5011,4329,322,682
2019-08-13,S&P 500 Consolidated - CHICAGO MERCANTILE EXCHANGE,541120,25064,73819,17232,-48755
2019-08-13,E-MINI S&P 500 STOCK INDEX - CHICAGO MERCANTILE EXCHANGE,2555212,125150,376611,59273,-251461
2019-08-13,S&P 500 STOCK INDEX - CHICAGO MERCANTILE EXCHANGE,30078,5381,3844,30,1537
2019-08-13,S&P 500 ANNUAL DIVIDEND INDEX - CHICAGO MERCANTILE EXCHANGE,118797,15322,0,306,15322
2019-08-20,S&P 500 Consolidated - CHICAGO MERCANTILE EXCHANGE,546962,26577,66877,18554,-40300
2019-08-20,S&P 500 ANNUAL DIVIDEND INDEX - CHICAGO MERCANTILE EXCHANGE,116556,15862,0,306,15862
2019-08-20,E-MINI S&P 500 STOCK INDEX - CHICAGO MERCANTILE EXCHANGE,2576472,132157,341015,65078,-208858
2019-08-20,S&P 500 STOCK INDEX - CHICAGO MERCANTILE EXCHANGE,31668,5243,3771,441,1472
2019-08-27,E-MINI S&P 500 STOCK INDEX - CHICAGO MERCANTILE EXCHANGE,2601022,134708,373167,70034,-238459
2019-08-27,S&P 500 STOCK INDEX - CHICAGO MERCANTILE EXCHANGE,34608,5837,5256,369,581
2019-08-27,S&P 500 Consolidated - CHICAGO MERCANTILE EXCHANGE,554812,25481,72592,21673,-47111
2019-08-27,S&P 500 ANNUAL DIVIDEND INDEX - CHICAGO MERCANTILE EXCHANGE,117277,16200,0,306,16200
2019-09-03,S&P 500 STOCK INDEX - CHICAGO MERCANTILE EXCHANGE,37560,8012,6943,333,1069
2019-09-03,E-MINI S&P 500 STOCK INDEX - CHICAGO MERCANTILE EXCHANGE,2619124,138775,413838,64542,-275063
2019-09-03,S&P 500 ANNUAL DIVIDEND INDEX - CHICAGO MERCANTILE EXCHANGE,118074,16280,0,306,16280
2019-09-03,S&P 500 Consolidated - CHICAGO MERCANTILE EXCHANGE,561385,24887,78831,24121,-53944
2019-09-10,E-MINI S&P 500 STOCK INDEX - CHICAGO MERCANTILE EXCHANGE,2733454,159922,446904,59041,-286982
2019-09-10,S&P 500 STOCK INDEX - CHICAGO MERCANTILE EXCHANGE,36305,9683,6076,628,3607
2019-09-10,S&P 500 Consolidated - CHICAGO MERCANTILE EXCHANGE,582996,31310,85100,22793,-53790
2019-09-10,S&P 500 ANNUAL DIVIDEND INDEX - CHICAGO MERCANTILE EXCHANGE,115374,16279,0,306,16279
2019-09-17,S&P 500 Consolidated - CHICAGO MERCANTILE EXCHANGE,632829,36232,78482,35768,-42250
2019-09-17,S&P 500 ANNUAL DIVIDEND INDEX - CHICAGO MERCANTILE EXCHANGE,116185,16279,0,306,16279
2019-09-17,S&P 500 STOCK INDEX - CHICAGO MERCANTILE EXCHANGE,39319,11755,5656,35,6099
2019-09-17,E-MINI S&P 500 STOCK INDEX - CHICAGO MERCANTILE EXCHANGE,2967550,180831,422575,120218,-241744
2019-09-24,S&P 500 Consolidated - CHICAGO MERCANTILE EXCHANGE,512020,28749,67248,9695,-38499
2019-09-24,E-MINI S&P 500 STOCK INDEX - CHICAGO MERCANTILE EXCHANGE,2478195,145953,340491,37185,-194538
2019-09-24,S&P 500 ANNUAL DIVIDEND INDEX - CHICAGO MERCANTILE EXCHANGE,115590,16779,0,306,16779
2019-10-01,S&P 500 STOCK INDEX - CHICAGO MERCANTILE EXCHANGE,19681,409,4182,200,-3773
2019-10-01,S&P 500 Consolidated - CHICAGO MERCANTILE EXCHANGE,515140,26514,63371,11357,-36857
2019-10-01,S&P 500 ANNUAL DIVIDEND INDEX - CHICAGO MERCANTILE EXCHANGE,117202,17877,500,366,17377
2019-10-01,E-MINI S&P 500 STOCK INDEX - CHICAGO MERCANTILE EXCHANGE,2477294,146148,311572,40161,-165424
2019-10-08,S&P 500 ANNUAL DIVIDEND INDEX - CHICAGO MERCANTILE EXCHANGE,115699,18987,750,166,18237
2019-10-08,S&P 500 STOCK INDEX - CHICAGO MERCANTILE EXCHANGE,19659,67,4888,692,-4821
2019-10-08,E-MINI S&P 500 STOCK INDEX - CHICAGO MERCANTILE EXCHANGE,2491160,168068,297587,41071,-129519
2019-10-08,S&P 500 Consolidated - CHICAGO MERCANTILE EXCHANGE,517891,30796,61520,11791,-30724
2019-10-15,E-MINI S&P 500 STOCK INDEX - CHICAGO MERCANTILE EXCHANGE,2527826,165985,363899,41160,-197914
2019-10-15,S&P 500 STOCK INDEX - CHICAGO MERCANTILE EXCHANGE,21082,755,5525,400,-4770
2019-10-15,S&P 500 Consolidated - CHICAGO MERCANTILE EXCHANGE,526647,29818,74171,12766,-44353
2019-10-15,S&P 500 ANNUAL DIVIDEND INDEX - CHICAGO MERCANTILE EXCHANGE,114426,19537,500,166,19037
2019-10-22,E-MINI S&P 500 STOCK INDEX - CHICAGO MERCANTILE EXCHANGE,2533853,174099,388379,47721,-214280
2019-10-22,S&P 500 ANNUAL DIVIDEND INDEX - CHICAGO MERCANTILE EXCHANGE,113390,19647,99,167,19548
2019-10-22,S&P 500 Consolidated - CHICAGO MERCANTILE EXCHANGE,527802,32815,78223,13727,-45408
2019-10-22,S&P 500 STOCK INDEX - CHICAGO MERCANTILE EXCHANGE,21031,1378,3930,800,-2552
2019-10-29,S&P 500 Consolidated - CHICAGO MERCANTILE EXCHANGE,546562,34185,84076,13707,-49891
2019-10-29,E-MINI S&P 500 STOCK INDEX - CHICAGO MERCANTILE EXCHANGE,2626285,182993,413741,51601,-230748
2019-10-29,S&P 500 ANNUAL DIVIDEND INDEX - CHICAGO MERCANTILE EXCHANGE,116780,20098,124,167,19974
2019-10-29,S&P 500 STOCK INDEX - CHICAGO MERCANTILE EXCHANGE,21305,773,4514,200,-3741
2019-11-05,S&P 500 ANNUAL DIVIDEND INDEX - CHICAGO MERCANTILE EXCHANGE,120740,21496,0,170,21496
2019-11-05,E-MINI S&P 500 STOCK INDEX - CHICAGO MERCANTILE EXCHANGE,2677630,185344,464135,59658,-278791
2019-11-05,S&P 500 STOCK INDEX - CHICAGO MERCANTILE EXCHANGE,22769,1838,1685,800,153
2019-11-05,S&P 500 Consolidated - CHICAGO MERCANTILE EXCHANGE,558295,36978,92583,14661,-55605
2019-11-12,S&P 500 ANNUAL DIVIDEND INDEX - CHICAGO MERCANTILE EXCHANGE,121208,21879,0,180,21879
2019-11-12,E-MINI S&P 500 STOCK INDEX - CHICAGO MERCANTILE EXCHANGE,2750302,183592,468230,62633,-284638
2019-11-12,S&P 500 STOCK INDEX - CHICAGO MERCANTILE EXCHANGE,24364,1491,1429,0,62
2019-11-12,S&P 500 Consolidated - CHICAGO MERCANTILE EXCHANGE,574424,36393,93259,14343,-56866
2019-11-19,S&P 500 STOCK INDEX - CHICAGO MERCANTILE EXCHANGE,27151,2930,2394,116,536
2019-11-19,E-MINI S&P 500 STOCK INDEX - CHICAGO MERCANTILE EXCHANGE,2794058,182996,473723,74921,-290727
2019-11-19,S&P 500 Consolidated - CHICAGO MERCANTILE EXCHANGE,585963,36385,93995,18244,-57610
2019-11-19,S&P 500 ANNUAL DIVIDEND INDEX - CHICAGO MERCANTILE EXCHANGE,121946,19854,0,172,19854
2019-11-26,S&P 500 TOTAL RETURN INDEX - CHICAGO MERCANTILE EXCHANGE,271022,0,0,0,0
2019-11-26,S&P 500 STOCK INDEX - CHICAGO MERCANTILE EXCHANGE,28188,2890,2374,499,516
2019-11-26,S&P 500 Consolidated - CHICAGO MERCANTILE EXCHANGE,605622,40275,99483,16314,-59208
2019-11-26,S&P 500 ANNUAL DIVIDEND INDEX - CHICAGO MERCANTILE EXCHANGE,126844,18656,0,164,18656
2019-11-26,E-MINI S&P 500 STOCK INDEX - CHICAGO MERCANTILE EXCHANGE,2887170,206491,505108,59510,-298617
2019-12-03,E-MINI S&P 500 STOCK INDEX - CHICAGO MERCANTILE EXCHANGE,2893602,213452,441793,56211,-228341
2019-12-03,S&P 500 STOCK INDEX - CHICAGO MERCANTILE EXCHANGE,27843,2146,3602,1099,-1456
2019-12-03,S&P 500 Consolidated - CHICAGO MERCANTILE EXCHANGE,606563,41582,88706,15596,-47124
2019-12-03,S&P 500 ANNUAL DIVIDEND INDEX - CHICAGO MERCANTILE EXCHANGE,129750,21130,0,181,21130
2019-12-10,S&P 500 STOCK INDEX - CHICAGO MERCANTILE EXCHANGE,29371,4017,6575,16,-2558
2019-12-10,E-MINI S&P 500 STOCK INDEX - CHICAGO MERCANTILE EXCHANGE,2963845,219011,450392,64396,-231381
2019-12-10,S&P 500 Consolidated - CHICAGO MERCANTILE EXCHANGE,622140,42284,91118,18431,-48834
2019-12-10,S&P 500 ANNUAL DIVIDEND INDEX - CHICAGO MERCANTILE EXCHANGE,128356,21458,0,166,21458
2019-12-17,S&P 500 ANNUAL DIVIDEND INDEX - CHICAGO MERCANTILE EXCHANGE,130227,22923,0,171,22923
2019-12-17,E-MINI S&P 500 STOCK INDEX - CHICAGO MERCANTILE EXCHANGE,3199738,302347,479155,116070,-176808
2019-12-17,S&P 500 Consolidated - CHICAGO MERCANTILE EXCHANGE,675130,59826,95300,31473,-35474
2019-12-17,S&P 500 STOCK INDEX - CHICAGO MERCANTILE EXCHANGE,35182,6060,6172,1556,-112
2019-12-24,E-MINI S&P 500 STOCK INDEX - CHICAGO MERCANTILE EXCHANGE,2716155,262305,471911,28395,-209606
2019-12-24,S&P 500 Consolidated - CHICAGO MERCANTILE EXCHANGE,556980,51703,93638,8137,-41935
2019-12-24,S&P 500 ANNUAL DIVIDEND INDEX - CHICAGO MERCANTILE EXCHANGE,79546,20525,0,174,20525
2019-12-31,E-MINI S&P 500 STOCK INDEX - CHICAGO MERCANTILE EXCHANGE,2720284,293349,482680,33818,-189331
2019-12-31,S&P 500 Consolidated - CHICAGO MERCANTILE EXCHANGE,566928,55482,95886,12018,-40404
2019-12-31,S&P 500 STOCK INDEX - CHICAGO MERCANTILE EXCHANGE,22871,2066,4604,0,-2538
2019-12-31,S&P 500 ANNUAL DIVIDEND INDEX - CHICAGO MERCANTILE EXCHANGE,80536,20870,0,184,20870
2020-01-07,S&P 500 ANNUAL DIVIDEND INDEX - CHICAGO MERCANTILE EXCHANGE,77755,22351,0,188,22351
2020-01-07,E-MINI S&P 500 STOCK INDEX - CHICAGO MERCANTILE EXCHANGE,2709583,306634,496926,33576,-190292
2020-01-07,S&P 500 Consolidated - CHICAGO MERCANTILE EXCHANGE,567613,57404,98263,13739,-40859
2020-01-07,S&P 500 STOCK INDEX - CHICAGO MERCANTILE EXCHANGE,25696,3016,5817,85,-2801
2020-01-14,E-MINI S&P 500 STOCK INDEX - CHICAGO MERCANTILE EXCHANGE,2703002,263419,499376,41556,-235957
2020-01-14,S&P 500 Consolidated - CHICAGO MERCANTILE EXCHANGE,568311,51551,97232,14076,-45681
2020-01-14,S&P 500 STOCK INDEX - CHICAGO MERCANTILE EXCHANGE,27711,4072,2562,560,1510
2020-01-14,S&P 500 ANNUAL DIVIDEND INDEX - CHICAGO MERCANTILE EXCHANGE,76995,21466,0,203,21466
2020-01-21,E-MINI S&P 500 STOCK INDEX - CHICAGO MERCANTILE EXCHANGE,2772927,277495,535211,45645,-257716
2020-01-21,S&P 500 STOCK INDEX - CHICAGO MERCANTILE EXCHANGE,33303,6832,3689,78,3143
2020-01-21,S&P 500 ANNUAL DIVIDEND INDEX - CHICAGO MERCANTILE EXCHANGE,83360,26705,0,218,26705
2020-01-21,S&P 500 Consolidated - CHICAGO MERCANTILE EXCHANGE,587888,54282,102683,17256,-48401
2020-01-28,S&P 500 STOCK INDEX - CHICAGO MERCANTILE EXCHANGE,35021,6928,4048,325,2880
2020-01-28,E-MINI S&P 500 STOCK INDEX - CHICAGO MERCANTILE EXCHANGE,2741743,274379,503260,34630,-228881
2020-01-28,S&P 500 ANNUAL DIVIDEND INDEX - CHICAGO MERCANTILE EXCHANGE,88271,29604,0,136,29604
2020-01-28,S&P 500 Consolidated - CHICAGO MERCANTILE EXCHANGE,583370,54451,97347,14604,-42896
2020-02-04,S&P 500 ANNUAL DIVIDEND INDEX - CHICAGO MERCANTILE EXCHANGE,91360,32490,0,89,32490
2020-02-04,S&P 500 Consolidated - CHICAGO MERCANTILE EXCHANGE,575449,49548,92616,16369,-43068
2020-02-04,S&P 500 STOCK INDEX - CHICAGO MERCANTILE EXCHANGE,35960,6854,6026,162,828
2020-02-04,E-MINI S&P 500 STOCK INDEX - CHICAGO MERCANTILE EXCHANGE,2697443,260162,479644,34344,-219482
2020-02-11,E-MINI S&P 500 STOCK INDEX - CHICAGO MERCANTILE EXCHANGE,2779131,264185,547817,42804,-283632
2020-02-11,S&P 500 ANNUAL DIVIDEND INDEX - CHICAGO MERCANTILE EXCHANGE,98445,37923,500,89,37423
2020-02-11,S&P 500 Consolidated - CHICAGO MERCANTILE EXCHANGE,596376,50960,105232,21209,-54272
2020-02-11,S&P 500 STOCK INDEX - CHICAGO MERCANTILE EXCHANGE,40550,10250,7796,521,2454
2020-02-18,E-MINI S&P 500 STOCK INDEX - CHICAGO MERCANTILE EXCHANGE,2839347,273619,515497,46472,-241878
2020-02-18,S&P 500 ANNUAL DIVIDEND INDEX - CHICAGO MERCANTILE EXCHANGE,102977,39377,0,389,39377
2020-02-18,S&P 500 Consolidated - CHICAGO MERCANTILE EXCHANGE,607316,54175,97899,21601,-43724
2020-02-18,S&P 500 STOCK INDEX - CHICAGO MERCANTILE EXCHANGE,39447,11536,6885,222,4651
2020-02-25,S&P 500 Consolidated - CHICAGO MERCANTILE EXCHANGE,617822,55864,75412,32335,-19548
2020-02-25,S&P 500 ANNUAL DIVIDEND INDEX - CHICAGO MERCANTILE EXCHANGE,125228,46599,0,1876,46599
2020-02-25,E-MINI S&P 500 STOCK INDEX - CHICAGO MERCANTILE EXCHANGE,2843780,285840,409533,76709,-123693
2020-02-25,S&P 500 STOCK INDEX - CHICAGO MERCANTILE EXCHANGE,49066,15244,10053,445,5191
2020-03-03,E-MINI S&P 500 STOCK INDEX - CHICAGO MERCANTILE EXCHANGE,3065867,334113,465209,73930,-131096
2020-03-03,S&P 500 Consolidated - CHICAGO MERCANTILE EXCHANGE,687840,72181,82368,38480,-10187
2020-03-03,S&P 500 STOCK INDEX - CHICAGO MERCANTILE EXCHANGE,74667,28689,12657,363,16032
2020-03-03,S&P 500 ANNUAL DIVIDEND INDEX - CHICAGO MERCANTILE EXCHANGE,137717,56105,0,1926,56105
2020-03-10,E-MINI S&P 500 STOCK INDEX - CHICAGO MERCANTILE EXCHANGE,3438566,305518,491967,105825,-186449
2020-03-10,S&P 500 Consolidated - CHICAGO MERCANTILE EXCHANGE,783449,67424,88067,45972,-20643
2020-03-10,S&P 500 ANNUAL DIVIDEND INDEX - CHICAGO MERCANTILE EXCHANGE,143682,60458,73,1953,60385
2020-03-10,S&P 500 STOCK INDEX - CHICAGO MERCANTILE EXCHANGE,95736,30862,14216,265,16646
2020-03-17,S&P 500 STOCK INDEX - CHICAGO MERCANTILE EXCHANGE,113904,39064,15516,861,23548
2020-03-17,S&P 500 Consolidated - CHICAGO MERCANTILE EXCHANGE,1024737,88854,80491,86922,8363
2020-03-17,S&P 500 ANNUAL DIVIDEND INDEX - CHICAGO MERCANTILE EXCHANGE,140538,55671,1791,1844,53880
2020-03-17,E-MINI S&P 500 STOCK INDEX - CHICAGO MERCANTILE EXCHANGE,4554164,400187,476113,279069,-75926
2020-03-24,S&P 500 Consolidated - CHICAGO MERCANTILE EXCHANGE,695310,70469,71229,12362,-760
2020-03-24,S&P 500 ANNUAL DIVIDEND INDEX - CHICAGO MERCANTILE EXCHANGE,146097,56038,622,1278,55416
2020-03-24,E-MINI S&P 500 STOCK INDEX - CHICAGO MERCANTILE EXCHANGE,3320161,361870,365316,41277,-3446
2020-03-31,S&P 500 ANNUAL DIVIDEND INDEX - CHICAGO MERCANTILE EXCHANGE,145118,60888,615,1307,60273
2020-03-31,E-MINI S&P 500 STOCK INDEX - CHICAGO MERCANTILE EXCHANGE,3439568,354469,479889,41676,-125420
2020-03-31,S&P 500 STOCK INDEX - CHICAGO MERCANTILE EXCHANGE,66169,9689,8923,0,766
2020-03-31,S&P 500 Consolidated - CHICAGO MERCANTILE EXCHANGE,754083,65520,89838,23398,-24318
2020-04-07,S&P 500 Consolidated - CHICAGO MERCANTILE EXCHANGE,772134,63826,90294,26645,-26468
2020-04-07,S&P 500 STOCK INDEX - CHICAGO MERCANTILE EXCHANGE,82630,15304,7207,900,8097
2020-04-07,S&P 500 ANNUAL DIVIDEND INDEX - CHICAGO MERCANTILE EXCHANGE,149989,74005,1,1365,74004
2020-04-07,E-MINI S&P 500 STOCK INDEX - CHICAGO MERCANTILE EXCHANGE,3447518,312571,485395,58767,-172824
2020-04-14,S&P 500 Consolidated - CHICAGO MERCANTILE EXCHANGE,777289,58684,105318,29378,-46634
2020-04-14,S&P 500 STOCK INDEX - CHICAGO MERCANTILE EXCHANGE,90437,20550,10750,0,9800
2020-04-14,S&P 500 ANNUAL DIVIDEND INDEX - CHICAGO MERCANTILE EXCHANGE,148721,73490,0,1609,73490
2020-04-14,E-MINI S&P 500 STOCK INDEX - CHICAGO MERCANTILE EXCHANGE,3434258,287721,569891,49841,-282170
2020-04-21,S&P 500 STOCK INDEX - CHICAGO MERCANTILE EXCHANGE,96427,25124,13396,0,11728
2020-04-21,S&P 500 ANNUAL DIVIDEND INDEX - CHICAGO MERCANTILE EXCHANGE,148068,37015,0,1648,37015
2020-04-21,E-MINI S&P 500 STOCK INDEX - CHICAGO MERCANTILE EXCHANGE,3389559,294012,535648,45169,-241636
2020-04-21,S&P 500 Consolidated - CHICAGO MERCANTILE EXCHANGE,774339,57822,94421,35139,-36599
2020-04-28,S&P 500 Consolidated - CHICAGO MERCANTILE EXCHANGE,764991,50890,103132,35608,-52242
2020-04-28,S&P 500 STOCK INDEX - CHICAGO MERCANTILE EXCHANGE,99439,26818,13126,0,13692
2020-04-28,E-MINI S&P 500 STOCK INDEX - CHICAGO MERCANTILE EXCHANGE,3327759,253125,582793,45274,-329668
2020-04-28,S&P 500 ANNUAL DIVIDEND INDEX - CHICAGO MERCANTILE EXCHANGE,146054,39546,0,1119,39546
2020-05-05,S&P 500 Consolidated - CHICAGO MERCANTILE EXCHANGE,750913,50548,103256,33330,-52708
2020-05-05,E-MINI S&P 500 STOCK INDEX - CHICAGO MERCANTILE EXCHANGE,3245239,251820,553833,44551,-302013
2020-05-05,S&P 500 ANNUAL DIVIDEND INDEX - CHICAGO MERCANTILE EXCHANGE,144070,38551,0,1119,38551
2020-05-05,S&P 500 STOCK INDEX - CHICAGO MERCANTILE EXCHANGE,101865,24246,16551,358,7695
2020-05-12,S&P 500 ANNUAL DIVIDEND INDEX - CHICAGO MERCANTILE EXCHANGE,145024,38770,0,1128,38770
2020-05-12,S&P 500 Consolidated - CHICAGO MERCANTILE EXCHANGE,753246,49388,104721,32999,-55333
2020-05-12,S&P 500 STOCK INDEX - CHICAGO MERCANTILE EXCHANGE,103350,25866,15208,87,10658
2020-05-12,E-MINI S&P 500 STOCK INDEX - CHICAGO MERCANTILE EXCHANGE,3249482,232814,562765,49360,-329951
2020-05-19,E-MINI S&P 500 STOCK INDEX - CHICAGO MERCANTILE EXCHANGE,3213651,229026,589463,42343,-360437
2020-05-19,S&P 500 STOCK INDEX - CHICAGO MERCANTILE EXCHANGE,105290,26386,16783,511,9603
2020-05-19,S&P 500 Consolidated - CHICAGO MERCANTILE EXCHANGE,748020,45888,108373,35283,-62485
2020-05-19,S&P 500 ANNUAL DIVIDEND INDEX - CHICAGO MERCANTILE EXCHANGE,146422,39334,100,1363,39234
2020-05-26,S&P 500 Consolidated - CHICAGO MERCANTILE EXCHANGE,748823,44608,119725,37403,-75117
2020-05-26,E-MINI S&P 500 STOCK INDEX - CHICAGO MERCANTILE EXCHANGE,3202921,225742,643345,37957,-417603
2020-05-26,S&P 500 ANNUAL DIVIDEND INDEX - CHICAGO MERCANTILE EXCHANGE,148166,41430,200,1533,41230
2020-05-26,S&P 500 STOCK INDEX - CHICAGO MERCANTILE EXCHANGE,108239,28271,19867,1000,8404
2020-06-02,S&P 500 ANNUAL DIVIDEND INDEX - CHICAGO MERCANTILE EXCHANGE,145991,48918,200,1231,48718
2020-06-02,S&P 500 STOCK INDEX - CHICAGO MERCANTILE EXCHANGE,107739,27368,24323,289,3045
2020-06-02,S&P 500 Consolidated - CHICAGO MERCANTILE EXCHANGE,750830,51056,126505,38902,-75449
2020-06-02,E-MINI S&P 500 STOCK INDEX - CHICAGO MERCANTILE EXCHANGE,3215453,270802,663270,40703,-392468
2020-06-09,S&P 500 STOCK INDEX - CHICAGO MERCANTILE EXCHANGE,111325,31986,25059,700,6927
2020-06-09,S&P 500 Consolidated - CHICAGO MERCANTILE EXCHANGE,766888,52545,129179,46360,-76634
2020-06-09,E-MINI S&P 500 STOCK INDEX - CHICAGO MERCANTILE EXCHANGE,3277813,264043,681847,67055,-417804
2020-06-09,S&P 500 ANNUAL DIVIDEND INDEX - CHICAGO MERCANTILE EXCHANGE,150430,50597,203,3038,50394
2020-06-16,S&P 500 Consolidated - CHICAGO MERCANTILE EXCHANGE,812088,49237,128691,58125,-79454
2020-06-16,S&P 500 ANNUAL DIVIDEND INDEX - CHICAGO MERCANTILE EXCHANGE,149894,50078,100,3580,49978
2020-06-16,S&P 500 TOTAL RETURN INDEX - CHICAGO MERCANTILE EXCHANGE,244091,0,21824,6000,-21824
2020-06-16,E-MINI S&P 500 STOCK INDEX - CHICAGO MERCANTILE EXCHANGE,3493739,243226,695761,119626,-452535
2020-06-16,S&P 500 STOCK INDEX - CHICAGO MERCANTILE EXCHANGE,113340,34694,23641,97,11053
2020-06-23,E-MINI S&P 500 STOCK INDEX - CHICAGO MERCANTILE EXCHANGE,2603271,160539,512239,22006,-351700
2020-06-23,S&P 500 Consolidated - CHICAGO MERCANTILE EXCHANGE,520654,32108,102448,4401,-70340
2020-06-23,S&P 500 ANNUAL DIVIDEND INDEX - CHICAGO MERCANTILE EXCHANGE,154064,48236,11,4187,48225
2020-06-30,S&P 500 Consolidated - CHICAGO MERCANTILE EXCHANGE,538487,43770,100943,5620,-57173
2020-06-30,S&P 500 ANNUAL DIVIDEND INDEX - CHICAGO MERCANTILE EXCHANGE,156607,45884,29,5571,45855
2020-06-30,E-MINI S&P 500 STOCK INDEX - CHICAGO MERCANTILE EXCHANGE,2647722,216237,488616,27326,-272379
2020-07-07,S&P 500 ANNUAL DIVIDEND INDEX - CHICAGO MERCANTILE EXCHANGE,156077,44706,29,5771,44677
2020-07-07,E-MINI S&P 500 STOCK INDEX - CHICAGO MERCANTILE EXCHANGE,2618026,203666,493233,29963,-289567
2020-07-07,S&P 500 Consolidated - CHICAGO MERCANTILE EXCHANGE,533758,41251,99656,6566,-58405
2020-07-14,S&P 500 ANNUAL DIVIDEND INDEX - CHICAGO MERCANTILE EXCHANGE,159572,45673,29,5771,45644
2020-07-14,E-MINI S&P 500 STOCK INDEX - CHICAGO MERCANTILE EXCHANGE,2625841,202015,519510,29163,-317495
2020-07-14,S&P 500 Consolidated - CHICAGO MERCANTILE EXCHANGE,536906,41022,104395,6654,-63373
2020-07-21,S&P 500 Consolidated - CHICAGO MERCANTILE EXCHANGE,542138,42500,104915,9115,-62415
2020-07-21,S&P 500 ANNUAL DIVIDEND INDEX - CHICAGO MERCANTILE EXCHANGE,159618,45723,109,6271,45614
2020-07-21,E-MINI S&P 500 STOCK INDEX - CHICAGO MERCANTILE EXCHANGE,2633214,212907,528760,28250,-315853
2020-07-28,S&P 500 Consolidated - CHICAGO MERCANTILE EXCHANGE,551791,45328,94506,10482,-49178
2020-07-28,E-MINI S&P 500 STOCK INDEX - CHICAGO MERCANTILE EXCHANGE,2647149,222251,486895,28880,-264644
2020-07-28,S&P 500 ANNUAL DIVIDEND INDEX - CHICAGO MERCANTILE EXCHANGE,158946,48196,200,6276,47996
2020-07-28,MICRO E-MINI S&P 500 INDEX - CHICAGO MERCANTILE EXCHANGE,135006,88211,74246,531,13965
2020-08-04,S&P 500 Consolidated - CHICAGO MERCANTILE EXCHANGE,559277,40527,107626,8588,-67099
2020-08-04,S&P 500 ANNUAL DIVIDEND INDEX - CHICAGO MERCANTILE EXCHANGE,161505,51346,0,6296,51346
2020-08-04,S&P 500 TOTAL RETURN INDEX - CHICAGO MERCANTILE EXCHANGE,231370,4499,1000,1700,3499
2020-08-04,E-MINI S&P 500 STOCK INDEX - CHICAGO MERCANTILE EXCHANGE,2676398,197891,546627,26350,-348736
2020-08-11,E-MINI S&P 500 STOCK INDEX - CHICAGO MERCANTILE EXCHANGE,2694088,205671,568985,25204,-363314
2020-08-11,S&P 500 ANNUAL DIVIDEND INDEX - CHICAGO MERCANTILE EXCHANGE,167366,55342,0,6652,55342
2020-08-11,S&P 500 TOTAL RETURN INDEX - CHICAGO MERCANTILE EXCHANGE,231370,4499,1000,1700,3499
2020-08-11,S&P 500 Consolidated - CHICAGO MERCANTILE EXCHANGE,566508,41183,108063,13407,-66880
2020-08-18,S&P 500 Consolidated - CHICAGO MERCANTILE EXCHANGE,574834,42721,105636,14295,-62915
2020-08-18,E-MINI S&P 500 STOCK INDEX - CHICAGO MERCANTILE EXCHANGE,2729290,210803,556752,30511,-345949
2020-08-18,S&P 500 STOCK INDEX - CHICAGO MERCANTILE EXCHANGE,28976,8753,2478,0,6275
2020-08-18,MICRO E-MINI S&P 500 INDEX - CHICAGO MERCANTILE EXCHANGE,181719,137129,103295,1080,33834
2020-08-18,S&P 500 TOTAL RETURN INDEX - CHICAGO MERCANTILE EXCHANGE,231370,4499,1000,1700,3499
2020-08-18,S&P 500 ANNUAL DIVIDEND INDEX - CHICAGO MERCANTILE EXCHANGE,178255,67496,0,6555,67496
2020-08-25,S&P 500 Consolidated - CHICAGO MERCANTILE EXCHANGE,579474,43407,109481,17629,-66074
2020-08-25,S&P 500 STOCK INDEX - CHICAGO MERCANTILE EXCHANGE,30240,11394,3368,182,8026
2020-08-25,S&P 500 ANNUAL DIVIDEND INDEX - CHICAGO MERCANTILE EXCHANGE,181569,73108,0,6055,73108
2020-08-25,E-MINI S&P 500 STOCK INDEX - CHICAGO MERCANTILE EXCHANGE,2746170,208466,578966,38830,-370500
2020-08-25,S&P 500 TOTAL RETURN INDEX - CHICAGO MERCANTILE EXCHANGE,231370,4499,1000,1700,3499
2020-09-01,S&P 500 ANNUAL DIVIDEND INDEX - CHICAGO MERCANTILE EXCHANGE,184763,75043,0,6055,75043
2020-09-01,S&P 500 TOTAL RETURN INDEX - CHICAGO MERCANTILE EXCHANGE,231370,4499,1000,1700,3499
2020-09-01,E-MINI S&P 500 STOCK INDEX - CHICAGO MERCANTILE EXCHANGE,2789621,243353,585855,47685,-342502
2020-09-01,S&P 500 STOCK INDEX - CHICAGO MERCANTILE EXCHANGE,32514,12620,4596,369,8024
2020-09-01,S&P 500 Consolidated - CHICAGO MERCANTILE EXCHANGE,590438,49210,109687,21986,-60477
2020-09-08,E-MINI S&P 500 STOCK INDEX - CHICAGO MERCANTILE EXCHANGE,2706399,245682,492367,46573,-246685
2020-09-08,S&P 500 Consolidated - CHICAGO MERCANTILE EXCHANGE,577671,50542,91183,21643,-40641
2020-09-08,S&P 500 STOCK INDEX - CHICAGO MERCANTILE EXCHANGE,36391,13734,5038,0,8696
2020-09-08,S&P 500 TOTAL RETURN INDEX - CHICAGO MERCANTILE EXCHANGE,232370,4499,1000,1700,3499
2020-09-08,S&P 500 ANNUAL DIVIDEND INDEX - CHICAGO MERCANTILE EXCHANGE,184396,74780,503,6072,74277
2020-09-15,S&P 500 Consolidated - CHICAGO MERCANTILE EXCHANGE,620388,43571,87713,29673,-44142
2020-09-15,S&P 500 STOCK INDEX - CHICAGO MERCANTILE EXCHANGE,38758,11883,5048,120,6835
2020-09-15,E-MINI S&P 500 STOCK INDEX - CHICAGO MERCANTILE EXCHANGE,2908148,217721,472605,88485,-254884
2020-09-15,S&P 500 ANNUAL DIVIDEND INDEX - CHICAGO MERCANTILE EXCHANGE,188899,76640,13,6062,76627
2020-09-15,MICRO E-MINI S&P 500 INDEX - CHICAGO MERCANTILE EXCHANGE,274767,204450,71904,18649,132546
2020-09-22,S&P 500 ANNUAL DIVIDEND INDEX - CHICAGO MERCANTILE EXCHANGE,191198,77189,30,6115,77159
2020-09-22,E-MINI S&P 500 STOCK INDEX - CHICAGO MERCANTILE EXCHANGE,2472951,175699,338079,30069,-162380
2020-09-22,S&P 500 Consolidated - CHICAGO MERCANTILE EXCHANGE,502173,32640,68828,8916,-36188
2020-09-29,S&P 500 ANNUAL DIVIDEND INDEX - CHICAGO MERCANTILE EXCHANGE,192268,76452,249,6411,76203
2020-09-29,E-MINI S&P 500 STOCK INDEX - CHICAGO MERCANTILE EXCHANGE,2473492,187153,349892,37943,-162739
2020-09-29,S&P 500 Consolidated - CHICAGO MERCANTILE EXCHANGE,502009,35931,71744,9486,-35813
2020-10-06,S&P 500 Consolidated - CHICAGO MERCANTILE EXCHANGE,507185,39917,73153,14078,-33236
2020-10-06,S&P 500 ANNUAL DIVIDEND INDEX - CHICAGO MERCANTILE EXCHANGE,194362,77739,30,6650,77709
2020-10-06,E-MINI S&P 500 STOCK INDEX - CHICAGO MERCANTILE EXCHANGE,2476190,207968,381676,37596,-173708
2020-10-13,S&P 500 Consolidated - CHICAGO MERCANTILE EXCHANGE,509854,36754,82869,13448,-46115
2020-10-13,E-MINI S&P 500 STOCK INDEX - CHICAGO MERCANTILE EXCHANGE,2471530,183408,427655,43273,-244247
2020-10-13,S&P 500 ANNUAL DIVIDEND INDEX - CHICAGO MERCANTILE EXCHANGE,197258,79709,0,6668,79709
2020-10-13,MICRO E-MINI S&P 500 INDEX - CHICAGO MERCANTILE EXCHANGE,113731,23106,60312,4210,-37206
2020-10-20,S&P 500 ANNUAL DIVIDEND INDEX - CHICAGO MERCANTILE EXCHANGE,201742,79156,0,7288,79156
2020-10-20,MICRO E-MINI S&P 500 INDEX - CHICAGO MERCANTILE EXCHANGE,122647,29499,69533,6115,-40034
2020-10-20,E-MINI S&P 500 STOCK INDEX - CHICAGO MERCANTILE EXCHANGE,2435244,198620,389239,45232,-190619
2020-10-20,S&P 500 Consolidated - CHICAGO MERCANTILE EXCHANGE,503160,38790,76558,14305,-37768
2020-10-27,S&P 500 Consolidated - CHICAGO MERCANTILE EXCHANGE,500239,42273,75535,12029,-33262
2020-10-27,E-MINI S&P 500 STOCK INDEX - CHICAGO MERCANTILE EXCHANGE,2436946,216641,373307,42265,-156666
2020-10-27,MICRO E-MINI S&P 500 INDEX - CHICAGO MERCANTILE EXCHANGE,127018,36534,77015,7026,-40481
2020-10-27,S&P 500 ANNUAL DIVIDEND INDEX - CHICAGO MERCANTILE EXCHANGE,203947,79066,0,9147,79066
2020-11-03,MICRO E-MINI S&P 500 INDEX - CHICAGO MERCANTILE EXCHANGE,123313,41390,76626,2589,-35236
2020-11-03,S&P 500 Consolidated - CHICAGO MERCANTILE EXCHANGE,496324,39401,73837,12130,-34436
2020-11-03,S&P 500 ANNUAL DIVIDEND INDEX - CHICAGO MERCANTILE EXCHANGE,207924,78284,112,8909,78172
2020-11-03,E-MINI S&P 500 STOCK INDEX - CHICAGO MERCANTILE EXCHANGE,2410740,206359,368107,39857,-161748
2020-11-10,S&P 500 Consolidated - CHICAGO MERCANTILE EXCHANGE,517065,41048,72080,18087,-31032
2020-11-10,S&P 500 STOCK INDEX - CHICAGO MERCANTILE EXCHANGE,24917,6945,5925,900,1020
2020-11-10,S&P 500 ANNUAL DIVIDEND INDEX - CHICAGO MERCANTILE EXCHANGE,210145,80378,122,8646,80256
2020-11-10,MICRO E-MINI S&P 500 INDEX - CHICAGO MERCANTILE EXCHANGE,156486,92031,18230,7304,73801
2020-11-10,E-MINI S&P 500 STOCK INDEX - CHICAGO MERCANTILE EXCHANGE,2460742,216135,376397,40311,-160262
2020-11-17,S&P 500 STOCK INDEX - CHICAGO MERCANTILE EXCHANGE,27853,4225,6575,1000,-2350
2020-11-17,S&P 500 ANNUAL DIVIDEND INDEX - CHICAGO MERCANTILE EXCHANGE,207821,80503,122,7906,80381
2020-11-17,MICRO E-MINI S&P 500 INDEX - CHICAGO MERCANTILE EXCHANGE,170725,103747,21505,7465,82242
2020-11-17,E-MINI S&P 500 STOCK INDEX - CHICAGO MERCANTILE EXCHANGE,2534850,248976,395663,40220,-146687
2020-11-17,S&P 500 Consolidated - CHICAGO MERCANTILE EXCHANGE,534823,46973,78661,16091,-31688
2020-11-24,S&P 500 Consolidated - CHICAGO MERCANTILE EXCHANGE,538369,46513,83420,19668,-36907
2020-11-24,E-MINI S&P 500 STOCK INDEX - CHICAGO MERCANTILE EXCHANGE,2549321,266062,435824,39288,-169762
2020-11-24,S&P 500 STOCK INDEX - CHICAGO MERCANTILE EXCHANGE,28505,4950,7905,161,-2955
2020-11-24,S&P 500 ANNUAL DIVIDEND INDEX - CHICAGO MERCANTILE EXCHANGE,211498,82093,357,7911,81736
2020-11-24,MICRO E-MINI S&P 500 INDEX - CHICAGO MERCANTILE EXCHANGE,161252,98376,21080,5744,77296
2020-12-01,S&P 500 Consolidated - CHICAGO MERCANTILE EXCHANGE,556009,51026,82621,22368,-31595
2020-12-01,S&P 500 STOCK INDEX - CHICAGO MERCANTILE EXCHANGE,32505,7119,8009,900,-890
2020-12-01,S&P 500 ANNUAL DIVIDEND INDEX - CHICAGO MERCANTILE EXCHANGE,211858,82127,357,7361,81770
2020-12-01,MICRO E-MINI S&P 500 INDEX - CHICAGO MERCANTILE EXCHANGE,164452,102273,25633,6145,76640
2020-12-01,E-MINI S&P 500 STOCK INDEX - CHICAGO MERCANTILE EXCHANGE,2617521,284173,437700,42702,-153527
2020-12-08,MICRO E-MINI S&P 500 INDEX - CHICAGO MERCANTILE EXCHANGE,152578,94388,32059,6084,62329
2020-12-08,E-MINI S&P 500 STOCK INDEX - CHICAGO MERCANTILE EXCHANGE,2715113,293328,462970,61671,-169642
2020-12-08,S&P 500 STOCK INDEX - CHICAGO MERCANTILE EXCHANGE,35077,8699,9269,120,-570
2020-12-08,S&P 500 Consolidated - CHICAGO MERCANTILE EXCHANGE,578100,52685,87183,27134,-34498
2020-12-08,S&P 500 ANNUAL DIVIDEND INDEX - CHICAGO MERCANTILE EXCHANGE,214612,84392,310,7786,84082
2020-12-15,S&P 500 Consolidated - CHICAGO MERCANTILE EXCHANGE,637832,56567,82802,29879,-26235
2020-12-15,S&P 500 STOCK INDEX - CHICAGO MERCANTILE EXCHANGE,37878,7231,7472,506,-241
2020-12-15,E-MINI S&P 500 STOCK INDEX - CHICAGO MERCANTILE EXCHANGE,2999769,296704,426674,96838,-129970
2020-12-15,S&P 500 TOTAL RETURN INDEX - CHICAGO MERCANTILE EXCHANGE,198778,0,5030,1000,-5030
2020-12-15,S&P 500 ANNUAL DIVIDEND INDEX - CHICAGO MERCANTILE EXCHANGE,217528,84792,315,8286,84477
2020-12-15,MICRO E-MINI S&P 500 INDEX - CHICAGO MERCANTILE EXCHANGE,162400,89753,33606,22820,56147
2020-12-21,S&P 500 Consolidated - CHICAGO MERCANTILE EXCHANGE,495182,47491,77313,4421,-29822
2020-12-21,S&P 500 ANNUAL DIVIDEND INDEX - CHICAGO MERCANTILE EXCHANGE,149008,72340,295,8751,72045
2020-12-21,E-MINI S&P 500 STOCK INDEX - CHICAGO MERCANTILE EXCHANGE,2475909,237456,386563,22107,-149107
2020-12-29,E-MINI S&P 500 STOCK INDEX - CHICAGO MERCANTILE EXCHANGE,2498905,241881,412303,25622,-170422
2020-12-29,S&P 500 Consolidated - CHICAGO MERCANTILE EXCHANGE,506564,47031,82871,8601,-35840
2020-12-29,S&P 500 ANNUAL DIVIDEND INDEX - CHICAGO MERCANTILE EXCHANGE,151087,75158,295,9351,74863
2021-01-05,S&P 500 Consolidated - CHICAGO MERCANTILE EXCHANGE,523123,47873,86240,9290,-38367
2021-01-05,S&P 500 ANNUAL DIVIDEND INDEX - CHICAGO MERCANTILE EXCHANGE,154169,77165,295,9351,76870
2021-01-05,E-MINI S&P 500 STOCK INDEX - CHICAGO MERCANTILE EXCHANGE,2553480,245863,426881,29808,-181018
2021-01-12,S&P 500 Consolidated - CHICAGO MERCANTILE EXCHANGE,531665,51701,88097,8527,-36396
2021-01-12,E-MINI S&P 500 STOCK INDEX - CHICAGO MERCANTILE EXCHANGE,2578114,258506,448414,26994,-189908
2021-01-12,S&P 500 ANNUAL DIVIDEND INDEX - CHICAGO MERCANTILE EXCHANGE,169385,88669,300,9451,88369
2021-01-19,S&P 500 ANNUAL DIVIDEND INDEX - CHICAGO MERCANTILE EXCHANGE,171928,89726,305,9300,89421
2021-01-19,E-MINI S&P 500 STOCK INDEX - CHICAGO MERCANTILE EXCHANGE,2599308,242735,443832,32007,-201097
2021-01-19,S&P 500 Consolidated - CHICAGO MERCANTILE EXCHANGE,535228,49107,85998,10518,-36891
2021-01-26,S&P 500 Consolidated - CHICAGO MERCANTILE EXCHANGE,539902,49127,93002,11374,-43875
2021-01-26,E-MINI S&P 500 STOCK INDEX - CHICAGO MERCANTILE EXCHANGE,2617305,243704,479657,37735,-235953
2021-01-26,S&P 500 ANNUAL DIVIDEND INDEX - CHICAGO MERCANTILE EXCHANGE,171132,87919,305,9350,87614
2021-02-02,S&P 500 ANNUAL DIVIDEND INDEX - CHICAGO MERCANTILE EXCHANGE,169145,85280,420,9015,84860
2021-02-02,E-MINI S&P 500 STOCK INDEX - CHICAGO MERCANTILE EXCHANGE,2640747,292211,482745,42286,-190534
2021-02-02,S&P 500 Consolidated - CHICAGO MERCANTILE EXCHANGE,550121,56663,95534,13445,-38871
2021-02-09,S&P 500 Consolidated - CHICAGO MERCANTILE EXCHANGE,547257,54127,96342,15490,-42215
2021-02-09,S&P 500 ANNUAL DIVIDEND INDEX - CHICAGO MERCANTILE EXCHANGE,172909,87308,420,10315,86888
2021-02-09,E-MINI S&P 500 STOCK INDEX - CHICAGO MERCANTILE EXCHANGE,2619444,274612,505404,42190,-230792
2021-02-16,S&P 500 Consolidated - CHICAGO MERCANTILE EXCHANGE,552371,52968,106373,15865,-53405
2021-02-16,S&P 500 STOCK INDEX - CHICAGO MERCANTILE EXCHANGE,25112,7562,3306,221,4256
2021-02-16,S&P 500 ANNUAL DIVIDEND INDEX - CHICAGO MERCANTILE EXCHANGE,173334,87442,420,10311,87022
2021-02-16,E-MINI S&P 500 STOCK INDEX - CHICAGO MERCANTILE EXCHANGE,2636295,266222,554525,39028,-288303
2021-02-23,E-MINI S&P 500 STOCK INDEX - CHICAGO MERCANTILE EXCHANGE,2652739,297495,508200,48621,-210705
2021-02-23,S&P 500 Consolidated - CHICAGO MERCANTILE EXCHANGE,556649,58935,98835,18765,-39900
2021-02-23,S&P 500 ANNUAL DIVIDEND INDEX - CHICAGO MERCANTILE EXCHANGE,173743,87615,410,9801,87205
2021-02-23,S&P 500 TOTAL RETURN INDEX - CHICAGO MERCANTILE EXCHANGE,125938,7607,0,0,7607
2021-03-02,E-MINI S&P 500 STOCK INDEX - CHICAGO MERCANTILE EXCHANGE,2767213,335891,474606,53414,-138715
2021-03-02,S&P 500 ANNUAL DIVIDEND INDEX - CHICAGO MERCANTILE EXCHANGE,168435,86997,410,9451,86587
2021-03-02,MICRO E-MINI S&P 500 INDEX - CHICAGO MERCANTILE EXCHANGE,103281,30450,61038,139,-30588
2021-03-02,S&P 500 TOTAL RETURN INDEX - CHICAGO MERCANTILE EXCHANGE,125938,7607,0,0,7607
2021-03-02,S&P 500 Consolidated - CHICAGO MERCANTILE EXCHANGE,584840,66317,91712,20891,-25395
2021-03-09,S&P 500 Consolidated - CHICAGO MERCANTILE EXCHANGE,585629,68960,84172,24918,-15212
2021-03-09,E-MINI S&P 500 STOCK INDEX - CHICAGO MERCANTILE EXCHANGE,2779898,339896,441778,74183,-101882
2021-03-09,S&P 500 STOCK INDEX - CHICAGO MERCANTILE EXCHANGE,29649,10923,5759,139,5164
2021-03-09,MICRO E-MINI S&P 500 INDEX - CHICAGO MERCANTILE EXCHANGE,101928,25041,63097,3177,-38056
2021-03-09,S&P 500 ANNUAL DIVIDEND INDEX - CHICAGO MERCANTILE EXCHANGE,164105,84160,410,9501,83750
2021-03-09,S&P 500 TOTAL RETURN INDEX - CHICAGO MERCANTILE EXCHANGE,125938,7607,0,0,7607
2021-03-16,S&P 500 Consolidated - CHICAGO MERCANTILE EXCHANGE,643898,64436,86564,40526,-22128
2021-03-16,S&P 500 STOCK INDEX - CHICAGO MERCANTILE EXCHANGE,31168,13777,7194,922,6583
2021-03-16,MICRO E-MINI S&P 500 INDEX - CHICAGO MERCANTILE EXCHANGE,134238,15930,70358,12813,-54428
2021-03-16,S&P 500 TOTAL RETURN INDEX - CHICAGO MERCANTILE EXCHANGE,139760,7607,0,0,7607
2021-03-16,S&P 500 ANNUAL DIVIDEND INDEX - CHICAGO MERCANTILE EXCHANGE,166285,86685,410,9501,86275
2021-03-16,E-MINI S&P 500 STOCK INDEX - CHICAGO MERCANTILE EXCHANGE,3063652,320554,464110,130762,-143556
2021-03-23,S&P 500 ANNUAL DIVIDEND INDEX - CHICAGO MERCANTILE EXCHANGE,170477,88596,410,9751,88186
2021-03-23,E-MINI S&P 500 STOCK INDEX - CHICAGO MERCANTILE EXCHANGE,2540184,192804,394314,43526,-201510
2021-03-23,S&P 500 Consolidated - CHICAGO MERCANTILE EXCHANGE,508037,38561,78863,8705,-40302
2021-03-30,S&P 500 Consolidated - CHICAGO MERCANTILE EXCHANGE,529023,43483,83091,14227,-39608
2021-03-30,E-MINI S&P 500 STOCK INDEX - CHICAGO MERCANTILE EXCHANGE,2564664,212212,411336,44836,-199124
2021-03-30,S&P 500 ANNUAL DIVIDEND INDEX - CHICAGO MERCANTILE EXCHANGE,173884,86960,410,10501,86550
2021-04-06,S&P 500 ANNUAL DIVIDEND INDEX - CHICAGO MERCANTILE EXCHANGE,174191,88074,410,9866,87664
2021-04-06,E-MINI S&P 500 STOCK INDEX - CHICAGO MERCANTILE EXCHANGE,2611712,218144,473375,51862,-255231
2021-04-06,S&P 500 Consolidated - CHICAGO MERCANTILE EXCHANGE,549444,43224,92984,20143,-49760
2021-04-13,S&P 500 Consolidated - CHICAGO MERCANTILE EXCHANGE,560636,44285,95476,26604,-51191
2021-04-13,S&P 500 STOCK INDEX - CHICAGO MERCANTILE EXCHANGE,31908,14174,11584,950,2590
2021-04-13,MICRO E-MINI S&P 500 INDEX - CHICAGO MERCANTILE EXCHANGE,115911,49351,58142,4176,-8791
2021-04-13,S&P 500 ANNUAL DIVIDEND INDEX - CHICAGO MERCANTILE EXCHANGE,172735,96499,410,9531,96089
2021-04-13,E-MINI S&P 500 STOCK INDEX - CHICAGO MERCANTILE EXCHANGE,2643642,228802,497708,50024,-268906
2021-04-20,S&P 500 ANNUAL DIVIDEND INDEX - CHICAGO MERCANTILE EXCHANGE,175950,96992,410,8981,96582
2021-04-20,E-MINI S&P 500 STOCK INDEX - CHICAGO MERCANTILE EXCHANGE,2687111,256439,504265,57875,-247826
2021-04-20,S&P 500 STOCK INDEX - CHICAGO MERCANTILE EXCHANGE,32402,15541,12069,450,3472
2021-04-20,S&P 500 Consolidated - CHICAGO MERCANTILE EXCHANGE,569824,46890,92983,31964,-46093
2021-04-27,S&P 500 STOCK INDEX - CHICAGO MERCANTILE EXCHANGE,38471,19461,15065,130,4396
2021-04-27,S&P 500 Consolidated - CHICAGO MERCANTILE EXCHANGE,581117,47186,92213,37346,-45027
2021-04-27,S&P 500 ANNUAL DIVIDEND INDEX - CHICAGO MERCANTILE EXCHANGE,182859,104306,410,8991,103896
2021-04-27,E-MINI S&P 500 STOCK INDEX - CHICAGO MERCANTILE EXCHANGE,2713231,279827,526946,44878,-247119
2021-05-04,S&P 500 STOCK INDEX - CHICAGO MERCANTILE EXCHANGE,37441,20720,15951,0,4769
2021-05-04,S&P 500 Consolidated - CHICAGO MERCANTILE EXCHANGE,578570,46043,92785,38728,-46742
2021-05-04,S&P 500 ANNUAL DIVIDEND INDEX - CHICAGO MERCANTILE EXCHANGE,187407,104596,410,8957,104186
2021-05-04,E-MINI S&P 500 STOCK INDEX - CHICAGO MERCANTILE EXCHANGE,2705647,257981,515537,62273,-257556
2021-05-11,S&P 500 ANNUAL DIVIDEND INDEX - CHICAGO MERCANTILE EXCHANGE,191759,108141,330,9106,107811
2021-05-11,E-MINI S&P 500 STOCK INDEX - CHICAGO MERCANTILE EXCHANGE,2655280,257697,482204,62982,-224507
2021-05-11,S&P 500 STOCK INDEX - CHICAGO MERCANTILE EXCHANGE,37541,20739,12435,0,8304
2021-05-11,S&P 500 Consolidated - CHICAGO MERCANTILE EXCHANGE,568597,47990,84587,36885,-36597
2021-05-18,S&P 500 ANNUAL DIVIDEND INDEX - CHICAGO MERCANTILE EXCHANGE,195237,108292,387,9783,107905
2021-05-18,E-MINI S&P 500 STOCK INDEX - CHICAGO MERCANTILE EXCHANGE,2619960,246059,449680,58312,-203621
2021-05-18,S&P 500 STOCK INDEX - CHICAGO MERCANTILE EXCHANGE,37303,20116,12377,440,7739
2021-05-18,S&P 500 Consolidated - CHICAGO MERCANTILE EXCHANGE,561295,48639,81625,32791,-32986
2021-05-25,S&P 500 Consolidated - CHICAGO MERCANTILE EXCHANGE,588098,52153,77542,40145,-25389
2021-05-25,S&P 500 STOCK INDEX - CHICAGO MERCANTILE EXCHANGE,40951,22442,11290,200,11152
2021-05-25,S&P 500 ANNUAL DIVIDEND INDEX - CHICAGO MERCANTILE EXCHANGE,199267,108347,393,8891,107954
2021-05-25,E-MINI S&P 500 STOCK INDEX - CHICAGO MERCANTILE EXCHANGE,2735735,272273,454978,76003,-182705
2021-06-01,S&P 500 Consolidated - CHICAGO MERCANTILE EXCHANGE,594184,54469,80319,34293,-25850
2021-06-01,S&P 500 ANNUAL DIVIDEND INDEX - CHICAGO MERCANTILE EXCHANGE,198673,109984,416,8511,109568
2021-06-01,E-MINI S&P 500 STOCK INDEX - CHICAGO MERCANTILE EXCHANGE,2767524,268600,475974,70105,-207374
2021-06-01,S&P 500 STOCK INDEX - CHICAGO MERCANTILE EXCHANGE,40679,20821,5196,200,15625
2021-06-08,S&P 500 Consolidated - CHICAGO MERCANTILE EXCHANGE,606772,53357,73031,44121,-19674
2021-06-08,S&P 500 STOCK INDEX - CHICAGO MERCANTILE EXCHANGE,43541,23175,5345,200,17830
2021-06-08,E-MINI S&P 500 STOCK INDEX - CHICAGO MERCANTILE EXCHANGE,2816156,263107,450630,107404,-187523
2021-06-08,S&P 500 ANNUAL DIVIDEND INDEX - CHICAGO MERCANTILE EXCHANGE,202478,112479,426,8411,112053
2021-06-08,MICRO E-MINI S&P 500 INDEX - CHICAGO MERCANTILE EXCHANGE,193384,110995,121438,662,-10443
2021-06-15,S&P 500 Consolidated - CHICAGO MERCANTILE EXCHANGE,666519,50233,78015,54392,-27782
2021-06-15,S&P 500 ANNUAL DIVIDEND INDEX - CHICAGO MERCANTILE EXCHANGE,207826,113015,426,8411,112589
2021-06-15,MICRO E-MINI S&P 500 INDEX - CHICAGO MERCANTILE EXCHANGE,226994,116041,125591,22461,-9550
2021-06-15,E-MINI S&P 500 STOCK INDEX - CHICAGO MERCANTILE EXCHANGE,3117658,246619,481488,156631,-234869
2021-06-15,S&P 500 STOCK INDEX - CHICAGO MERCANTILE EXCHANGE,42987,23873,4681,102,19192
2021-06-22,S&P 500 ANNUAL DIVIDEND INDEX - CHICAGO MERCANTILE EXCHANGE,208163,113293,585,8411,112708
2021-06-22,E-MINI S&P 500 STOCK INDEX - CHICAGO MERCANTILE EXCHANGE,2563884,179131,350369,66243,-171238
2021-06-22,S&P 500 Consolidated - CHICAGO MERCANTILE EXCHANGE,519840,34461,72349,15635,-37888
2021-06-29,S&P 500 Consolidated - CHICAGO MERCANTILE EXCHANGE,526777,38980,79068,17416,-40088
2021-06-29,E-MINI S&P 500 STOCK INDEX - CHICAGO MERCANTILE EXCHANGE,2571895,198058,387468,63104,-189410
2021-06-29,S&P 500 ANNUAL DIVIDEND INDEX - CHICAGO MERCANTILE EXCHANGE,219407,129496,406,8266,129090
2021-07-06,S&P 500 ANNUAL DIVIDEND INDEX - CHICAGO MERCANTILE EXCHANGE,220735,129064,416,7382,128648
2021-07-06,E-MINI S&P 500 STOCK INDEX - CHICAGO MERCANTILE EXCHANGE,2610712,220190,400789,64956,-180599
2021-07-06,S&P 500 Consolidated - CHICAGO MERCANTILE EXCHANGE,535166,41976,82568,20698,-40592
2021-07-13,S&P 500 ANNUAL DIVIDEND INDEX - CHICAGO MERCANTILE EXCHANGE,222881,128935,411,7102,128524
2021-07-13,E-MINI S&P 500 STOCK INDEX - CHICAGO MERCANTILE EXCHANGE,2632508,204857,402191,72920,-197334
2021-07-13,S&P 500 Consolidated - CHICAGO MERCANTILE EXCHANGE,543030,41983,80703,22671,-38720
2021-07-20,S&P 500 ANNUAL DIVIDEND INDEX - CHICAGO MERCANTILE EXCHANGE,226679,124702,411,9517,124291
2021-07-20,E-MINI S&P 500 STOCK INDEX - CHICAGO MERCANTILE EXCHANGE,2667977,225371,402272,78656,-176901
2021-07-20,S&P 500 Consolidated - CHICAGO MERCANTILE EXCHANGE,551237,43957,78160,26721,-34203
2021-07-27,S&P 500 ANNUAL DIVIDEND INDEX - CHICAGO MERCANTILE EXCHANGE,225009,118303,406,10937,117897
2021-07-27,E-MINI S&P 500 STOCK INDEX - CHICAGO MERCANTILE EXCHANGE,2666461,219666,422226,82145,-202560
2021-07-27,S&P 500 Consolidated - CHICAGO MERCANTILE EXCHANGE,560457,40035,77958,34992,-37923
2021-08-03,E-MINI S&P 500 STOCK INDEX - CHICAGO MERCANTILE EXCHANGE,2697035,244024,448067,87921,-204043
2021-08-03,S&P 500 Consolidated - CHICAGO MERCANTILE EXCHANGE,568882,44114,79855,38293,-35741
2021-08-03,S&P 500 ANNUAL DIVIDEND INDEX - CHICAGO MERCANTILE EXCHANGE,235832,128416,386,11625,128030
2021-08-10,S&P 500 Consolidated - CHICAGO MERCANTILE EXCHANGE,573185,43976,80546,42919,-36570
2021-08-10,S&P 500 ANNUAL DIVIDEND INDEX - CHICAGO MERCANTILE EXCHANGE,236204,128511,381,11800,128130
2021-08-10,E-MINI S&P 500 STOCK INDEX - CHICAGO MERCANTILE EXCHANGE,2696698,260306,464354,86214,-204048
2021-08-17,S&P 500 ANNUAL DIVIDEND INDEX - CHICAGO MERCANTILE EXCHANGE,235739,127921,330,12006,127591
2021-08-17,MICRO E-MINI S&P 500 INDEX - CHICAGO MERCANTILE EXCHANGE,103969,7077,60022,3824,-52945
2021-08-17,E-MINI S&P 500 STOCK INDEX - CHICAGO MERCANTILE EXCHANGE,2716225,266557,440831,92397,-174274
2021-08-17,S&P 500 STOCK INDEX - CHICAGO MERCANTILE EXCHANGE,38130,18691,15983,700,2708
2021-08-17,S&P 500 Consolidated - CHICAGO MERCANTILE EXCHANGE,581375,41888,74035,49294,-32147
2021-08-24,E-MINI S&P 500 STOCK INDEX - CHICAGO MERCANTILE EXCHANGE,2744903,282755,460629,95114,-177874
2021-08-24,S&P 500 ANNUAL DIVIDEND INDEX - CHICAGO MERCANTILE EXCHANGE,236456,127077,330,12604,126747
2021-08-24,S&P 500 STOCK INDEX - CHICAGO MERCANTILE EXCHANGE,43367,22201,16708,540,5493
2021-08-24,S&P 500 Consolidated - CHICAGO MERCANTILE EXCHANGE,592348,44917,74999,53398,-30082
2021-08-24,MICRO E-MINI S&P 500 INDEX - CHICAGO MERCANTILE EXCHANGE,135129,6050,89943,2383,-83893
2021-08-31,S&P 500 ANNUAL DIVIDEND INDEX - CHICAGO MERCANTILE EXCHANGE,237095,127828,330,12727,127498
2021-08-31,MICRO E-MINI S&P 500 INDEX - CHICAGO MERCANTILE EXCHANGE,134292,8142,86856,2964,-78714
2021-08-31,E-MINI S&P 500 STOCK INDEX - CHICAGO MERCANTILE EXCHANGE,2776075,253029,448469,105362,-195440
2021-08-31,S&P 500 STOCK INDEX - CHICAGO MERCANTILE EXCHANGE,46078,23841,16701,300,7140
2021-08-31,S&P 500 Consolidated - CHICAGO MERCANTILE EXCHANGE,601293,41349,73297,54470,-31948
2021-09-07,S&P 500 Consolidated - CHICAGO MERCANTILE EXCHANGE,611152,43905,72058,58546,-28153
2021-09-07,S&P 500 ANNUAL DIVIDEND INDEX - CHICAGO MERCANTILE EXCHANGE,237139,128687,330,12981,128357
2021-09-07,MICRO E-MINI S&P 500 INDEX - CHICAGO MERCANTILE EXCHANGE,124518,5911,79315,3575,-73404
2021-09-07,E-MINI S&P 500 STOCK INDEX - CHICAGO MERCANTILE EXCHANGE,2827555,286800,446517,111750,-159717
2021-09-07,S&P 500 STOCK INDEX - CHICAGO MERCANTILE EXCHANGE,45641,22541,18751,200,3790
2021-09-14,E-MINI S&P 500 STOCK INDEX - CHICAGO MERCANTILE EXCHANGE,3051765,281141,415947,194427,-134806
2021-09-14,S&P 500 ANNUAL DIVIDEND INDEX - CHICAGO MERCANTILE EXCHANGE,240079,127559,330,14435,127229
2021-09-14,S&P 500 STOCK INDEX - CHICAGO MERCANTILE EXCHANGE,45572,22721,14632,300,8089
2021-09-14,S&P 500 Consolidated - CHICAGO MERCANTILE EXCHANGE,655925,45253,64125,72882,-18872
2021-09-14,MICRO E-MINI S&P 500 INDEX - CHICAGO MERCANTILE EXCHANGE,160168,7431,103716,15611,-96285
2021-09-21,S&P 500 ANNUAL DIVIDEND INDEX - CHICAGO MERCANTILE EXCHANGE,237692,125702,330,13504,125372
2021-09-21,E-MINI S&P 500 STOCK INDEX - CHICAGO MERCANTILE EXCHANGE,2453181,194699,320543,41151,-125844
2021-09-21,S&P 500 Consolidated - CHICAGO MERCANTILE EXCHANGE,490636,38940,64109,8230,-25169
2021-09-28,S&P 500 Consolidated - CHICAGO MERCANTILE EXCHANGE,491475,49440,58186,8417,-8746
2021-09-28,S&P 500 ANNUAL DIVIDEND INDEX - CHICAGO MERCANTILE EXCHANGE,243892,132110,330,12402,131780
2021-09-28,E-MINI S&P 500 STOCK INDEX - CHICAGO MERCANTILE EXCHANGE,2457374,247202,290929,42086,-43727
2021-10-05,E-MINI S&P 500 STOCK INDEX - CHICAGO MERCANTILE EXCHANGE,2437353,250996,293198,34403,-42202
2021-10-05,S&P 500 Consolidated - CHICAGO MERCANTILE EXCHANGE,487471,50199,58640,6881,-8441
2021-10-05,S&P 500 ANNUAL DIVIDEND INDEX - CHICAGO MERCANTILE EXCHANGE,244024,131902,330,12073,131572
2021-10-12,S&P 500 Consolidated - CHICAGO MERCANTILE EXCHANGE,480633,51414,55755,6000,-4341
2021-10-12,E-MINI S&P 500 STOCK INDEX - CHICAGO MERCANTILE EXCHANGE,2403163,257068,278775,30002,-21707
2021-10-12,S&P 500 ANNUAL DIVIDEND INDEX - CHICAGO MERCANTILE EXCHANGE,243608,131214,330,11676,130884
2021-10-19,S&P 500 Consolidated - CHICAGO MERCANTILE EXCHANGE,477317,45642,64503,5674,-18861
2021-10-19,S&P 500 ANNUAL DIVIDEND INDEX - CHICAGO MERCANTILE EXCHANGE,239978,127589,580,12709,127009
2021-10-19,E-MINI S&P 500 STOCK INDEX - CHICAGO MERCANTILE EXCHANGE,2386587,228208,322517,28371,-94309
2021-10-26,S&P 500 Consolidated - CHICAGO MERCANTILE EXCHANGE,480961,46794,60969,7988,-14175
2021-10-26,S&P 500 ANNUAL DIVIDEND INDEX - CHICAGO MERCANTILE EXCHANGE,238735,123431,580,11218,122851
2021-10-26,E-MINI S&P 500 STOCK INDEX - CHICAGO MERCANTILE EXCHANGE,2404805,233968,304844,39941,-70876
2021-11-02,S&P 500 ANNUAL DIVIDEND INDEX - CHICAGO MERCANTILE EXCHANGE,241102,129621,580,11503,129041
2021-11-02,MICRO E-MINI S&P 500 INDEX - CHICAGO MERCANTILE EXCHANGE,128193,31593,76811,3629,-45218
2021-11-02,E-MINI S&P 500 STOCK INDEX - CHICAGO MERCANTILE EXCHANGE,2431931,259326,297185,44334,-37859
2021-11-02,S&P 500 Consolidated - CHICAGO MERCANTILE EXCHANGE,486386,51865,59437,8867,-7572
2021-11-09,E-MINI S&P 500 STOCK INDEX - CHICAGO MERCANTILE EXCHANGE,2437804,266727,303703,44115,-36976
2021-11-09,S&P 500 Consolidated - CHICAGO MERCANTILE EXCHANGE,487561,53345,60741,8823,-7396
2021-11-09,S&P 500 ANNUAL DIVIDEND INDEX - CHICAGO MERCANTILE EXCHANGE,241955,129726,580,11701,129146
2021-11-16,E-MINI S&P 500 STOCK INDEX - CHICAGO MERCANTILE EXCHANGE,2454894,248795,292057,48884,-43262
2021-11-16,S&P 500 Consolidated - CHICAGO MERCANTILE EXCHANGE,490979,49759,58411,9777,-8652
2021-11-16,S&P 500 ANNUAL DIVIDEND INDEX - CHICAGO MERCANTILE EXCHANGE,240432,129178,580,10683,128598
2021-11-16,MICRO E-MINI S&P 500 INDEX - CHICAGO MERCANTILE EXCHANGE,150268,36251,98699,7013,-62448
2021-11-23,S&P 500 ANNUAL DIVIDEND INDEX - CHICAGO MERCANTILE EXCHANGE,237849,128671,580,10796,128091
2021-11-23,E-MINI S&P 500 STOCK INDEX - CHICAGO MERCANTILE EXCHANGE,2455317,258272,260805,50755,-2533
2021-11-23,S&P 500 Consolidated - CHICAGO MERCANTILE EXCHANGE,491063,51654,52161,10151,-507
2021-11-23,MICRO E-MINI S&P 500 INDEX - CHICAGO MERCANTILE EXCHANGE,165200,37401,113374,8673,-75973
2021-11-30,S&P 500 Consolidated - CHICAGO MERCANTILE EXCHANGE,502143,63614,51990,11330,11624
2021-11-30,S&P 500 ANNUAL DIVIDEND INDEX - CHICAGO MERCANTILE EXCHANGE,234974,127848,505,10544,127343
2021-11-30,MICRO E-MINI S&P 500 INDEX - CHICAGO MERCANTILE EXCHANGE,191030,39975,146944,956,-106969
2021-11-30,E-MINI S&P 500 STOCK INDEX - CHICAGO MERCANTILE EXCHANGE,2510714,318071,259949,56652,58122
2021-12-07,S&P 500 Consolidated - CHICAGO MERCANTILE EXCHANGE,502877,57513,54131,12694,3382
2021-12-07,E-MINI S&P 500 STOCK INDEX - CHICAGO MERCANTILE EXCHANGE,2514383,287566,270655,63471,16911
2021-12-07,S&P 500 ANNUAL DIVIDEND INDEX - CHICAGO MERCANTILE EXCHANGE,242106,132293,755,11784,131538
2021-12-07,MICRO E-MINI S&P 500 INDEX - CHICAGO MERCANTILE EXCHANGE,206610,49763,154476,4320,-104713
2021-12-14,S&P 500 Consolidated - CHICAGO MERCANTILE EXCHANGE,550927,62081,53143,36126,8938
2021-12-14,E-MINI S&P 500 STOCK INDEX - CHICAGO MERCANTILE EXCHANGE,2754633,310403,265714,180629,44689
2021-12-14,S&P 500 ANNUAL DIVIDEND INDEX - CHICAGO MERCANTILE EXCHANGE,244695,133298,755,12651,132543
2021-12-14,MICRO E-MINI S&P 500 INDEX - CHICAGO MERCANTILE EXCHANGE,228647,50634,160413,18154,-109779
2021-12-21,S&P 500 ANNUAL DIVIDEND INDEX - CHICAGO MERCANTILE EXCHANGE,175265,105216,755,12250,104461
2021-12-21,E-MINI S&P 500 STOCK INDEX - CHICAGO MERCANTILE EXCHANGE,2262123,262131,272596,32714,-10465
2021-12-21,S&P 500 Consolidated - CHICAGO MERCANTILE EXCHANGE,452425,52426,54519,6543,-2093
2021-12-28,S&P 500 ANNUAL DIVIDEND INDEX - CHICAGO MERCANTILE EXCHANGE,184654,113688,755,13243,112933
2021-12-28,E-MINI S&P 500 STOCK INDEX - CHICAGO MERCANTILE EXCHANGE,2287852,255067,352334,32814,-97267
2021-12-28,S&P 500 Consolidated - CHICAGO MERCANTILE EXCHANGE,457570,51013,70467,6563,-19454
2022-01-04,E-MINI S&P 500 STOCK INDEX - CHICAGO MERCANTILE EXCHANGE,2297290,266454,365329,34055,-98875
2022-01-04,S&P 500 Consolidated - CHICAGO MERCANTILE EXCHANGE,459458,53291,73066,6811,-19775
2022-01-04,S&P 500 ANNUAL DIVIDEND INDEX - CHICAGO MERCANTILE EXCHANGE,187996,113657,755,14558,112902
2022-01-04,MICRO E-MINI S&P 500 INDEX - CHICAGO MERCANTILE EXCHANGE,100986,21153,29270,102,-8117
2022-01-11,E-MINI S&P 500 STOCK INDEX - CHICAGO MERCANTILE EXCHANGE,2283672,254075,311842,32097,-57767
2022-01-11,S&P 500 Consolidated - CHICAGO MERCANTILE EXCHANGE,456734,50815,62368,6419,-11553
2022-01-11,S&P 500 ANNUAL DIVIDEND INDEX - CHICAGO MERCANTILE EXCHANGE,197409,124761,755,16800,124006
2022-01-11,MICRO E-MINI S&P 500 INDEX - CHICAGO MERCANTILE EXCHANGE,140066,35648,50404,6059,-14756
2022-01-18,S&P 500 Consolidated - CHICAGO MERCANTILE EXCHANGE,461996,54528,57126,8410,-2598
2022-01-18,S&P 500 ANNUAL DIVIDEND INDEX - CHICAGO MERCANTILE EXCHANGE,200061,124276,755,18386,123521
2022-01-18,MICRO E-MINI S&P 500 INDEX - CHICAGO MERCANTILE EXCHANGE,170640,49799,75869,3066,-26070
2022-01-18,E-MINI S&P 500 STOCK INDEX - CHICAGO MERCANTILE EXCHANGE,2309982,272641,285631,42052,-12990
2022-01-25,E-MINI S&P 500 STOCK INDEX - CHICAGO MERCANTILE EXCHANGE,2378857,353909,246760,40390,107149
2022-01-25,S&P 500 Consolidated - CHICAGO MERCANTILE EXCHANGE,475771,70782,49352,8078,21430
2022-01-25,S&P 500 ANNUAL DIVIDEND INDEX - CHICAGO MERCANTILE EXCHANGE,199889,120652,805,18076,119847
2022-01-25,MICRO E-MINI S&P 500 INDEX - CHICAGO MERCANTILE EXCHANGE,178383,45520,54914,2346,-9394
2022-02-01,S&P 500 Consolidated - CHICAGO MERCANTILE EXCHANGE,456794,59711,49945,7388,9766
2022-02-01,E-MINI S&P 500 STOCK INDEX - CHICAGO MERCANTILE EXCHANGE,2283969,298553,249724,36938,48829
2022-02-01,MICRO E-MINI S&P 500 INDEX - CHICAGO MERCANTILE EXCHANGE,175093,45081,61379,5678,-16298
2022-02-01,S&P 500 ANNUAL DIVIDEND INDEX - CHICAGO MERCANTILE EXCHANGE,203733,125511,805,17529,124706
2022-02-08,S&P 500 Consolidated - CHICAGO MERCANTILE EXCHANGE,445982,56432,44724,8069,11708
2022-02-08,S&P 500 ANNUAL DIVIDEND INDEX - CHICAGO MERCANTILE EXCHANGE,203389,126434,805,16636,125629
2022-02-08,MICRO E-MINI S&P 500 INDEX - CHICAGO MERCANTILE EXCHANGE,174454,46357,101889,1858,-55532
2022-02-08,E-MINI S&P 500 - CHICAGO MERCANTILE EXCHANGE,2229911,282160,223618,40345,58542
2022-02-15,MICRO E-MINI S&P 500 INDEX - CHICAGO MERCANTILE EXCHANGE,183895,36894,137771,3148,-100877
2022-02-15,E-MINI S&P 500 - CHICAGO MERCANTILE EXCHANGE,2270263,292399,261871,45737,30528
2022-02-15,S&P 500 Consolidated - CHICAGO MERCANTILE EXCHANGE,454053,58480,52374,9147,6106
2022-02-15,S&P 500 ANNUAL DIVIDEND INDEX - CHICAGO MERCANTILE EXCHANGE,209537,136308,805,14181,135503
2022-02-22,E-MINI S&P 500 - CHICAGO MERCANTILE EXCHANGE,2374165,324127,250709,48407,73418
2022-02-22,S&P 500 Consolidated - CHICAGO MERCANTILE EXCHANGE,474833,64825,50142,9681,14683
2022-02-22,S&P 500 ANNUAL DIVIDEND INDEX - CHICAGO MERCANTILE EXCHANGE,209303,138928,805,14117,138123
2022-02-22,MICRO E-MINI S&P 500 INDEX - CHICAGO MERCANTILE EXCHANGE,196441,21882,149544,1815,-127662
2022-03-01,E-MINI S&P 500 - CHICAGO MERCANTILE EXCHANGE,2387492,299237,323083,42937,-23846
2022-03-01,S&P 500 Consolidated - CHICAGO MERCANTILE EXCHANGE,477498,59847,64617,8587,-4770
2022-03-01,S&P 500 ANNUAL DIVIDEND INDEX - CHICAGO MERCANTILE EXCHANGE,192293,122947,805,10767,122142
2022-03-01,MICRO E-MINI S&P 500 INDEX - CHICAGO MERCANTILE EXCHANGE,172757,25031,96934,2435,-71903
2022-03-08,MICRO E-MINI S&P 500 INDEX - CHICAGO MERCANTILE EXCHANGE,180638,24940,126152,2579,-101212
2022-03-08,E-MINI S&P 500 - CHICAGO MERCANTILE EXCHANGE,2435543,302670,286728,49048,15942
2022-03-08,S&P 500 Consolidated - CHICAGO MERCANTILE EXCHANGE,487109,60534,57346,9810,3188
2022-03-08,S&P 500 ANNUAL DIVIDEND INDEX - CHICAGO MERCANTILE EXCHANGE,201052,130776,1967,11454,128809
2022-03-15,S&P 500 ANNUAL DIVIDEND INDEX - CHICAGO MERCANTILE EXCHANGE,203393,132005,2036,12730,129969
2022-03-15,MICRO E-MINI S&P 500 INDEX - CHICAGO MERCANTILE EXCHANGE,200867,26020,124533,14720,-98513
2022-03-15,S&P 500 Consolidated - CHICAGO MERCANTILE EXCHANGE,516552,57171,66555,24634,-9384
2022-03-15,E-MINI S&P 500 - CHICAGO MERCANTILE EXCHANGE,2582759,285855,332775,123172,-46920
2022-03-22,S&P 500 Consolidated - CHICAGO MERCANTILE EXCHANGE,422337,22370,76429,7547,-54059
2022-03-22,E-MINI S&P 500 - CHICAGO MERCANTILE EXCHANGE,2111687,111850,382143,37737,-270293
2022-03-22,S&P 500 ANNUAL DIVIDEND INDEX - CHICAGO MERCANTILE EXCHANGE,206975,136509,969,14197,135540
2022-03-29,S&P 500 Consolidated - CHICAGO MERCANTILE EXCHANGE,424010,25605,82087,6783,-56482
2022-03-29,E-MINI S&P 500 - CHICAGO MERCANTILE EXCHANGE,2120049,128026,410434,33913,-282408
2022-03-29,ADJUSTED INT RATE S&P 500 TOTL - CHICAGO MERCANTILE EXCHANGE,197014,14149,4342,31037,9807
2022-03-29,S&P 500 ANNUAL DIVIDEND INDEX - CHICAGO MERCANTILE EXCHANGE,207728,131923,1150,17498,130773
2022-03-29,MICRO E-MINI S&P 500 INDEX - CHICAGO MERCANTILE EXCHANGE,98390,18592,30648,10738,-12056
2022-04-05,S&P 500 ANNUAL DIVIDEND INDEX - CHICAGO MERCANTILE EXCHANGE,201670,127987,1186,12619,126801
2022-04-05,ADJUSTED INT RATE S&P 500 TOTL - CHICAGO MERCANTILE EXCHANGE,207014,15149,4342,36287,10807
2022-04-05,MICRO E-MINI S&P 500 INDEX - CHICAGO MERCANTILE EXCHANGE,100483,19274,47464,10259,-28190
2022-04-05,E-MINI S&P 500 - CHICAGO MERCANTILE EXCHANGE,2122357,136114,384877,44479,-248763
2022-04-05,S&P 500 Consolidated - CHICAGO MERCANTILE EXCHANGE,424471,27223,76975,8896,-49752
2022-04-12,S&P 500 Consolidated - CHICAGO MERCANTILE EXCHANGE,431393,36925,57077,8972,-20152
2022-04-12,E-MINI S&P 500 - CHICAGO MERCANTILE EXCHANGE,2156967,184626,285385,44858,-100759
2022-04-12,MICRO E-MINI S&P 500 INDEX - CHICAGO MERCANTILE EXCHANGE,100032,18984,57948,1433,-38964
2022-04-12,ADJUSTED INT RATE S&P 500 TOTL - CHICAGO MERCANTILE EXCHANGE,208264,15149,4342,36787,10807
2022-04-12,S&P 500 ANNUAL DIVIDEND INDEX - CHICAGO MERCANTILE EXCHANGE,211253,133776,1346,14746,132430
2022-04-19,S&P 500 Consolidated - CHICAGO MERCANTILE EXCHANGE,431759,38182,61478,9663,-23296
2022-04-19,E-MINI S&P 500 - CHICAGO MERCANTILE EXCHANGE,2158797,190909,307392,48313,-116483
2022-04-19,MICRO E-MINI S&P 500 INDEX - CHICAGO MERCANTILE EXCHANGE,116748,12609,69482,4712,-56873
2022-04-19,S&P 500 ANNUAL DIVIDEND INDEX - CHICAGO MERCANTILE EXCHANGE,214155,135526,1496,14921,134030
2022-04-19,ADJUSTED INT RATE S&P 500 TOTL - CHICAGO MERCANTILE EXCHANGE,209764,15649,4342,36787,11307
2022-04-26,S&P 500 ANNUAL DIVIDEND INDEX - CHICAGO MERCANTILE EXCHANGE,216133,134843,1486,15028,133357
2022-04-26,ADJUSTED INT RATE S&P 500 TOTL - CHICAGO MERCANTILE EXCHANGE,209764,15149,4342,37287,10807
2022-04-26,MICRO E-MINI S&P 500 INDEX - CHICAGO MERCANTILE EXCHANGE,141511,10066,96147,7675,-86081
2022-04-26,E-MINI S&P 500 - CHICAGO MERCANTILE EXCHANGE,2191696,249349,256069,56770,-6720
2022-04-26,S&P 500 Consolidated - CHICAGO MERCANTILE EXCHANGE,438339,49870,51214,11354,-1344
2022-05-03,S&P 500 Consolidated - CHICAGO MERCANTILE EXCHANGE,441735,52227,68928,10865,-16701
2022-05-03,E-MINI S&P 500 - CHICAGO MERCANTILE EXCHANGE,2208674,261137,344638,54324,-83501
2022-05-03,MICRO E-MINI S&P 500 INDEX - CHICAGO MERCANTILE EXCHANGE,195442,14418,150128,5990,-135710
2022-05-03,ADJUSTED INT RATE S&P 500 TOTL - CHICAGO MERCANTILE EXCHANGE,215110,15149,4342,38788,10807
2022-05-03,S&P 500 ANNUAL DIVIDEND INDEX - CHICAGO MERCANTILE EXCHANGE,215217,136732,1571,14964,135161
2022-05-10,E-MINI S&P 500 - CHICAGO MERCANTILE EXCHANGE,2261956,291368,300020,58692,-8652
2022-05-10,S&P 500 Consolidated - CHICAGO MERCANTILE EXCHANGE,452391,58274,60004,11738,-1730
2022-05-10,ADJUSTED INT RATE S&P 500 TOTL - CHICAGO MERCANTILE EXCHANGE,212310,14649,1012,38788,13637
2022-05-10,MICRO E-MINI S&P 500 INDEX - CHICAGO MERCANTILE EXCHANGE,205271,7346,158202,2203,-150856
2022-05-10,S&P 500 ANNUAL DIVIDEND INDEX - CHICAGO MERCANTILE EXCHANGE,219691,137887,2301,18478,135586
2022-05-17,S&P 500 ANNUAL DIVIDEND INDEX - CHICAGO MERCANTILE EXCHANGE,217301,134697,1671,19135,133026
2022-05-17,MICRO E-MINI S&P 500 INDEX - CHICAGO MERCANTILE EXCHANGE,211429,9807,155216,6000,-145409
2022-05-17,E-MINI S&P 500 - CHICAGO MERCANTILE EXCHANGE,2252109,248298,345821,55897,-97523
2022-05-17,S&P 500 Consolidated - CHICAGO MERCANTILE EXCHANGE,450422,49660,69164,11179,-19504
2022-05-24,E-MINI S&P 500 - CHICAGO MERCANTILE EXCHANGE,2262171,231340,377709,53406,-146369
2022-05-24,S&P 500 Consolidated - CHICAGO MERCANTILE EXCHANGE,452434,46268,75542,10681,-29274
2022-05-24,S&P 500 ANNUAL DIVIDEND INDEX - CHICAGO MERCANTILE EXCHANGE,226249,139150,3067,19031,136083
2022-05-24,MICRO E-MINI S&P 500 INDEX - CHICAGO MERCANTILE EXCHANGE,240007,14140,183278,6202,-169138
2022-05-31,S&P 500 ANNUAL DIVIDEND INDEX - CHICAGO MERCANTILE EXCHANGE,222486,144397,2897,14970,141500
2022-05-31,MICRO E-MINI S&P 500 INDEX - CHICAGO MERCANTILE EXCHANGE,239302,11664,176844,9652,-165180
2022-05-31,E-MINI S&P 500 - CHICAGO MERCANTILE EXCHANGE,2260467,193420,396842,55921,-203422
2022-05-31,S&P 500 Consolidated - CHICAGO MERCANTILE EXCHANGE,452093,38684,79368,11184,-40684
2022-06-07,S&P 500 Consolidated - CHICAGO MERCANTILE EXCHANGE,453484,37906,84174,13144,-46268
2022-06-07,MICRO E-MINI S&P 500 INDEX - CHICAGO MERCANTILE EXCHANGE,258966,24367,196431,7075,-172064
2022-06-07,E-MINI S&P 500 - CHICAGO MERCANTILE EXCHANGE,2267420,189532,420870,65718,-231338
2022-06-07,S&P 500 ANNUAL DIVIDEND INDEX - CHICAGO MERCANTILE EXCHANGE,224200,146270,2782,14394,143488
2022-06-14,S&P 500 ANNUAL DIVIDEND INDEX - CHICAGO MERCANTILE EXCHANGE,222200,139834,2907,16871,136927
2022-06-14,MICRO E-MINI S&P 500 INDEX - CHICAGO MERCANTILE EXCHANGE,372885,12324,293972,26524,-281648
2022-06-14,E-MINI S&P 500 - CHICAGO MERCANTILE EXCHANGE,2654399,247872,423784,179380,-175912
2022-06-14,S&P 500 Consolidated - CHICAGO MERCANTILE EXCHANGE,530880,49574,84757,35876,-35183
2022-06-21,S&P 500 Consolidated - CHICAGO MERCANTILE EXCHANGE,452401,34503,75470,5944,-40967
2022-06-21,E-MINI S&P 500 - CHICAGO MERCANTILE EXCHANGE,2262004,172515,377351,29718,-204836
2022-06-21,ADJUSTED INT RATE S&P 500 TOTL - CHICAGO MERCANTILE EXCHANGE,204636,1000,1431,37719,-431
2022-06-21,S&P 500 ANNUAL DIVIDEND INDEX - CHICAGO MERCANTILE EXCHANGE,223545,140455,3217,15430,137238
2022-06-21,MICRO E-MINI S&P 500 INDEX - CHICAGO MERCANTILE EXCHANGE,98239,5575,59246,3734,-53671
2022-06-28,E-MINI S&P 500 - CHICAGO MERCANTILE EXCHANGE,2248771,145132,410697,40670,-265565
2022-06-28,S&P 500 Consolidated - CHICAGO MERCANTILE EXCHANGE,449754,29026,82139,8134,-53113
2022-06-28,MICRO E-MINI S&P 500 INDEX - CHICAGO MERCANTILE EXCHANGE,106252,5959,63774,7015,-57815
2022-06-28,S&P 500 ANNUAL DIVIDEND INDEX - CHICAGO MERCANTILE EXCHANGE,227292,142144,3377,16126,138767
2022-06-28,ADJUSTED INT RATE S&P 500 TOTL - CHICAGO MERCANTILE EXCHANGE,212036,3081,1012,39538,2069
2022-07-05,S&P 500 Consolidated - CHICAGO MERCANTILE EXCHANGE,461848,28243,91838,8149,-63595
2022-07-05,S&P 500 ANNUAL DIVIDEND INDEX - CHICAGO MERCANTILE EXCHANGE,228820,138546,4222,16320,134324
2022-07-05,ADJUSTED INT RATE S&P 500 TOTL - CHICAGO MERCANTILE EXCHANGE,216636,6581,1012,39888,5569
2022-07-05,MICRO E-MINI S&P 500 INDEX - CHICAGO MERCANTILE EXCHANGE,115887,13709,75575,2147,-61866
2022-07-05,E-MINI S&P 500 - CHICAGO MERCANTILE EXCHANGE,2309241,141214,459190,40743,-317976
2022-07-12,S&P 500 Consolidated - CHICAGO MERCANTILE EXCHANGE,463516,25456,99359,9783,-73903
2022-07-12,E-MINI S&P 500 - CHICAGO MERCANTILE EXCHANGE,2317580,127280,496796,48913,-369516
2022-07-12,ADJUSTED INT RATE S&P 500 TOTL - CHICAGO MERCANTILE EXCHANGE,218072,5581,1012,40888,4569
2022-07-12,S&P 500 ANNUAL DIVIDEND INDEX - CHICAGO MERCANTILE EXCHANGE,228689,139434,4240,16514,135194
2022-07-12,MICRO E-MINI S&P 500 INDEX - CHICAGO MERCANTILE EXCHANGE,118529,9577,67639,8277,-58062
2022-07-19,MICRO E-MINI S&P 500 INDEX - CHICAGO MERCANTILE EXCHANGE,142575,24159,79012,11566,-54853
2022-07-19,S&P 500 Consolidated - CHICAGO MERCANTILE EXCHANGE,467064,27334,112448,10785,-85114
2022-07-19,E-MINI S&P 500 - CHICAGO MERCANTILE EXCHANGE,2335319,136670,562238,53925,-425568
2022-07-19,ADJUSTED INT RATE S&P 500 TOTL - CHICAGO MERCANTILE EXCHANGE,220897,6406,1012,40888,5394
2022-07-19,S&P 500 ANNUAL DIVIDEND INDEX - CHICAGO MERCANTILE EXCHANGE,229032,139149,4370,14306,134779
2022-07-26,MICRO E-MINI S&P 500 INDEX - CHICAGO MERCANTILE EXCHANGE,143187,15629,90049,3649,-74420
2022-07-26,E-MINI S&P 500 - CHICAGO MERCANTILE EXCHANGE,2322824,118127,572470,58053,-454343
2022-07-26,S&P 500 ANNUAL DIVIDEND INDEX - CHICAGO MERCANTILE EXCHANGE,228061,137759,5370,13458,132389
2022-07-26,ADJUSTED INT RATE S&P 500 TOTL - CHICAGO MERCANTILE EXCHANGE,219147,6406,1012,40888,5394
2022-07-26,S&P 500 Consolidated - CHICAGO MERCANTILE EXCHANGE,464565,23625,114494,11611,-90869
2022-08-02,E-MINI S&P 500 - CHICAGO MERCANTILE EXCHANGE,2310665,127898,633855,55190,-505957
2022-08-02,S&P 500 Consolidated - CHICAGO MERCANTILE EXCHANGE,462133,25580,126771,11038,-101191
2022-08-02,MICRO E-MINI S&P 500 INDEX - CHICAGO MERCANTILE EXCHANGE,157252,23290,94023,2878,-70733
2022-08-02,ADJUSTED INT RATE S&P 500 TOTL - CHICAGO MERCANTILE EXCHANGE,219147,6406,1012,40888,5394
2022-08-02,S&P 500 ANNUAL DIVIDEND INDEX - CHICAGO MERCANTILE EXCHANGE,227933,138218,5581,11420,132637
2022-08-09,S&P 500 Consolidated - CHICAGO MERCANTILE EXCHANGE,459878,25508,126228,11483,-100720
2022-08-09,E-MINI S&P 500 - CHICAGO MERCANTILE EXCHANGE,2299388,127542,631142,57415,-503600
2022-08-09,ADJUSTED INT RATE S&P 500 TOTL - CHICAGO MERCANTILE EXCHANGE,214647,7406,1012,38888,6394
2022-08-09,S&P 500 ANNUAL DIVIDEND INDEX - CHICAGO MERCANTILE EXCHANGE,227230,136984,5675,11981,131309
2022-08-09,MICRO E-MINI S&P 500 INDEX - CHICAGO MERCANTILE EXCHANGE,173299,21214,100601,3279,-79387
2022-08-16,S&P 500 ANNUAL DIVIDEND INDEX - CHICAGO MERCANTILE EXCHANGE,228272,138620,5720,12503,132900
2022-08-16,ADJUSTED INT RATE S&P 500 TOTL - CHICAGO MERCANTILE EXCHANGE,213647,7406,1012,38888,6394
2022-08-16,MICRO E-MINI S&P 500 INDEX - CHICAGO MERCANTILE EXCHANGE,184919,35216,94940,3003,-59724
2022-08-16,E-MINI S&P 500 - CHICAGO MERCANTILE EXCHANGE,2346224,125609,724278,56698,-598669
2022-08-16,S&P 500 Consolidated - CHICAGO MERCANTILE EXCHANGE,469245,25122,144856,11340,-119734
2022-08-23,S&P 500 Consolidated - CHICAGO MERCANTILE EXCHANGE,465908,27280,130019,11053,-102739
2022-08-23,E-MINI S&P 500 - CHICAGO MERCANTILE EXCHANGE,2329538,136398,650096,55267,-513698
2022-08-23,MICRO E-MINI S&P 500 INDEX - CHICAGO MERCANTILE EXCHANGE,199389,29565,120070,3382,-90505
2022-08-23,ADJUSTED INT RATE S&P 500 TOTL - CHICAGO MERCANTILE EXCHANGE,217397,7406,1012,37388,6394
2022-08-23,S&P 500 ANNUAL DIVIDEND INDEX - CHICAGO MERCANTILE EXCHANGE,230004,138671,5239,12513,133432
2022-08-30,S&P 500 Consolidated - CHICAGO MERCANTILE EXCHANGE,465991,26909,125070,12162,-98161
2022-08-30,E-MINI S&P 500 - CHICAGO MERCANTILE EXCHANGE,2329953,134543,625350,60812,-490807
2022-08-30,MICRO E-MINI S&P 500 INDEX - CHICAGO MERCANTILE EXCHANGE,220182,23420,141087,1906,-117667
2022-08-30,S&P 500 ANNUAL DIVIDEND INDEX - CHICAGO MERCANTILE EXCHANGE,230728,137599,5239,13217,132360
2022-08-30,ADJUSTED INT RATE S&P 500 TOTL - CHICAGO MERCANTILE EXCHANGE,217397,7406,1012,39388,6394
2022-09-06,S&P 500 ANNUAL DIVIDEND INDEX - CHICAGO MERCANTILE EXCHANGE,233107,136515,5269,15275,131246
2022-09-06,ADJUSTED INT RATE S&P 500 TOTL - CHICAGO MERCANTILE EXCHANGE,237207,7406,1012,44888,6394
2022-09-06,E-MINI S&P 500 - CHICAGO MERCANTILE EXCHANGE,2314290,132145,584714,69534,-452569
2022-09-06,S&P 500 Consolidated - CHICAGO MERCANTILE EXCHANGE,462858,26429,116943,13907,-90514
2022-09-06,MICRO E-MINI S&P 500 INDEX - CHICAGO MERCANTILE EXCHANGE,236692,9960,154854,3844,-144894
2022-09-13,S&P 500 Consolidated - CHICAGO MERCANTILE EXCHANGE,520609,23497,128568,20478,-105071
2022-09-13,E-MINI S&P 500 - CHICAGO MERCANTILE EXCHANGE,2603046,117486,642840,102390,-525354
2022-09-13,MICRO E-MINI S&P 500 INDEX - CHICAGO MERCANTILE EXCHANGE,265670,23472,167651,13138,-144179
2022-09-13,ADJUSTED INT RATE S&P 500 TOTL - CHICAGO MERCANTILE EXCHANGE,247207,7406,1012,44888,6394
2022-09-13,S&P 500 ANNUAL DIVIDEND INDEX - CHICAGO MERCANTILE EXCHANGE,234732,130777,5149,19985,125628
2022-09-20,E-MINI S&P 500 - CHICAGO MERCANTILE EXCHANGE,2141022,113078,459724,47828,-346646
2022-09-20,S&P 500 Consolidated - CHICAGO MERCANTILE EXCHANGE,428204,22616,91945,9566,-69329
2022-09-20,S&P 500 ANNUAL DIVIDEND INDEX - CHICAGO MERCANTILE EXCHANGE,236285,130106,5099,21156,125007
2022-09-20,ADJUSTED INT RATE S&P 500 TOTL - CHICAGO MERCANTILE EXCHANGE,256255,3806,3092,46308,714
2022-09-20,MICRO E-MINI S&P 500 INDEX - CHICAGO MERCANTILE EXCHANGE,96690,5371,51850,1085,-46479
2022-09-27,E-MINI S&P 500 - CHICAGO MERCANTILE EXCHANGE,2233878,163675,450511,60839,-286836
2022-09-27,MICRO E-MINI S&P 500 INDEX - CHICAGO MERCANTILE EXCHANGE,125266,14118,86074,612,-71956
2022-09-27,ADJUSTED INT RATE S&P 500 TOTL - CHICAGO MERCANTILE EXCHANGE,260255,3806,3092,49808,714
2022-09-27,S&P 500 ANNUAL DIVIDEND INDEX - CHICAGO MERCANTILE EXCHANGE,243736,125841,5159,23435,120682
2022-09-27,S&P 500 Consolidated - CHICAGO MERCANTILE EXCHANGE,446776,32735,90102,12168,-57367
2022-10-04,S&P 500 Consolidated - CHICAGO MERCANTILE EXCHANGE,452257,27516,95610,11676,-68094
2022-10-04,S&P 500 ANNUAL DIVIDEND INDEX - CHICAGO MERCANTILE EXCHANGE,242258,139647,5364,14878,134283
2022-10-04,ADJUSTED INT RATE S&P 500 TOTL - CHICAGO MERCANTILE EXCHANGE,267573,3806,3093,49626,713
2022-10-04,MICRO E-MINI S&P 500 INDEX - CHICAGO MERCANTILE EXCHANGE,124555,37680,74657,425,-36977
2022-10-04,E-MINI S&P 500 - CHICAGO MERCANTILE EXCHANGE,2261285,137578,478052,58381,-340474
2022-10-11,S&P 500 Consolidated - CHICAGO MERCANTILE EXCHANGE,455559,30115,99512,12918,-69397
2022-10-11,S&P 500 ANNUAL DIVIDEND INDEX - CHICAGO MERCANTILE EXCHANGE,246294,138933,5394,16915,133539
2022-10-11,ADJUSTED INT RATE S&P 500 TOTL - CHICAGO MERCANTILE EXCHANGE,268323,3806,3093,50576,713
2022-10-11,E-MINI S&P 500 - CHICAGO MERCANTILE EXCHANGE,2277794,150575,497560,64588,-346985
2022-10-11,MICRO E-MINI S&P 500 INDEX - CHICAGO MERCANTILE EXCHANGE,131767,29533,87232,562,-57699
2022-10-18,E-MINI S&P 500 - CHICAGO MERCANTILE EXCHANGE,2336566,154213,567495,63295,-413282
2022-10-18,MICRO E-MINI S&P 500 INDEX - CHICAGO MERCANTILE EXCHANGE,145483,35599,96016,741,-60417
2022-10-18,ADJUSTED INT RATE S&P 500 TOTL - CHICAGO MERCANTILE EXCHANGE,276868,5806,3093,51807,2713
2022-10-18,S&P 500 ANNUAL DIVIDEND INDEX - CHICAGO MERCANTILE EXCHANGE,252308,144534,5389,15717,139145
2022-10-18,S&P 500 Consolidated - CHICAGO MERCANTILE EXCHANGE,467313,30843,113499,12659,-82656
2022-10-25,S&P 500 ANNUAL DIVIDEND INDEX - CHICAGO MERCANTILE EXCHANGE,263467,155909,5154,14296,150755
2022-10-25,S&P 500 Consolidated - CHICAGO MERCANTILE EXCHANGE,472365,30621,119789,18135,-89168
2022-10-25,ADJUSTED INT RATE S&P 500 TOTL - CHICAGO MERCANTILE EXCHANGE,276912,5806,3093,51807,2713
2022-10-25,MICRO E-MINI S&P 500 INDEX - CHICAGO MERCANTILE EXCHANGE,158669,56415,98248,3282,-41833
2022-10-25,E-MINI S&P 500 - CHICAGO MERCANTILE EXCHANGE,2361824,153107,598944,90676,-445837
2022-11-01,E-MINI S&P 500 - CHICAGO MERCANTILE EXCHANGE,2336711,160373,556267,90881,-395894
2022-11-01,S&P 500 ANNUAL DIVIDEND INDEX - CHICAGO MERCANTILE EXCHANGE,270063,161046,5174,15388,155872
2022-11-01,S&P 500 Consolidated - CHICAGO MERCANTILE EXCHANGE,467342,32075,111253,18176,-79178
2022-11-01,MICRO E-MINI S&P 500 INDEX - CHICAGO MERCANTILE EXCHANGE,181908,75809,100294,6147,-24485
2022-11-01,ADJUSTED INT RATE S&P 500 TOTL - CHICAGO MERCANTILE EXCHANGE,275962,5816,3093,51297,2723
2022-11-08,E-MINI S&P 500 - CHICAGO MERCANTILE EXCHANGE,2318895,165888,557992,100642,-392104
2022-11-08,MICRO E-MINI S&P 500 INDEX - CHICAGO MERCANTILE EXCHANGE,187710,91319,87733,962,3586
2022-11-08,ADJUSTED INT RATE S&P 500 TOTL - CHICAGO MERCANTILE EXCHANGE,279462,5816,2093,53297,3723
2022-11-08,S&P 500 ANNUAL DIVIDEND INDEX - CHICAGO MERCANTILE EXCHANGE,272141,164721,5119,15729,159602
2022-11-08,S&P 500 QUARTERLY DIVIDEND IND - CHICAGO MERCANTILE EXCHANGE,13669,10266,2696,200,7570
2022-11-08,S&P 500 Consolidated - CHICAGO MERCANTILE EXCHANGE,463779,33178,111598,20128,-78420
2022-11-15,S&P 500 ANNUAL DIVIDEND INDEX - CHICAGO MERCANTILE EXCHANGE,269048,166048,5119,11870,160929
2022-11-15,S&P 500 QUARTERLY DIVIDEND IND - CHICAGO MERCANTILE EXCHANGE,14348,10989,2914,100,8075
2022-11-15,ADJUSTED INT RATE S&P 500 TOTL - CHICAGO MERCANTILE EXCHANGE,280962,6316,2093,53297,4223
2022-11-15,E-MINI S&P 500 - CHICAGO MERCANTILE EXCHANGE,2343509,152873,624147,99696,-471274
2022-11-15,MICRO E-MINI S&P 500 INDEX - CHICAGO MERCANTILE EXCHANGE,187469,83221,67488,3956,15733
2022-11-15,S&P 500 Consolidated - CHICAGO MERCANTILE EXCHANGE,468702,30575,124829,19939,-94254
2022-11-22,E-MINI S&P 500 - CHICAGO MERCANTILE EXCHANGE,2304077,137283,573270,103303,-435987
2022-11-22,S&P 500 ANNUAL DIVIDEND INDEX - CHICAGO MERCANTILE EXCHANGE,271536,166031,5119,12785,160912
2022-11-22,S&P 500 Consolidated - CHICAGO MERCANTILE EXCHANGE,460815,27457,114654,20661,-87197
2022-11-22,ADJUSTED INT RATE S&P 500 TOTL - CHICAGO MERCANTILE EXCHANGE,279712,7836,2343,47697,5493
2022-11-22,MICRO E-MINI S&P 500 INDEX - CHICAGO MERCANTILE EXCHANGE,198039,87054,66941,4247,20113
2022-11-22,S&P 500 QUARTERLY DIVIDEND IND - CHICAGO MERCANTILE EXCHANGE,14892,11725,3062,100,8663
2022-11-29,S&P 500 ANNUAL DIVIDEND INDEX - CHICAGO MERCANTILE EXCHANGE,274243,167158,5119,12744,162039
2022-11-29,S&P 500 QUARTERLY DIVIDEND IND - CHICAGO MERCANTILE EXCHANGE,16205,12688,3075,100,9613
2022-11-29,MICRO E-MINI S&P 500 INDEX - CHICAGO MERCANTILE EXCHANGE,211779,86673,79560,4260,7113
2022-11-29,ADJUSTED INT RATE S&P 500 TOTL - CHICAGO MERCANTILE EXCHANGE,280112,7336,2343,47097,4993
2022-11-29,E-MINI S&P 500 - CHICAGO MERCANTILE EXCHANGE,2314527,141995,561335,99960,-419340
2022-11-29,S&P 500 Consolidated - CHICAGO MERCANTILE EXCHANGE,462905,28399,112267,19992,-83868
2022-12-06,MICRO E-MINI S&P 500 INDEX - CHICAGO MERCANTILE EXCHANGE,217435,88069,89705,3165,-1636
2022-12-06,S&P 500 Consolidated - CHICAGO MERCANTILE EXCHANGE,457538,24236,110509,20911,-86273
2022-12-06,S&P 500 ANNUAL DIVIDEND INDEX - CHICAGO MERCANTILE EXCHANGE,275819,169584,5119,12844,164465
2022-12-06,ADJUSTED INT RATE S&P 500 TOTL - CHICAGO MERCANTILE EXCHANGE,287472,6766,2343,48867,4423
2022-12-06,S&P 500 QUARTERLY DIVIDEND IND - CHICAGO MERCANTILE EXCHANGE,17245,13069,3106,149,9963
2022-12-06,E-MINI S&P 500 - CHICAGO MERCANTILE EXCHANGE,2287691,121180,552547,104553,-431367
2022-12-13,E-MINI S&P 500 - CHICAGO MERCANTILE EXCHANGE,2477140,111051,587581,171760,-476530
2022-12-13,S&P 500 ANNUAL DIVIDEND INDEX - CHICAGO MERCANTILE EXCHANGE,274119,170186,5219,12322,164967
2022-12-13,S&P 500 QUARTERLY DIVIDEND IND - CHICAGO MERCANTILE EXCHANGE,20450,16060,3181,399,12879
2022-12-13,MICRO E-MINI S&P 500 INDEX - CHICAGO MERCANTILE EXCHANGE,260045,111337,71699,30531,39638
2022-12-13,S&P 500 Consolidated - CHICAGO MERCANTILE EXCHANGE,495428,22210,117516,34352,-95306
2022-12-13,ADJUSTED INT RATE S&P 500 TOTL - CHICAGO MERCANTILE EXCHANGE,295229,8263,2593,51120,5670
2022-12-20,S&P 500 ANNUAL DIVIDEND INDEX - CHICAGO MERCANTILE EXCHANGE,182525,98960,5018,10752,93942
2022-12-20,E-MINI S&P 500 - CHICAGO MERCANTILE EXCHANGE,1986847,160644,379132,47629,-218488
2022-12-20,MICRO E-MINI S&P 500 INDEX - CHICAGO MERCANTILE EXCHANGE,108675,19861,42995,3338,-23134
2022-12-20,S&P 500 Consolidated - CHICAGO MERCANTILE EXCHANGE,397369,32129,75826,9526,-43697
2022-12-20,ADJUSTED INT RATE S&P 500 TOTL - CHICAGO MERCANTILE EXCHANGE,247610,2250,12916,41382,-10666
2022-12-27,S&P 500 Consolidated - CHICAGO MERCANTILE EXCHANGE,392262,28584,77939,9081,-49355
2022-12-27,MICRO E-MINI S&P 500 INDEX - CHICAGO MERCANTILE EXCHANGE,114360,22070,45533,4734,-23463
2022-12-27,ADJUSTED INT RATE S&P 500 TOTL - CHICAGO MERCANTILE EXCHANGE,251060,2250,12916,42382,-10666
2022-12-27,S&P 500 ANNUAL DIVIDEND INDEX - CHICAGO MERCANTILE EXCHANGE,183308,100070,5033,10371,95037
2022-12-27,E-MINI S&P 500 - CHICAGO MERCANTILE EXCHANGE,1961310,142921,389695,45406,-246774
2023-01-03,S&P 500 Consolidated - CHICAGO MERCANTILE EXCHANGE,402199,31086,86329,7449,-55243
2023-01-03,S&P 500 ANNUAL DIVIDEND INDEX - CHICAGO MERCANTILE EXCHANGE,184944,95025,4998,11376,90027
2023-01-03,ADJUSTED INT RATE S&P 500 TOTL - CHICAGO MERCANTILE EXCHANGE,253386,3250,15142,41682,-11892
2023-01-03,MICRO E-MINI S&P 500 INDEX - CHICAGO MERCANTILE EXCHANGE,122749,26254,50003,5409,-23749
2023-01-03,E-MINI S&P 500 - CHICAGO MERCANTILE EXCHANGE,2010996,155431,431645,37247,-276214
2023-01-10,S&P 500 ANNUAL DIVIDEND INDEX - CHICAGO MERCANTILE EXCHANGE,182284,90359,4978,12469,85381
2023-01-10,S&P 500 Consolidated - CHICAGO MERCANTILE EXCHANGE,406513,30055,93120,8050,-63065
2023-01-10,MICRO E-MINI S&P 500 INDEX - CHICAGO MERCANTILE EXCHANGE,127397,38287,40946,5817,-2659
2023-01-10,ADJUSTED INT RATE S&P 500 TOTL - CHICAGO MERCANTILE EXCHANGE,250886,2750,13342,38232,-10592
2023-01-10,E-MINI S&P 500 - CHICAGO MERCANTILE EXCHANGE,2032566,150277,465602,40248,-315325
2023-01-17,S&P 500 Consolidated - CHICAGO MERCANTILE EXCHANGE,411294,28136,105385,7666,-77249
2023-01-17,MICRO E-MINI S&P 500 INDEX - CHICAGO MERCANTILE EXCHANGE,144285,59875,45708,7700,14167
2023-01-17,ADJUSTED INT RATE S&P 500 TOTL - CHICAGO MERCANTILE EXCHANGE,252118,2750,12842,38232,-10092
2023-01-17,S&P 500 ANNUAL DIVIDEND INDEX - CHICAGO MERCANTILE EXCHANGE,179916,84410,5150,12245,79260
2023-01-17,E-MINI S&P 500 - CHICAGO MERCANTILE EXCHANGE,2056472,140680,526923,38329,-386243
2023-01-24,E-MINI S&P 500 - CHICAGO MERCANTILE EXCHANGE,2024437,141156,516329,41734,-375173
2023-01-24,S&P 500 ANNUAL DIVIDEND INDEX - CHICAGO MERCANTILE EXCHANGE,179076,79523,4935,13384,74588
2023-01-24,ADJUSTED INT RATE S&P 500 TOTL - CHICAGO MERCANTILE EXCHANGE,246373,3750,12492,34977,-8742
2023-01-24,MICRO E-MINI S&P 500 INDEX - CHICAGO MERCANTILE EXCHANGE,163366,76670,58152,10449,18518
2023-01-24,S&P 500 Consolidated - CHICAGO MERCANTILE EXCHANGE,404887,28231,103266,8347,-75035
2023-01-31,S&P 500 Consolidated - CHICAGO MERCANTILE EXCHANGE,412284,28879,108131,7733,-79252
2023-01-31,S&P 500 ANNUAL DIVIDEND INDEX - CHICAGO MERCANTILE EXCHANGE,180848,80702,7191,11910,73511
2023-01-31,MICRO E-MINI S&P 500 INDEX - CHICAGO MERCANTILE EXCHANGE,178587,92705,58231,7345,34474
2023-01-31,E-MINI S&P 500 - CHICAGO MERCANTILE EXCHANGE,2061419,144395,540657,38664,-396262
2023-01-31,ADJUSTED INT RATE S&P 500 TOTL - CHICAGO MERCANTILE EXCHANGE,244873,3750,13492,32227,-9742
2023-02-07,S&P 500 ANNUAL DIVIDEND INDEX - CHICAGO MERCANTILE EXCHANGE,176501,73671,5249,14457,68422
2023-02-07,ADJUSTED INT RATE S&P 500 TOTL - CHICAGO MERCANTILE EXCHANGE,247423,3750,13492,31727,-9742
2023-02-07,MICRO E-MINI S&P 500 INDEX - CHICAGO MERCANTILE EXCHANGE,193741,114618,73295,1602,41323
2023-02-07,S&P 500 Consolidated - CHICAGO MERCANTILE EXCHANGE,410617,27405,105871,8922,-78466
2023-02-07,E-MINI S&P 500 - CHICAGO MERCANTILE EXCHANGE,2053086,137027,529353,44610,-392326
2023-02-14,S&P 500 Consolidated - CHICAGO MERCANTILE EXCHANGE,415269,25810,108487,8769,-82677
2023-02-14,S&P 500 ANNUAL DIVIDEND INDEX - CHICAGO MERCANTILE EXCHANGE,178822,74271,4702,15226,69569
2023-02-14,E-MINI S&P 500 - CHICAGO MERCANTILE EXCHANGE,2076347,129049,542436,43844,-413387
2023-02-14,MICRO E-MINI S&P 500 INDEX - CHICAGO MERCANTILE EXCHANGE,187063,105682,72829,1719,32853
2023-02-14,ADJUSTED INT RATE S&P 500 TOTL - CHICAGO MERCANTILE EXCHANGE,252673,5090,11082,31887,-5992
2023-02-21,E-MINI S&P 500 - CHICAGO MERCANTILE EXCHANGE,2074486,143931,498746,48175,-354815
2023-02-21,S&P 500 ANNUAL DIVIDEND INDEX - CHICAGO MERCANTILE EXCHANGE,179986,72247,4656,15475,67591
2023-02-21,MICRO E-MINI S&P 500 INDEX - CHICAGO MERCANTILE EXCHANGE,193954,85392,91596,3313,-6204
2023-02-21,S&P 500 Consolidated - CHICAGO MERCANTILE EXCHANGE,414897,28786,99749,9635,-70963
2023-02-21,ADJUSTED INT RATE S&P 500 TOTL - CHICAGO MERCANTILE EXCHANGE,268107,3750,11692,28727,-7942
2023-02-28,S&P 500 Consolidated - CHICAGO MERCANTILE EXCHANGE,422632,33688,93472,9924,-59784
2023-02-28,MICRO E-MINI S&P 500 INDEX - CHICAGO MERCANTILE EXCHANGE,190191,80455,87818,3823,-7363
2023-02-28,ADJUSTED INT RATE S&P 500 TOTL - CHICAGO MERCANTILE EXCHANGE,289357,3750,13692,30727,-9942
2023-02-28,S&P 500 ANNUAL DIVIDEND INDEX - CHICAGO MERCANTILE EXCHANGE,180765,71387,4895,14783,66492
2023-02-28,E-MINI S&P 500 - CHICAGO MERCANTILE EXCHANGE,2113159,168441,467359,49621,-298918
2023-03-07,E-MINI S&P 500 - CHICAGO MERCANTILE EXCHANGE,2133169,148976,453166,62701,-304190
2023-03-07,S&P 500 ANNUAL DIVIDEND INDEX - CHICAGO MERCANTILE EXCHANGE,176817,70145,5502,10635,64643
2023-03-07,S&P 500 Consolidated - CHICAGO MERCANTILE EXCHANGE,426634,29795,90633,12540,-60838
2023-03-07,MICRO E-MINI S&P 500 INDEX - CHICAGO MERCANTILE EXCHANGE,188335,87425,91307,4546,-3882
2023-03-07,ADJUSTED INT RATE S&P 500 TOTL - CHICAGO MERCANTILE EXCHANGE,307515,4000,18192,35477,-14192
2023-03-14,S&P 500 Consolidated - CHICAGO MERCANTILE EXCHANGE,510197,30339,80792,33534,-50453
2023-03-14,S&P 500 QUARTERLY DIVIDEND IND - CHICAGO MERCANTILE EXCHANGE,31042,22881,6015,1629,16866
2023-03-14,S&P 500 ANNUAL DIVIDEND INDEX - CHICAGO MERCANTILE EXCHANGE,182980,69413,10009,12006,59404
2023-03-14,MICRO E-MINI S&P 500 INDEX - CHICAGO MERCANTILE EXCHANGE,190430,83066,85839,9830,-2773
2023-03-14,E-MINI S&P 500 - CHICAGO MERCANTILE EXCHANGE,2550984,151693,403962,167670,-252269
2023-03-14,ADJUSTED INT RATE S&P 500 TOTL - CHICAGO MERCANTILE EXCHANGE,308836,4250,16192,31727,-11942
2023-03-21,S&P 500 ANNUAL DIVIDEND INDEX - CHICAGO MERCANTILE EXCHANGE,192862,76516,11584,10759,64932
2023-03-21,ADJUSTED INT RATE S&P 500 TOTL - CHICAGO MERCANTILE EXCHANGE,301155,4000,9437,34432,-5437
2023-03-21,S&P 500 Consolidated - CHICAGO MERCANTILE EXCHANGE,429801,16349,108689,9062,-92340
2023-03-21,E-MINI S&P 500 - CHICAGO MERCANTILE EXCHANGE,2149005,81745,543444,45312,-461699
2023-03-21,MICRO E-MINI S&P 500 INDEX - CHICAGO MERCANTILE EXCHANGE,92466,23237,26709,367,-3472
2023-03-28,S&P 500 Consolidated - CHICAGO MERCANTILE EXCHANGE,428446,17482,107566,9159,-90084
2023-03-28,MICRO E-MINI S&P 500 INDEX - CHICAGO MERCANTILE EXCHANGE,104426,23924,31430,473,-7506
2023-03-28,ADJUSTED INT RATE S&P 500 TOTL - CHICAGO MERCANTILE EXCHANGE,300905,4000,8937,33432,-4937
2023-03-28,S&P 500 ANNUAL DIVIDEND INDEX - CHICAGO MERCANTILE EXCHANGE,198233,75674,12104,12842,63570
2023-03-28,E-MINI S&P 500 - CHICAGO MERCANTILE EXCHANGE,2142232,87408,537831,45793,-450423
2023-04-04,E-MINI S&P 500 - CHICAGO MERCANTILE EXCHANGE,2219512,92516,658328,50765,-565812
2023-04-04,S&P 500 ANNUAL DIVIDEND INDEX - CHICAGO MERCANTILE EXCHANGE,198849,79204,11056,12551,68148
2023-04-04,MICRO E-MINI S&P 500 INDEX - CHICAGO MERCANTILE EXCHANGE,142871,59595,39995,2375,19600
2023-04-04,S&P 500 Consolidated - CHICAGO MERCANTILE EXCHANGE,443902,18503,131666,10153,-113163
2023-04-04,ADJUSTED INT RATE S&P 500 TOTL - CHICAGO MERCANTILE EXCHANGE,308155,5750,8437,35232,-2687
2023-04-11,S&P 500 Consolidated - CHICAGO MERCANTILE EXCHANGE,449694,23816,130000,11311,-106184
2023-04-11,E-MINI S&P 500 - CHICAGO MERCANTILE EXCHANGE,2248469,119080,649998,56554,-530918
2023-04-11,MICRO E-MINI S&P 500 INDEX - CHICAGO MERCANTILE EXCHANGE,167974,73018,44098,7864,28920
2023-04-11,ADJUSTED INT RATE S&P 500 TOTL - CHICAGO MERCANTILE EXCHANGE,313355,5750,8437,37182,-2687
2023-04-11,S&P 500 ANNUAL DIVIDEND INDEX - CHICAGO MERCANTILE EXCHANGE,198407,80744,10323,11618,70421
2023-04-18,E-MINI S&P 500 - CHICAGO MERCANTILE EXCHANGE,2278321,119603,666899,60653,-547296
2023-04-18,MICRO E-MINI S&P 500 INDEX - CHICAGO MERCANTILE EXCHANGE,206334,111232,51765,2135,59467
2023-04-18,ADJUSTED INT RATE S&P 500 TOTL - CHICAGO MERCANTILE EXCHANGE,313355,5750,8437,37182,-2687
2023-04-18,S&P 500 ANNUAL DIVIDEND INDEX - CHICAGO MERCANTILE EXCHANGE,197578,77593,7615,13127,69978
2023-04-18,S&P 500 Consolidated - CHICAGO MERCANTILE EXCHANGE,455664,23921,133380,12131,-109459
2023-04-25,ADJUSTED INT RATE S&P 500 TOTL - CHICAGO MERCANTILE EXCHANGE,319287,5750,6437,40350,-687
2023-04-25,E-MINI S&P 500 - CHICAGO MERCANTILE EXCHANGE,2265794,142442,617508,61429,-475066
2023-04-25,S&P 500 Consolidated - CHICAGO MERCANTILE EXCHANGE,453159,28488,123502,12286,-95014
2023-04-25,MICRO E-MINI S&P 500 INDEX - CHICAGO MERCANTILE EXCHANGE,256511,142555,76601,1898,65954
2023-04-25,S&P 500 ANNUAL DIVIDEND INDEX - CHICAGO MERCANTILE EXCHANGE,201596,76469,5987,16240,70482
2023-05-02,S&P 500 Consolidated - CHICAGO MERCANTILE EXCHANGE,2304633,131734,588857,78566,-457123
2023-05-02,MICRO E-MINI S&P 500 INDEX - CHICAGO MERCANTILE EXCHANGE,284500,168099,60691,6456,107408
2023-05-02,S&P 500 ANNUAL DIVIDEND INDEX - CHICAGO MERCANTILE EXCHANGE,201776,70128,2350,19041,67778
2023-05-02,E-MINI S&P 500 - CHICAGO MERCANTILE EXCHANGE,2276183,134979,602843,57865,-467864
2023-05-02,ADJUSTED INT RATE S&P 500 TOTL - CHICAGO MERCANTILE EXCHANGE,324161,6000,7187,41400,-1187
2023-05-09,S&P 500 Consolidated - CHICAGO MERCANTILE EXCHANGE,2325459,135379,637987,83638,-502608
2023-05-09,MICRO E-MINI S&P 500 INDEX - CHICAGO MERCANTILE EXCHANGE,292001,179742,72792,4828,106950
2023-05-09,ADJUSTED INT RATE S&P 500 TOTL - CHICAGO MERCANTILE EXCHANGE,325561,6000,4337,42900,1663
2023-05-09,S&P 500 ANNUAL DIVIDEND INDEX - CHICAGO MERCANTILE EXCHANGE,204499,71734,2265,18245,69469
2023-05-09,E-MINI S&P 500 - CHICAGO MERCANTILE EXCHANGE,2296259,138545,651848,62015,-513303
2023-05-16,S&P 500 ANNUAL DIVIDEND INDEX - CHICAGO MERCANTILE EXCHANGE,201168,70628,3353,16702,67275
2023-05-16,E-MINI S&P 500 - CHICAGO MERCANTILE EXCHANGE,2306298,127634,628910,57203,-501276
2023-05-16,ADJUSTED INT RATE S&P 500 TOTL - CHICAGO MERCANTILE EXCHANGE,328811,7995,3832,43155,4163
2023-05-16,S&P 500 Consolidated - CHICAGO MERCANTILE EXCHANGE,2339836,122528,611310,84520,-488782
2023-05-16,MICRO E-MINI S&P 500 INDEX - CHICAGO MERCANTILE EXCHANGE,335377,215488,90551,6617,124937
2023-05-23,S&P 500 Consolidated - CHICAGO MERCANTILE EXCHANGE,2420808,158512,663114,82284,-504602
2023-05-23,S&P 500 ANNUAL DIVIDEND INDEX - CHICAGO MERCANTILE EXCHANGE,203265,71862,3653,17213,68209
2023-05-23,ADJUSTED INT RATE S&P 500 TOTL - CHICAGO MERCANTILE EXCHANGE,336111,10496,4082,44654,6414
2023-05-23,E-MINI S&P 500 - CHICAGO MERCANTILE EXCHANGE,2385936,164886,682787,53056,-517901
2023-05-23,MICRO E-MINI S&P 500 INDEX - CHICAGO MERCANTILE EXCHANGE,348716,222139,89142,6400,132997
2023-05-30,S&P 500 Consolidated - CHICAGO MERCANTILE EXCHANGE,2533871,176827,693822,94260,-516995
2023-05-30,E-MINI S&P 500 - CHICAGO MERCANTILE EXCHANGE,2494943,185941,716664,58198,-530723
2023-05-30,MICRO E-MINI S&P 500 INDEX - CHICAGO MERCANTILE EXCHANGE,389284,263329,126054,6151,137275
2023-05-30,ADJUSTED INT RATE S&P 500 TOTL - CHICAGO MERCANTILE EXCHANGE,346675,12746,3832,43654,8914
2023-05-30,S&P 500 QUARTERLY DIVIDEND IND - CHICAGO MERCANTILE EXCHANGE,41416,29699,8110,468,21589
2023-05-30,S&P 500 ANNUAL DIVIDEND INDEX - CHICAGO MERCANTILE EXCHANGE,205038,74653,4314,16997,70339
2023-06-06,S&P 500 Consolidated - CHICAGO MERCANTILE EXCHANGE,2544164,170267,728831,103502,-558564
2023-06-06,S&P 500 QUARTERLY DIVIDEND IND - CHICAGO MERCANTILE EXCHANGE,42136,29548,8676,339,20872
2023-06-06,S&P 500 ANNUAL DIVIDEND INDEX - CHICAGO MERCANTILE EXCHANGE,208114,79079,4314,18714,74765
2023-06-06,E-MINI S&P 500 - CHICAGO MERCANTILE EXCHANGE,2500232,181871,758002,59952,-576131
2023-06-06,MICRO E-MINI S&P 500 INDEX - CHICAGO MERCANTILE EXCHANGE,439321,313107,137436,6351,175671
2023-06-06,ADJUSTED INT RATE S&P 500 TOTL - CHICAGO MERCANTILE EXCHANGE,345150,18097,4582,38553,13515
2023-06-13,S&P 500 Consolidated - CHICAGO MERCANTILE EXCHANGE,2956473,162240,680616,203909,-518376
2023-06-13,S&P 500 ANNUAL DIVIDEND INDEX - CHICAGO MERCANTILE EXCHANGE,206126,79096,4314,16035,74782
2023-06-13,S&P 500 QUARTERLY DIVIDEND IND - CHICAGO MERCANTILE EXCHANGE,45540,28829,9248,870,19581
2023-06-13,MICRO E-MINI S&P 500 INDEX - CHICAGO MERCANTILE EXCHANGE,490045,346539,144642,24757,201897
2023-06-13,E-MINI S&P 500 - CHICAGO MERCANTILE EXCHANGE,2907468,173084,711649,155936,-538565
2023-06-13,ADJUSTED INT RATE S&P 500 TOTL - CHICAGO MERCANTILE EXCHANGE,349467,12282,7082,39053,5200
2023-06-20,MICRO E-MINI S&P 500 INDEX - CHICAGO MERCANTILE EXCHANGE,100923,27602,12894,2170,14708
2023-06-20,S&P 500 Consolidated - CHICAGO MERCANTILE EXCHANGE,2233907,127322,506274,33220,-378952
2023-06-20,E-MINI S&P 500 - CHICAGO MERCANTILE EXCHANGE,2223815,126222,506645,31342,-380423
2023-06-20,S&P 500 ANNUAL DIVIDEND INDEX - CHICAGO MERCANTILE EXCHANGE,202624,78529,4214,15629,74315
2023-06-20,ADJUSTED INT RATE S&P 500 TOTL - CHICAGO MERCANTILE EXCHANGE,332081,22384,5582,35075,16802
2023-06-27,MICRO E-MINI S&P 500 INDEX - CHICAGO MERCANTILE EXCHANGE,129843,45306,5911,10480,39395
2023-06-27,S&P 500 Consolidated - CHICAGO MERCANTILE EXCHANGE,2200098,137504,449188,35732,-311684
2023-06-27,E-MINI S&P 500 - CHICAGO MERCANTILE EXCHANGE,2187114,136200,451823,31457,-315623
2023-06-27,ADJUSTED INT RATE S&P 500 TOTL - CHICAGO MERCANTILE EXCHANGE,339837,24634,6332,39825,18302
2023-06-27,S&P 500 ANNUAL DIVIDEND INDEX - CHICAGO MERCANTILE EXCHANGE,202476,81568,5240,15563,76328
2023-07-03,E-MINI S&P 500 - CHICAGO MERCANTILE EXCHANGE,2211004,169420,462060,39113,-292640
2023-07-03,MICRO E-MINI S&P 500 INDEX - CHICAGO MERCANTILE EXCHANGE,165598,83901,13332,8861,70569
2023-07-03,ADJUSTED INT RATE S&P 500 TOTL - CHICAGO MERCANTILE EXCHANGE,344926,25886,7332,43073,18554
2023-07-03,S&P 500 ANNUAL DIVIDEND INDEX - CHICAGO MERCANTILE EXCHANGE,204506,85511,5270,14985,80241
2023-07-03,S&P 500 Consolidated - CHICAGO MERCANTILE EXCHANGE,2227564,170351,455934,47459,-285583
2023-07-11,E-MINI S&P 500 - CHICAGO MERCANTILE EXCHANGE,2209607,173135,480271,36127,-307136
2023-07-11,S&P 500 ANNUAL DIVIDEND INDEX - CHICAGO MERCANTILE EXCHANGE,205345,88869,5321,16173,83548
2023-07-11,ADJUSTED INT RATE S&P 500 TOTL - CHICAGO MERCANTILE EXCHANGE,346015,23345,7582,45613,15763
2023-07-11,MICRO E-MINI S&P 500 INDEX - CHICAGO MERCANTILE EXCHANGE,184831,93109,2940,13402,90169
2023-07-11,S&P 500 Consolidated - CHICAGO MERCANTILE EXCHANGE,2228090,173871,471990,46042,-298119
2023-07-18,S&P 500 ANNUAL DIVIDEND INDEX - CHICAGO MERCANTILE EXCHANGE,203232,87258,5351,16286,81907
2023-07-18,ADJUSTED INT RATE S&P 500 TOTL - CHICAGO MERCANTILE EXCHANGE,350863,26615,8332,45843,18283
2023-07-18,E-MINI S&P 500 - CHICAGO MERCANTILE EXCHANGE,2280677,174266,559419,38540,-385153
2023-07-18,S&P 500 Consolidated - CHICAGO MERCANTILE EXCHANGE,2301847,174361,548489,51778,-374128
2023-07-18,MICRO E-MINI S&P 500 INDEX - CHICAGO MERCANTILE EXCHANGE,211696,121597,11350,11731,110247
2023-07-25,S&P 500 Consolidated - CHICAGO MERCANTILE EXCHANGE,2265346,157181,549819,58443,-392638
2023-07-25,E-MINI S&P 500 - CHICAGO MERCANTILE EXCHANGE,2243361,157662,560994,44292,-403332
2023-07-25,MICRO E-MINI S&P 500 INDEX - CHICAGO MERCANTILE EXCHANGE,219854,124073,17135,12623,106938
2023-07-25,ADJUSTED INT RATE S&P 500 TOTL - CHICAGO MERCANTILE EXCHANGE,354132,27075,8332,46883,18743
2023-07-25,S&P 500 ANNUAL DIVIDEND INDEX - CHICAGO MERCANTILE EXCHANGE,203760,94116,5601,10531,88515
2023-08-01,S&P 500 ANNUAL DIVIDEND INDEX - CHICAGO MERCANTILE EXCHANGE,206571,93827,5676,13134,88151
2023-08-01,ADJUSTED INT RATE S&P 500 TOTL - CHICAGO MERCANTILE EXCHANGE,367352,32725,8332,45983,24393
2023-08-01,MICRO E-MINI S&P 500 INDEX - CHICAGO MERCANTILE EXCHANGE,217798,118086,6212,9273,111874
2023-08-01,E-MINI S&P 500 - CHICAGO MERCANTILE EXCHANGE,2241749,147697,530202,53686,-382505
2023-08-01,S&P 500 Consolidated - CHICAGO MERCANTILE EXCHANGE,2263529,149033,520351,65086,-371318
2023-08-08,S&P 500 ANNUAL DIVIDEND INDEX - CHICAGO MERCANTILE EXCHANGE,205223,90647,5177,15077,85470
2023-08-08,ADJUSTED INT RATE S&P 500 TOTL - CHICAGO MERCANTILE EXCHANGE,375496,33115,7832,46798,25283
2023-08-08,S&P 500 Consolidated - CHICAGO MERCANTILE EXCHANGE,2245745,170759,487930,70155,-317171
2023-08-08,E-MINI S&P 500 - CHICAGO MERCANTILE EXCHANGE,2221709,171013,498539,56199,-327526
2023-08-08,MICRO E-MINI S&P 500 INDEX - CHICAGO MERCANTILE EXCHANGE,240360,126347,22801,10672,103546
2023-08-15,S&P 500 Consolidated - CHICAGO MERCANTILE EXCHANGE,2246098,147548,432293,65642,-284745
2023-08-15,E-MINI S&P 500 - CHICAGO MERCANTILE EXCHANGE,2220084,146415,442447,52724,-296032
2023-08-15,MICRO E-MINI S&P 500 INDEX - CHICAGO MERCANTILE EXCHANGE,260135,129601,16733,10904,112868
2023-08-15,ADJUSTED INT RATE S&P 500 TOTL - CHICAGO MERCANTILE EXCHANGE,374495,32815,9582,47838,23233
2023-08-15,S&P 500 ANNUAL DIVIDEND INDEX - CHICAGO MERCANTILE EXCHANGE,212087,95181,5128,16714,90053
2023-08-22,ADJUSTED INT RATE S&P 500 TOTL - CHICAGO MERCANTILE EXCHANGE,372008,33605,10082,45956,23523
2023-08-22,MICRO E-MINI S&P 500 INDEX - CHICAGO MERCANTILE EXCHANGE,216895,80343,24312,10435,56031
2023-08-22,S&P 500 ANNUAL DIVIDEND INDEX - CHICAGO MERCANTILE EXCHANGE,214789,94186,4778,17920,89408
2023-08-22,E-MINI S&P 500 - CHICAGO MERCANTILE EXCHANGE,2232226,120216,452038,49180,-331822
2023-08-22,S&P 500 Consolidated - CHICAGO MERCANTILE EXCHANGE,2253916,120968,447187,57506,-326219
2023-08-29,E-MINI S&P 500 - CHICAGO MERCANTILE EXCHANGE,2267572,138068,491791,58018,-353723
2023-08-29,S&P 500 Consolidated - CHICAGO MERCANTILE EXCHANGE,2291670,139155,483323,69373,-344168
2023-08-29,S&P 500 ANNUAL DIVIDEND INDEX - CHICAGO MERCANTILE EXCHANGE,218162,99311,4833,18282,94478
2023-08-29,ADJUSTED INT RATE S&P 500 TOTL - CHICAGO MERCANTILE EXCHANGE,371785,36225,8832,44157,27393
2023-08-29,MICRO E-MINI S&P 500 INDEX - CHICAGO MERCANTILE EXCHANGE,240983,113739,18184,10679,95555
2023-09-05,S&P 500 ANNUAL DIVIDEND INDEX - CHICAGO MERCANTILE EXCHANGE,217772,102126,5088,18259,97038
2023-09-05,ADJUSTED INT RATE S&P 500 TOTL - CHICAGO MERCANTILE EXCHANGE,371290,36455,8832,43657,27623
2023-09-05,MICRO E-MINI S&P 500 INDEX - CHICAGO MERCANTILE EXCHANGE,255069,120333,28845,10693,91488
2023-09-05,S&P 500 Consolidated - CHICAGO MERCANTILE EXCHANGE,2284667,125462,451616,78655,-326154
2023-09-05,E-MINI S&P 500 - CHICAGO MERCANTILE EXCHANGE,2259160,126248,461550,64767,-335302
2023-09-12,ADJUSTED INT RATE S&P 500 TOTL - CHICAGO MERCANTILE EXCHANGE,376379,36755,8832,45126,27923
2023-09-12,S&P 500 ANNUAL DIVIDEND INDEX - CHICAGO MERCANTILE EXCHANGE,225664,102252,5244,24718,97008
2023-09-12,MICRO E-MINI S&P 500 INDEX - CHICAGO MERCANTILE EXCHANGE,275982,128711,17647,26535,111064
2023-09-12,S&P 500 Consolidated - CHICAGO MERCANTILE EXCHANGE,2547762,177330,416335,143146,-239005
2023-09-12,E-MINI S&P 500 - CHICAGO MERCANTILE EXCHANGE,2520164,176348,426460,128603,-250112
2023-09-19,S&P 500 ANNUAL DIVIDEND INDEX - CHICAGO MERCANTILE EXCHANGE,222702,100357,5736,24958,94621
2023-09-19,E-MINI S&P 500 - CHICAGO MERCANTILE EXCHANGE,2097946,98445,418743,33314,-320298
2023-09-19,MICRO E-MINI S&P 500 INDEX - CHICAGO MERCANTILE EXCHANGE,94422,12952,27979,3504,-15027
2023-09-19,ADJUSTED INT RATE S&P 500 TOTL - CHICAGO MERCANTILE EXCHANGE,354623,32215,8832,46019,23383
2023-09-19,S&P 500 Consolidated - CHICAGO MERCANTILE EXCHANGE,2107388,97053,418854,36352,-321801
2023-09-26,MICRO E-MINI S&P 500 INDEX - CHICAGO MERCANTILE EXCHANGE,125959,20891,51671,439,-30780
2023-09-26,S&P 500 Consolidated - CHICAGO MERCANTILE EXCHANGE,2150244,151252,437942,44879,-286690
2023-09-26,S&P 500 ANNUAL DIVIDEND INDEX - CHICAGO MERCANTILE EXCHANGE,228607,94548,5639,27762,88909
2023-09-26,ADJUSTED INT RATE S&P 500 TOTL - CHICAGO MERCANTILE EXCHANGE,358373,31415,8832,46519,22583
2023-09-26,E-MINI S&P 500 - CHICAGO MERCANTILE EXCHANGE,2137648,154815,438427,39183,-283612
2023-10-03,E-MINI S&P 500 - CHICAGO MERCANTILE EXCHANGE,2138034,136277,399246,44103,-262969
2023-10-03,S&P 500 Consolidated - CHICAGO MERCANTILE EXCHANGE,2151506,131552,399462,51235,-267910
2023-10-03,S&P 500 ANNUAL DIVIDEND INDEX - CHICAGO MERCANTILE EXCHANGE,237241,100230,5684,29014,94546
2023-10-03,ADJUSTED INT RATE S&P 500 TOTL - CHICAGO MERCANTILE EXCHANGE,364222,30415,8832,49269,21583
2023-10-03,MICRO E-MINI S&P 500 INDEX - CHICAGO MERCANTILE EXCHANGE,134717,23543,72954,532,-49411
2023-10-10,S&P 500 Consolidated - CHICAGO MERCANTILE EXCHANGE,2088321,112170,399379,59410,-287209
2023-10-10,S&P 500 ANNUAL DIVIDEND INDEX - CHICAGO MERCANTILE EXCHANGE,238574,101814,5902,28809,95912
2023-10-10,ADJUSTED INT RATE S&P 500 TOTL - CHICAGO MERCANTILE EXCHANGE,367672,27715,8832,51969,18883
2023-10-10,MICRO E-MINI S&P 500 INDEX - CHICAGO MERCANTILE EXCHANGE,143910,39120,62983,3265,-23863
2023-10-10,E-MINI S&P 500 - CHICAGO MERCANTILE EXCHANGE,2073930,116734,401557,50607,-284823
2023-10-17,E-MINI S&P 500 - CHICAGO MERCANTILE EXCHANGE,2112419,119552,380190,54030,-260638
2023-10-17,S&P 500 Consolidated - CHICAGO MERCANTILE EXCHANGE,2128482,118831,384178,58377,-265347
2023-10-17,S&P 500 ANNUAL DIVIDEND INDEX - CHICAGO MERCANTILE EXCHANGE,238747,101822,6084,29462,95738
2023-10-17,ADJUSTED INT RATE S&P 500 TOTL - CHICAGO MERCANTILE EXCHANGE,373952,23715,9832,54969,13883
2023-10-17,MICRO E-MINI S&P 500 INDEX - CHICAGO MERCANTILE EXCHANGE,160628,33062,80154,3201,-47092
2023-10-24,E-MINI S&P 500 - CHICAGO MERCANTILE EXCHANGE,2158452,167078,362922,48473,-195844
2023-10-24,S&P 500 Consolidated - CHICAGO MERCANTILE EXCHANGE,2176852,160102,363319,58840,-203217
2023-10-24,ADJUSTED INT RATE S&P 500 TOTL - CHICAGO MERCANTILE EXCHANGE,379452,24515,9832,56119,14683
2023-10-24,S&P 500 ANNUAL DIVIDEND INDEX - CHICAGO MERCANTILE EXCHANGE,237078,102773,5204,26517,97569
2023-10-24,MICRO E-MINI S&P 500 INDEX - CHICAGO MERCANTILE EXCHANGE,184003,30389,104115,3519,-73726
2023-10-31,E-MINI S&P 500 - CHICAGO MERCANTILE EXCHANGE,2174689,153257,384410,50094,-231153
2023-10-31,MICRO E-MINI S&P 500 INDEX - CHICAGO MERCANTILE EXCHANGE,184925,37740,99224,2933,-61484
2023-10-31,ADJUSTED INT RATE S&P 500 TOTL - CHICAGO MERCANTILE EXCHANGE,386781,23335,9832,61539,13503
2023-10-31,S&P 500 ANNUAL DIVIDEND INDEX - CHICAGO MERCANTILE EXCHANGE,246086,112200,4792,25694,107408
2023-10-31,S&P 500 Consolidated - CHICAGO MERCANTILE EXCHANGE,2193182,146121,383423,61297,-237302
2023-11-07,S&P 500 ANNUAL DIVIDEND INDEX - CHICAGO MERCANTILE EXCHANGE,255852,118348,5059,24280,113289
2023-11-07,ADJUSTED INT RATE S&P 500 TOTL - CHICAGO MERCANTILE EXCHANGE,397260,21425,9832,62436,11593
2023-11-07,E-MINI S&P 500 - CHICAGO MERCANTILE EXCHANGE,2177947,172654,445499,46395,-272845
2023-11-07,S&P 500 Consolidated - CHICAGO MERCANTILE EXCHANGE,2194624,168252,442153,55788,-273901
2023-11-07,MICRO E-MINI S&P 500 INDEX - CHICAGO MERCANTILE EXCHANGE,166773,46820,57389,3082,-10569
2023-11-14,MICRO E-MINI S&P 500 INDEX - CHICAGO MERCANTILE EXCHANGE,153412,44831,39849,1012,4982
2023-11-14,E-MINI S&P 500 - CHICAGO MERCANTILE EXCHANGE,2192899,180185,471217,50470,-291032
2023-11-14,S&P 500 Consolidated - CHICAGO MERCANTILE EXCHANGE,2208240,178571,469104,56669,-290533
2023-11-14,ADJUSTED INT RATE S&P 500 TOTL - CHICAGO MERCANTILE EXCHANGE,413996,23470,9897,68126,13573
2023-11-14,S&P 500 ANNUAL DIVIDEND INDEX - CHICAGO MERCANTILE EXCHANGE,260307,121637,5171,24093,116466
2023-11-21,S&P 500 ANNUAL DIVIDEND INDEX - CHICAGO MERCANTILE EXCHANGE,268731,125073,5193,24376,119880
2023-11-21,ADJUSTED INT RATE S&P 500 TOTL - CHICAGO MERCANTILE EXCHANGE,424327,24720,10647,74705,14073
2023-11-21,E-MINI S&P 500 - CHICAGO MERCANTILE EXCHANGE,2240214,164024,475070,53389,-311046
2023-11-21,S&P 500 Consolidated - CHICAGO MERCANTILE EXCHANGE,2255516,164118,474549,57801,-310431
2023-11-21,MICRO E-MINI S&P 500 INDEX - CHICAGO MERCANTILE EXCHANGE,153018,43801,37645,1261,6156
2023-11-28,E-MINI S&P 500 - CHICAGO MERCANTILE EXCHANGE,2279894,174618,493262,61643,-318644
2023-11-28,ADJUSTED INT RATE S&P 500 TOTL - CHICAGO MERCANTILE EXCHANGE,430924,27645,10647,74780,16998
2023-11-28,S&P 500 ANNUAL DIVIDEND INDEX - CHICAGO MERCANTILE EXCHANGE,268767,126819,5473,23335,121346
2023-11-28,S&P 500 Consolidated - CHICAGO MERCANTILE EXCHANGE,2295420,172624,490862,67917,-318238
2023-11-28,MICRO E-MINI S&P 500 INDEX - CHICAGO MERCANTILE EXCHANGE,155262,41863,37800,943,4063
2023-12-05,E-MINI S&P 500 - CHICAGO MERCANTILE EXCHANGE,2314400,160354,513778,88557,-353424
2023-12-05,S&P 500 ANNUAL DIVIDEND INDEX - CHICAGO MERCANTILE EXCHANGE,272313,125113,5504,25161,119609
2023-12-05,S&P 500 Consolidated - CHICAGO MERCANTILE EXCHANGE,2330556,160179,510568,95591,-350389
2023-12-05,ADJUSTED INT RATE S&P 500 TOTL - CHICAGO MERCANTILE EXCHANGE,437943,34820,11897,72839,22923
2023-12-05,MICRO E-MINI S&P 500 INDEX - CHICAGO MERCANTILE EXCHANGE,161563,66369,36019,2212,30350
2023-12-12,E-MINI S&P 500 - CHICAGO MERCANTILE EXCHANGE,2670454,186308,552599,129566,-366291
2023-12-12,S&P 500 Consolidated - CHICAGO MERCANTILE EXCHANGE,2690306,184974,545510,142959,-360536
2023-12-12,MICRO E-MINI S&P 500 INDEX - CHICAGO MERCANTILE EXCHANGE,198519,92269,34727,28315,57542
2023-12-12,ADJUSTED INT RATE S&P 500 TOTL - CHICAGO MERCANTILE EXCHANGE,451812,32835,13172,72674,19663
2023-12-12,S&P 500 ANNUAL DIVIDEND INDEX - CHICAGO MERCANTILE EXCHANGE,275689,123431,5388,28284,118043
2023-12-19,S&P 500 Consolidated - CHICAGO MERCANTILE EXCHANGE,2167112,155337,462928,44121,-307591
2023-12-19,E-MINI S&P 500 - CHICAGO MERCANTILE EXCHANGE,2156203,156388,463920,39221,-307532
2023-12-19,MICRO E-MINI S&P 500 INDEX - CHICAGO MERCANTILE EXCHANGE,109089,23492,24088,14992,-596
2023-12-19,S&P 500 ANNUAL DIVIDEND INDEX - CHICAGO MERCANTILE EXCHANGE,190328,74700,4009,30117,70691
2023-12-19,ADJUSTED INT RATE S&P 500 TOTL - CHICAGO MERCANTILE EXCHANGE,368467,45306,15815,55614,29491
2023-12-26,S&P 500 Consolidated - CHICAGO MERCANTILE EXCHANGE,2166788,145304,501011,37640,-355707
2023-12-26,ADJUSTED INT RATE S&P 500 TOTL - CHICAGO MERCANTILE EXCHANGE,369496,38297,15815,55614,22482
2023-12-26,MICRO E-MINI S&P 500 INDEX - CHICAGO MERCANTILE EXCHANGE,114747,21436,28556,15373,-7120
2023-12-26,E-MINI S&P 500 - CHICAGO MERCANTILE EXCHANGE,2155313,146137,501132,33126,-354995
2023-12-26,S&P 500 ANNUAL DIVIDEND INDEX - CHICAGO MERCANTILE EXCHANGE,191593,73875,4941,29580,68934
2024-01-02,S&P 500 Consolidated - CHICAGO MERCANTILE EXCHANGE,2234726,147532,537745,41387,-390213
2024-01-02,S&P 500 ANNUAL DIVIDEND INDEX - CHICAGO MERCANTILE EXCHANGE,192881,74379,4809,30025,69570
2024-01-02,E-MINI S&P 500 - CHICAGO MERCANTILE EXCHANGE,2221215,148510,538311,35123,-389801
2024-01-02,MICRO E-MINI S&P 500 INDEX - CHICAGO MERCANTILE EXCHANGE,135114,37550,41666,15306,-4116
2024-01-02,ADJUSTED INT RATE S&P 500 TOTL - CHICAGO MERCANTILE EXCHANGE,380406,40006,17614,57675,22392
2024-01-09,S&P 500 ANNUAL DIVIDEND INDEX - CHICAGO MERCANTILE EXCHANGE,196590,77080,6417,28816,70663
2024-01-09,S&P 500 Consolidated - CHICAGO MERCANTILE EXCHANGE,2225245,162683,470085,55370,-307402
2024-01-09,E-MINI S&P 500 - CHICAGO MERCANTILE EXCHANGE,2209328,157671,470186,52676,-312515
2024-01-09,MICRO E-MINI S&P 500 INDEX - CHICAGO MERCANTILE EXCHANGE,159171,58962,7833,18092,51129
2024-01-09,ADJUSTED INT RATE S&P 500 TOTL - CHICAGO MERCANTILE EXCHANGE,380860,37450,16815,56744,20635
2024-01-16,ADJUSTED INT RATE S&P 500 TOTL - CHICAGO MERCANTILE EXCHANGE,385838,28651,16815,58419,11836
2024-01-16,MICRO E-MINI S&P 500 INDEX - CHICAGO MERCANTILE EXCHANGE,164694,69394,11673,16891,57721
2024-01-16,S&P 500 Consolidated - CHICAGO MERCANTILE EXCHANGE,2233526,154507,447414,64935,-292907
2024-01-16,S&P 500 ANNUAL DIVIDEND INDEX - CHICAGO MERCANTILE EXCHANGE,199467,80393,7733,28392,72660
2024-01-16,E-MINI S&P 500 - CHICAGO MERCANTILE EXCHANGE,2217057,152279,450958,58535,-298679
2024-01-23,MICRO E-MINI S&P 500 INDEX - CHICAGO MERCANTILE EXCHANGE,160988,69988,24549,12751,45439
2024-01-23,ADJUSTED INT RATE S&P 500 TOTL - CHICAGO MERCANTILE EXCHANGE,373782,29682,16815,53719,12867
2024-01-23,S&P 500 ANNUAL DIVIDEND INDEX - CHICAGO MERCANTILE EXCHANGE,199112,80897,7300,27649,73597
2024-01-23,E-MINI S&P 500 - CHICAGO MERCANTILE EXCHANGE,2271312,178471,571094,47017,-392623
2024-01-23,S&P 500 Consolidated - CHICAGO MERCANTILE EXCHANGE,2287411,179526,567605,54236,-388079
2024-01-30,MICRO E-MINI S&P 500 INDEX - CHICAGO MERCANTILE EXCHANGE,171013,70760,22673,12616,48087
2024-01-30,S&P 500 Consolidated - CHICAGO MERCANTILE EXCHANGE,2326056,177373,602100,50924,-424727
2024-01-30,E-MINI S&P 500 - CHICAGO MERCANTILE EXCHANGE,2308955,175813,605349,44146,-429536
2024-01-30,ADJUSTED INT RATE S&P 500 TOTL - CHICAGO MERCANTILE EXCHANGE,386304,30667,16565,54082,14102
2024-01-30,S&P 500 ANNUAL DIVIDEND INDEX - CHICAGO MERCANTILE EXCHANGE,204144,83253,6275,29191,76978
2024-01-30,S&P 500 QUARTERLY DIVIDEND IND - CHICAGO MERCANTILE EXCHANGE,55447,41274,23706,1712,17568
2024-02-06,E-MINI S&P 500 - CHICAGO MERCANTILE EXCHANGE,2297385,164837,575928,45904,-411091
2024-02-06,ADJUSTED INT RATE S&P 500 TOTL - CHICAGO MERCANTILE EXCHANGE,400068,22803,18765,63171,4038
2024-02-06,S&P 500 Consolidated - CHICAGO MERCANTILE EXCHANGE,2313768,164162,571760,54818,-407598
2024-02-06,S&P 500 QUARTERLY DIVIDEND IND - CHICAGO MERCANTILE EXCHANGE,55897,41634,23938,1716,17696
2024-02-06,S&P 500 ANNUAL DIVIDEND INDEX - CHICAGO MERCANTILE EXCHANGE,209309,84504,8250,30334,76254
2024-02-06,MICRO E-MINI S&P 500 INDEX - CHICAGO MERCANTILE EXCHANGE,163831,69802,34874,12587,34928
2024-02-13,S&P 500 ANNUAL DIVIDEND INDEX - CHICAGO MERCANTILE EXCHANGE,211603,85735,11974,29225,73761
2024-02-13,S&P 500 Consolidated - CHICAGO MERCANTILE EXCHANGE,2355646,178718,553828,77614,-375110
2024-02-13,E-MINI S&P 500 - CHICAGO MERCANTILE EXCHANGE,2338964,178596,558063,69243,-379467
2024-02-13,MICRO E-MINI S&P 500 INDEX - CHICAGO MERCANTILE EXCHANGE,166822,72357,28781,12574,43576
2024-02-13,ADJUSTED INT RATE S&P 500 TOTL - CHICAGO MERCANTILE EXCHANGE,398751,20438,17265,62220,3173
2024-02-13,S&P 500 QUARTERLY DIVIDEND IND - CHICAGO MERCANTILE EXCHANGE,55744,41482,24118,1726,17364
2024-02-20,S&P 500 Consolidated - CHICAGO MERCANTILE EXCHANGE,2341883,150669,563369,89375,-412700
2024-02-20,MICRO E-MINI S&P 500 INDEX - CHICAGO MERCANTILE EXCHANGE,189303,88354,42710,15072,45644
2024-02-20,E-MINI S&P 500 - CHICAGO MERCANTILE EXCHANGE,2322953,150382,567646,79320,-417264
2024-02-20,ADJUSTED INT RATE S&P 500 TOTL - CHICAGO MERCANTILE EXCHANGE,401901,19839,17265,64372,2574
2024-02-20,S&P 500 QUARTERLY DIVIDEND IND - CHICAGO MERCANTILE EXCHANGE,56205,41768,24282,1823,17486
2024-02-20,S&P 500 ANNUAL DIVIDEND INDEX - CHICAGO MERCANTILE EXCHANGE,214251,86448,12680,29598,73768
2024-02-27,S&P 500 QUARTERLY DIVIDEND IND - CHICAGO MERCANTILE EXCHANGE,57085,42928,24746,1833,18182
2024-02-27,ADJUSTED INT RATE S&P 500 TOTL - CHICAGO MERCANTILE EXCHANGE,402381,21248,16765,62388,4483
2024-02-27,MICRO E-MINI S&P 500 INDEX - CHICAGO MERCANTILE EXCHANGE,209292,108435,48979,12942,59456
2024-02-27,E-MINI S&P 500 - CHICAGO MERCANTILE EXCHANGE,2344340,167174,601419,82197,-434245
2024-02-27,S&P 500 Consolidated - CHICAGO MERCANTILE EXCHANGE,2365269,167675,595974,93834,-428299
2024-02-27,S&P 500 ANNUAL DIVIDEND INDEX - CHICAGO MERCANTILE EXCHANGE,213211,87258,13300,27630,73958
2024-03-05,MICRO E-MINI S&P 500 INDEX - CHICAGO MERCANTILE EXCHANGE,234694,126519,70862,15014,55657
2024-03-05,S&P 500 Consolidated - CHICAGO MERCANTILE EXCHANGE,2401166,181513,582809,126346,-401296
2024-03-05,ADJUSTED INT RATE S&P 500 TOTL - CHICAGO MERCANTILE EXCHANGE,401549,25058,16916,59536,8142
2024-03-05,S&P 500 ANNUAL DIVIDEND INDEX - CHICAGO MERCANTILE EXCHANGE,216044,88312,14090,27312,74222
2024-03-05,S&P 500 QUARTERLY DIVIDEND IND - CHICAGO MERCANTILE EXCHANGE,57186,42688,25288,1835,17400
2024-03-05,E-MINI S&P 500 - CHICAGO MERCANTILE EXCHANGE,2377697,182711,589572,110995,-406861
2024-03-12,S&P 500 Consolidated - CHICAGO MERCANTILE EXCHANGE,2704540,154339,639270,229144,-484931
2024-03-12,E-MINI S&P 500 - CHICAGO MERCANTILE EXCHANGE,2678339,154540,648540,211818,-494000
2024-03-12,MICRO E-MINI S&P 500 INDEX - CHICAGO MERCANTILE EXCHANGE,262008,154132,63438,17116,90694
2024-03-12,ADJUSTED INT RATE S&P 500 TOTL - CHICAGO MERCANTILE EXCHANGE,414579,28148,15918,68311,12230
2024-03-12,S&P 500 ANNUAL DIVIDEND INDEX - CHICAGO MERCANTILE EXCHANGE,216799,91018,11143,26209,79875
2024-03-12,S&P 500 QUARTERLY DIVIDEND IND - CHICAGO MERCANTILE EXCHANGE,59778,44858,26510,1939,18348
2024-03-19,S&P 500 Consolidated - CHICAGO MERCANTILE EXCHANGE,2111429,114319,544704,36254,-430385
2024-03-19,S&P 500 ANNUAL DIVIDEND INDEX - CHICAGO MERCANTILE EXCHANGE,219348,93685,11750,25170,81935
2024-03-19,E-MINI S&P 500 - CHICAGO MERCANTILE EXCHANGE,2094749,113148,546018,28959,-432870
2024-03-19,MICRO E-MINI S&P 500 INDEX - CHICAGO MERCANTILE EXCHANGE,166795,72577,47723,12081,24854
2024-03-19,ADJUSTED INT RATE S&P 500 TOTL - CHICAGO MERCANTILE EXCHANGE,380350,30258,9569,68091,20689
2024-03-26,ADJUSTED INT RATE S&P 500 TOTL - CHICAGO MERCANTILE EXCHANGE,390557,27946,10514,69391,17432
2024-03-26,E-MINI S&P 500 - CHICAGO MERCANTILE EXCHANGE,2110848,116925,573436,31950,-456511
2024-03-26,MICRO E-MINI S&P 500 INDEX - CHICAGO MERCANTILE EXCHANGE,179779,72412,42359,13474,30053
2024-03-26,S&P 500 Consolidated - CHICAGO MERCANTILE EXCHANGE,2128826,117757,571262,39707,-453505
2024-03-26,S&P 500 ANNUAL DIVIDEND INDEX - CHICAGO MERCANTILE EXCHANGE,224542,95670,10997,25703,84673
2024-04-02,S&P 500 Consolidated - CHICAGO MERCANTILE EXCHANGE,2110281,151898,515220,45404,-363322
2024-04-02,E-MINI S&P 500 - CHICAGO MERCANTILE EXCHANGE,2089222,150124,518587,36203,-368463
2024-04-02,MICRO E-MINI S&P 500 INDEX - CHICAGO MERCANTILE EXCHANGE,210591,103844,52443,5905,51401
2024-04-02,ADJUSTED INT RATE S&P 500 TOTL - CHICAGO MERCANTILE EXCHANGE,390924,26420,15983,68591,10437
2024-04-02,S&P 500 ANNUAL DIVIDEND INDEX - CHICAGO MERCANTILE EXCHANGE,225210,96306,10774,26648,85532
2024-04-09,MICRO E-MINI S&P 500 INDEX - CHICAGO MERCANTILE EXCHANGE,237555,134638,55572,3767,79066
2024-04-09,E-MINI S&P 500 - CHICAGO MERCANTILE EXCHANGE,2091937,152287,493260,35756,-340973
2024-04-09,S&P 500 Consolidated - CHICAGO MERCANTILE EXCHANGE,2115693,153065,486131,48819,-333066
2024-04-09,S&P 500 ANNUAL DIVIDEND INDEX - CHICAGO MERCANTILE EXCHANGE,227798,96063,9355,29447,86708
2024-04-09,ADJUSTED INT RATE S&P 500 TOTL - CHICAGO MERCANTILE EXCHANGE,400958,17239,38982,67343,-21743
2024-04-16,ADJUSTED INT RATE S&P 500 TOTL - CHICAGO MERCANTILE EXCHANGE,417342,9760,44339,74891,-34579
2024-04-16,S&P 500 Consolidated - CHICAGO MERCANTILE EXCHANGE,2124352,222141,416715,55585,-194574
2024-04-16,S&P 500 ANNUAL DIVIDEND INDEX - CHICAGO MERCANTILE EXCHANGE,229039,96580,8727,29171,87853
2024-04-16,E-MINI S&P 500 - CHICAGO MERCANTILE EXCHANGE,2100522,211967,412895,53675,-200928
2024-04-16,MICRO E-MINI S&P 500 INDEX - CHICAGO MERCANTILE EXCHANGE,238298,116579,53041,4258,63538
2024-04-23,S&P 500 Consolidated - CHICAGO MERCANTILE EXCHANGE,2092629,194277,392951,55595,-198674
2024-04-23,MICRO E-MINI S&P 500 INDEX - CHICAGO MERCANTILE EXCHANGE,247393,127997,51519,6383,76478
2024-04-23,ADJUSTED INT RATE S&P 500 TOTL - CHICAGO MERCANTILE EXCHANGE,428652,8267,48793,75077,-40526
2024-04-23,S&P 500 ANNUAL DIVIDEND INDEX - CHICAGO MERCANTILE EXCHANGE,239236,101944,10749,30232,91195
2024-04-23,E-MINI S&P 500 - CHICAGO MERCANTILE EXCHANGE,2067890,185147,391469,51286,-206322
2024-04-30,S&P 500 QUARTERLY DIVIDEND IND - CHICAGO MERCANTILE EXCHANGE,44755,31638,19978,2958,11660
2024-04-30,S&P 500 Consolidated - CHICAGO MERCANTILE EXCHANGE,2031800,169983,359038,60979,-189055
2024-04-30,MICRO E-MINI S&P 500 INDEX - CHICAGO MERCANTILE EXCHANGE,255956,127718,59363,6967,68355
2024-04-30,ADJUSTED INT RATE S&P 500 TOTL - CHICAGO MERCANTILE EXCHANGE,437142,8523,62443,71263,-53920
2024-04-30,S&P 500 ANNUAL DIVIDEND INDEX - CHICAGO MERCANTILE EXCHANGE,242714,105103,13636,27813,91467
2024-04-30,E-MINI S&P 500 - CHICAGO MERCANTILE EXCHANGE,2006204,157811,353701,59683,-195890
2024-05-07,S&P 500 ANNUAL DIVIDEND INDEX - CHICAGO MERCANTILE EXCHANGE,249303,108150,17622,29692,90528
2024-05-07,S&P 500 Consolidated - CHICAGO MERCANTILE EXCHANGE,2056976,162959,415080,70682,-252121
2024-05-07,ADJUSTED INT RATE S&P 500 TOTL - CHICAGO MERCANTILE EXCHANGE,451198,10223,68016,77211,-57793
2024-05-07,E-MINI S&P 500 - CHICAGO MERCANTILE EXCHANGE,2030975,161878,422128,56689,-260250
2024-05-07,S&P 500 QUARTERLY DIVIDEND IND - CHICAGO MERCANTILE EXCHANGE,44550,32069,20259,2472,11810
2024-05-07,MICRO E-MINI S&P 500 INDEX - CHICAGO MERCANTILE EXCHANGE,260012,145708,64413,5036,81295
2024-05-14,MICRO E-MINI S&P 500 INDEX - CHICAGO MERCANTILE EXCHANGE,264757,155015,66750,3752,88265
2024-05-14,E-MINI S&P 500 - CHICAGO MERCANTILE EXCHANGE,2081097,159771,452247,58115,-292476
2024-05-14,S&P 500 QUARTERLY DIVIDEND IND - CHICAGO MERCANTILE EXCHANGE,44565,32354,20259,2472,12095
2024-05-14,S&P 500 Consolidated - CHICAGO MERCANTILE EXCHANGE,2107573,160172,443822,73591,-283650
2024-05-14,ADJUSTED INT RATE S&P 500 TOTL - CHICAGO MERCANTILE EXCHANGE,465932,12010,67553,82676,-55543
2024-05-14,S&P 500 ANNUAL DIVIDEND INDEX - CHICAGO MERCANTILE EXCHANGE,249642,110872,21686,26051,89186
2024-05-21,S&P 500 Consolidated - CHICAGO MERCANTILE EXCHANGE,2176057,168594,492963,74193,-324369
2024-05-21,S&P 500 QUARTERLY DIVIDEND IND - CHICAGO MERCANTILE EXCHANGE,45808,33190,20959,2413,12231
2024-05-21,S&P 500 ANNUAL DIVIDEND INDEX - CHICAGO MERCANTILE EXCHANGE,249696,111867,22369,24841,89498
2024-05-21,E-MINI S&P 500 - CHICAGO MERCANTILE EXCHANGE,2148201,167055,501133,58298,-334078
2024-05-21,MICRO E-MINI S&P 500 INDEX - CHICAGO MERCANTILE EXCHANGE,278563,170681,73590,3658,97091
2024-05-21,ADJUSTED INT RATE S&P 500 TOTL - CHICAGO MERCANTILE EXCHANGE,469969,12310,64366,83512,-52056
2024-05-28,S&P 500 Consolidated - CHICAGO MERCANTILE EXCHANGE,2207528,175982,506487,73967,-330505
2024-05-28,S&P 500 ANNUAL DIVIDEND INDEX - CHICAGO MERCANTILE EXCHANGE,249002,110283,21585,24509,88698
2024-05-28,E-MINI S&P 500 - CHICAGO MERCANTILE EXCHANGE,2179731,174279,513883,58759,-339604
2024-05-28,S&P 500 QUARTERLY DIVIDEND IND - CHICAGO MERCANTILE EXCHANGE,45609,32990,20959,2413,12031
2024-05-28,ADJUSTED INT RATE S&P 500 TOTL - CHICAGO MERCANTILE EXCHANGE,498133,14075,66390,94367,-52315
2024-05-28,MICRO E-MINI S&P 500 INDEX - CHICAGO MERCANTILE EXCHANGE,277969,164667,73677,4438,90990
2024-06-04,E-MINI S&P 500 - CHICAGO MERCANTILE EXCHANGE,2160026,157597,503013,66276,-345416
2024-06-04,S&P 500 QUARTERLY DIVIDEND IND - CHICAGO MERCANTILE EXCHANGE,45631,31450,21548,2203,9902
2024-06-04,S&P 500 Consolidated - CHICAGO MERCANTILE EXCHANGE,2189450,159209,493896,83520,-334687
2024-06-04,ADJUSTED INT RATE S&P 500 TOTL - CHICAGO MERCANTILE EXCHANGE,521975,18090,67042,103007,-48952
2024-06-04,MICRO E-MINI S&P 500 INDEX - CHICAGO MERCANTILE EXCHANGE,294239,184565,77278,3993,107287
2024-06-04,S&P 500 ANNUAL DIVIDEND INDEX - CHICAGO MERCANTILE EXCHANGE,250249,96840,21674,25422,75166
2024-06-11,S&P 500 QUARTERLY DIVIDEND IND - CHICAGO MERCANTILE EXCHANGE,47048,31697,22848,1933,8849
2024-06-11,E-MINI S&P 500 - CHICAGO MERCANTILE EXCHANGE,2266096,154329,521859,78507,-367530
2024-06-11,S&P 500 ANNUAL DIVIDEND INDEX - CHICAGO MERCANTILE EXCHANGE,248861,95536,23291,22643,72245
2024-06-11,ADJUSTED INT RATE S&P 500 TOTL - CHICAGO MERCANTILE EXCHANGE,537076,17590,65642,110557,-48052
2024-06-11,MICRO E-MINI S&P 500 INDEX - CHICAGO MERCANTILE EXCHANGE,304581,209830,74523,3475,135307
2024-06-11,S&P 500 Consolidated - CHICAGO MERCANTILE EXCHANGE,2296554,157028,511028,97138,-354000
2024-06-18,E-MINI S&P 500 - CHICAGO MERCANTILE EXCHANGE,2595590,168003,539413,176370,-371410
2024-06-18,S&P 500 QUARTERLY DIVIDEND IND - CHICAGO MERCANTILE EXCHANGE,48282,33736,22962,928,10774
2024-06-18,S&P 500 Consolidated - CHICAGO MERCANTILE EXCHANGE,2626904,169695,527840,197045,-358145
2024-06-18,ADJUSTED INT RATE S&P 500 TOTL - CHICAGO MERCANTILE EXCHANGE,545132,22402,68970,115105,-46568
2024-06-18,MICRO E-MINI S&P 500 INDEX - CHICAGO MERCANTILE EXCHANGE,313137,204488,71847,19177,132641
2024-06-18,S&P 500 ANNUAL DIVIDEND INDEX - CHICAGO MERCANTILE EXCHANGE,251093,95703,23391,23653,72312
2024-06-25,S&P 500 Consolidated - CHICAGO MERCANTILE EXCHANGE,1986672,134364,424451,28081,-290087
2024-06-25,MICRO E-MINI S&P 500 INDEX - CHICAGO MERCANTILE EXCHANGE,105916,20253,33406,1574,-13153
2024-06-25,S&P 500 ANNUAL DIVIDEND INDEX - CHICAGO MERCANTILE EXCHANGE,246810,94911,24036,22425,70875
2024-06-25,ADJUSTED INT RATE S&P 500 TOTL - CHICAGO MERCANTILE EXCHANGE,477908,28746,42492,97359,-13746
2024-06-25,E-MINI S&P 500 - CHICAGO MERCANTILE EXCHANGE,1976080,135213,423985,25049,-288772
2024-07-02,ADJUSTED INT RATE S&P 500 TOTL - CHICAGO MERCANTILE EXCHANGE,519177,27376,56964,119079,-29588
2024-07-02,S&P 500 QUARTERLY DIVIDEND IND - CHICAGO MERCANTILE EXCHANGE,37500,26756,18033,1492,8723
2024-07-02,S&P 500 ANNUAL DIVIDEND INDEX - CHICAGO MERCANTILE EXCHANGE,251267,104735,28077,21763,76658
2024-07-02,S&P 500 Consolidated - CHICAGO MERCANTILE EXCHANGE,2047732,174079,451285,29008,-277206
2024-07-02,E-MINI S&P 500 - CHICAGO MERCANTILE EXCHANGE,2037086,173915,450216,27072,-276301
2024-07-02,MICRO E-MINI S&P 500 INDEX - CHICAGO MERCANTILE EXCHANGE,106458,20298,29349,697,-9051
2024-07-09,MICRO E-MINI S&P 500 INDEX - CHICAGO MERCANTILE EXCHANGE,112357,30000,31051,748,-1051
2024-07-09,S&P 500 Consolidated - CHICAGO MERCANTILE EXCHANGE,2059456,155137,480425,33389,-325288
2024-07-09,E-MINI S&P 500 - CHICAGO MERCANTILE EXCHANGE,2048220,155049,480232,30402,-325183
2024-07-09,S&P 500 QUARTERLY DIVIDEND IND - CHICAGO MERCANTILE EXCHANGE,37600,26806,17983,1492,8823
2024-07-09,S&P 500 ANNUAL DIVIDEND INDEX - CHICAGO MERCANTILE EXCHANGE,253460,118112,28721,20872,89391
2024-07-09,ADJUSTED INT RATE S&P 500 TOTL - CHICAGO MERCANTILE EXCHANGE,523021,30294,55289,121080,-24995
2024-07-16,S&P 500 Consolidated - CHICAGO MERCANTILE EXCHANGE,2102256,178519,531786,34308,-353267
2024-07-16,MICRO E-MINI S&P 500 INDEX - CHICAGO MERCANTILE EXCHANGE,122485,23934,34178,878,-10244
2024-07-16,E-MINI S&P 500 - CHICAGO MERCANTILE EXCHANGE,2090007,177191,529434,33155,-352243
2024-07-16,ADJUSTED INT RATE S&P 500 TOTL - CHICAGO MERCANTILE EXCHANGE,545569,33289,58589,130924,-25300
2024-07-16,S&P 500 ANNUAL DIVIDEND INDEX - CHICAGO MERCANTILE EXCHANGE,253666,117569,29928,20873,87641
2024-07-16,S&P 500 QUARTERLY DIVIDEND IND - CHICAGO MERCANTILE EXCHANGE,37725,26956,17908,1542,9048
2024-07-23,S&P 500 Consolidated - CHICAGO MERCANTILE EXCHANGE,2058317,196230,472365,28313,-276135
2024-07-23,S&P 500 QUARTERLY DIVIDEND IND - CHICAGO MERCANTILE EXCHANGE,38029,27056,17654,1646,9402
2024-07-23,E-MINI S&P 500 - CHICAGO MERCANTILE EXCHANGE,2047183,195258,470113,27818,-274855
2024-07-23,ADJUSTED INT RATE S&P 500 TOTL - CHICAGO MERCANTILE EXCHANGE,548265,33759,58183,129596,-24424
2024-07-23,S&P 500 ANNUAL DIVIDEND INDEX - CHICAGO MERCANTILE EXCHANGE,254928,115952,29567,22097,86385
2024-07-23,MICRO E-MINI S&P 500 INDEX - CHICAGO MERCANTILE EXCHANGE,111344,13901,26706,763,-12805
2024-07-30,S&P 500 QUARTERLY DIVIDEND IND - CHICAGO MERCANTILE EXCHANGE,38975,28181,17594,1697,10587
2024-07-30,S&P 500 ANNUAL DIVIDEND INDEX - CHICAGO MERCANTILE EXCHANGE,255465,114925,27159,23391,87766
2024-07-30,S&P 500 Consolidated - CHICAGO MERCANTILE EXCHANGE,2058295,201842,449053,43049,-247211
2024-07-30,MICRO E-MINI S&P 500 INDEX - CHICAGO MERCANTILE EXCHANGE,120903,19263,49200,2839,-29937
2024-07-30,E-MINI S&P 500 - CHICAGO MERCANTILE EXCHANGE,2046205,203139,447356,39542,-244217
2024-07-30,ADJUSTED INT RATE S&P 500 TOTL - CHICAGO MERCANTILE EXCHANGE,552502,36279,58358,125407,-22079
2024-08-06,MICRO E-MINI S&P 500 INDEX - CHICAGO MERCANTILE EXCHANGE,115595,13776,53674,4310,-39898
2024-08-06,ADJUSTED INT RATE S&P 500 TOTL - CHICAGO MERCANTILE EXCHANGE,556224,38125,58358,124946,-20233
2024-08-06,E-MINI S&P 500 - CHICAGO MERCANTILE EXCHANGE,2025834,225589,435348,38400,-209759
2024-08-06,S&P 500 QUARTERLY DIVIDEND IND - CHICAGO MERCANTILE EXCHANGE,39925,28681,18464,1647,10217
2024-08-06,S&P 500 Consolidated - CHICAGO MERCANTILE EXCHANGE,2037394,223745,437494,42052,-213749
2024-08-06,S&P 500 ANNUAL DIVIDEND INDEX - CHICAGO MERCANTILE EXCHANGE,258212,114395,27533,25150,86862
2024-08-13,E-MINI S&P 500 - CHICAGO MERCANTILE EXCHANGE,2033008,175193,451647,56202,-276454
2024-08-13,MICRO E-MINI S&P 500 INDEX - CHICAGO MERCANTILE EXCHANGE,130538,25979,52091,5989,-26112
2024-08-13,ADJUSTED INT RATE S&P 500 TOTL - CHICAGO MERCANTILE EXCHANGE,562437,37091,54490,127748,-17399
2024-08-13,S&P 500 ANNUAL DIVIDEND INDEX - CHICAGO MERCANTILE EXCHANGE,260193,115459,28079,25446,87380
2024-08-13,S&P 500 QUARTERLY DIVIDEND IND - CHICAGO MERCANTILE EXCHANGE,41225,29756,19282,1672,10474
2024-08-13,S&P 500 Consolidated - CHICAGO MERCANTILE EXCHANGE,2046062,174872,453937,59720,-279065
2024-08-20,S&P 500 QUARTERLY DIVIDEND IND - CHICAGO MERCANTILE EXCHANGE,42014,30596,19472,1571,11124
2024-08-20,E-MINI S&P 500 - CHICAGO MERCANTILE EXCHANGE,2050976,184653,535744,58125,-351091
2024-08-20,ADJUSTED INT RATE S&P 500 TOTL - CHICAGO MERCANTILE EXCHANGE,571966,44382,51051,127309,-6669
2024-08-20,S&P 500 ANNUAL DIVIDEND INDEX - CHICAGO MERCANTILE EXCHANGE,263495,116690,28114,24384,88576
2024-08-20,S&P 500 Consolidated - CHICAGO MERCANTILE EXCHANGE,2066099,184176,539003,62109,-354827
2024-08-20,MICRO E-MINI S&P 500 INDEX - CHICAGO MERCANTILE EXCHANGE,151227,29879,67243,5189,-37364
2024-08-27,MICRO E-MINI S&P 500 INDEX - CHICAGO MERCANTILE EXCHANGE,148132,28884,72822,3659,-43938
2024-08-27,S&P 500 Consolidated - CHICAGO MERCANTILE EXCHANGE,2113787,208172,551392,61118,-343220
2024-08-27,S&P 500 QUARTERLY DIVIDEND IND - CHICAGO MERCANTILE EXCHANGE,43127,31551,20722,1567,10829
2024-08-27,ADJUSTED INT RATE S&P 500 TOTL - CHICAGO MERCANTILE EXCHANGE,574285,49867,51051,125498,-1184
2024-08-27,S&P 500 ANNUAL DIVIDEND INDEX - CHICAGO MERCANTILE EXCHANGE,265250,118160,28238,24676,89922
2024-08-27,E-MINI S&P 500 - CHICAGO MERCANTILE EXCHANGE,2098974,209321,548147,56715,-338826
2024-09-03,E-MINI S&P 500 - CHICAGO MERCANTILE EXCHANGE,2106791,225996,493248,62364,-267252
2024-09-03,ADJUSTED INT RATE S&P 500 TOTL - CHICAGO MERCANTILE EXCHANGE,573040,52695,50638,123996,2057
2024-09-03,MICRO E-MINI S&P 500 INDEX - CHICAGO MERCANTILE EXCHANGE,141441,31352,67475,3334,-36123
2024-09-03,S&P 500 Consolidated - CHICAGO MERCANTILE EXCHANGE,2120935,224272,495136,67557,-270864
2024-09-03,S&P 500 ANNUAL DIVIDEND INDEX - CHICAGO MERCANTILE EXCHANGE,267109,119560,27437,26226,92123
2024-09-03,S&P 500 QUARTERLY DIVIDEND IND - CHICAGO MERCANTILE EXCHANGE,43677,32101,21122,1567,10979
2024-09-10,E-MINI S&P 500 - CHICAGO MERCANTILE EXCHANGE,2156591,233991,485535,86007,-251544
2024-09-10,S&P 500 QUARTERLY DIVIDEND IND - CHICAGO MERCANTILE EXCHANGE,44038,31062,21156,1567,9906
2024-09-10,S&P 500 ANNUAL DIVIDEND INDEX - CHICAGO MERCANTILE EXCHANGE,273837,117780,26544,27871,91236
2024-09-10,MICRO E-MINI S&P 500 INDEX - CHICAGO MERCANTILE EXCHANGE,132236,33032,59687,3315,-26655
2024-09-10,ADJUSTED INT RATE S&P 500 TOTL - CHICAGO MERCANTILE EXCHANGE,566856,57984,52188,124166,5796
2024-09-10,S&P 500 Consolidated - CHICAGO MERCANTILE EXCHANGE,2169815,232210,486419,91423,-254209
2024-09-17,S&P 500 ANNUAL DIVIDEND INDEX - CHICAGO MERCANTILE EXCHANGE,296678,132443,20453,30997,111990
2024-09-17,ADJUSTED INT RATE S&P 500 TOTL - CHICAGO MERCANTILE EXCHANGE,606802,63124,52184,150898,10940
2024-09-17,S&P 500 QUARTERLY DIVIDEND IND - CHICAGO MERCANTILE EXCHANGE,44966,32075,21505,1247,10570
2024-09-17,S&P 500 Consolidated - CHICAGO MERCANTILE EXCHANGE,2597333,195393,548948,189024,-353555
2024-09-17,MICRO E-MINI S&P 500 INDEX - CHICAGO MERCANTILE EXCHANGE,174731,36309,58003,13168,-21694
2024-09-17,E-MINI S&P 500 - CHICAGO MERCANTILE EXCHANGE,2579860,194486,545872,184983,-351386
2024-09-24,S&P 500 ANNUAL DIVIDEND INDEX - CHICAGO MERCANTILE EXCHANGE,318307,152956,16270,31329,136686
2024-09-24,E-MINI S&P 500 - CHICAGO MERCANTILE EXCHANGE,2046032,167513,486967,27486,-319454
2024-09-24,MICRO E-MINI S&P 500 INDEX - CHICAGO MERCANTILE EXCHANGE,95993,14232,21652,140,-7420
2024-09-24,S&P 500 QUARTERLY DIVIDEND IND - CHICAGO MERCANTILE EXCHANGE,30973,23065,19189,242,3876
2024-09-24,S&P 500 Consolidated - CHICAGO MERCANTILE EXCHANGE,2055631,167965,488161,28472,-320196
2024-09-24,ADJUSTED INT RATE S&P 500 TOTL - CHICAGO MERCANTILE EXCHANGE,527573,77164,56547,93016,20617
2024-10-01,S&P 500 ANNUAL DIVIDEND INDEX - CHICAGO MERCANTILE EXCHANGE,330159,155556,17135,32907,138421
2024-10-01,S&P 500 Consolidated - CHICAGO MERCANTILE EXCHANGE,2092048,174674,474796,31758,-300122
2024-10-01,E-MINI S&P 500 - CHICAGO MERCANTILE EXCHANGE,2081475,175187,475181,29076,-299994
2024-10-01,MICRO E-MINI S&P 500 INDEX - CHICAGO MERCANTILE EXCHANGE,105734,20232,21509,1465,-1277
2024-10-01,ADJUSTED INT RATE S&P 500 TOTL - CHICAGO MERCANTILE EXCHANGE,537518,75194,60772,102396,14422
2024-10-01,S&P 500 QUARTERLY DIVIDEND IND - CHICAGO MERCANTILE EXCHANGE,32305,23812,19381,257,4431
2024-10-08,S&P 500 Consolidated - CHICAGO MERCANTILE EXCHANGE,2144160,172526,499150,38324,-326624
2024-10-08,E-MINI S&P 500 - CHICAGO MERCANTILE EXCHANGE,2132773,173118,499791,34932,-326673
2024-10-08,ADJUSTED INT RATE S&P 500 TOTL - CHICAGO MERCANTILE EXCHANGE,541858,68469,52639,102974,15830
2024-10-08,S&P 500 ANNUAL DIVIDEND INDEX - CHICAGO MERCANTILE EXCHANGE,340291,161963,18850,32607,143113
2024-10-08,MICRO E-MINI S&P 500 INDEX - CHICAGO MERCANTILE EXCHANGE,113872,26142,25647,1860,495
2024-10-08,S&P 500 QUARTERLY DIVIDEND IND - CHICAGO MERCANTILE EXCHANGE,34519,25387,20686,603,4701
2024-10-15,MICRO E-MINI S&P 500 INDEX - CHICAGO MERCANTILE EXCHANGE,142795,46304,38344,2988,7960
2024-10-15,S&P 500 QUARTERLY DIVIDEND IND - CHICAGO MERCANTILE EXCHANGE,34943,25714,20913,700,4801
2024-10-15,S&P 500 Consolidated - CHICAGO MERCANTILE EXCHANGE,2199693,187137,502109,45743,-314972
2024-10-15,E-MINI S&P 500 - CHICAGO MERCANTILE EXCHANGE,2185413,186075,501843,41876,-315768
2024-10-15,ADJUSTED INT RATE S&P 500 TOTL - CHICAGO MERCANTILE EXCHANGE,545860,67375,53489,100454,13886
2024-10-15,S&P 500 ANNUAL DIVIDEND INDEX - CHICAGO MERCANTILE EXCHANGE,345405,169149,19293,30759,149856
2024-10-22,MICRO E-MINI S&P 500 INDEX - CHICAGO MERCANTILE EXCHANGE,146104,43560,36480,2476,7080
2024-10-22,S&P 500 ANNUAL DIVIDEND INDEX - CHICAGO MERCANTILE EXCHANGE,346493,168883,20427,28115,148456
2024-10-22,S&P 500 QUARTERLY DIVIDEND IND - CHICAGO MERCANTILE EXCHANGE,35245,24977,20926,839,4051
2024-10-22,S&P 500 Consolidated - CHICAGO MERCANTILE EXCHANGE,2201296,199213,494746,54304,-295533
2024-10-22,E-MINI S&P 500 - CHICAGO MERCANTILE EXCHANGE,2186686,199958,496199,48955,-296241
2024-10-22,ADJUSTED INT RATE S&P 500 TOTL - CHICAGO MERCANTILE EXCHANGE,571120,65674,53805,108180,11869
2024-10-29,S&P 500 QUARTERLY DIVIDEND IND - CHICAGO MERCANTILE EXCHANGE,35195,24427,20776,839,3651
2024-10-29,ADJUSTED INT RATE S&P 500 TOTL - CHICAGO MERCANTILE EXCHANGE,591824,69132,54005,118219,15127
2024-10-29,S&P 500 ANNUAL DIVIDEND INDEX - CHICAGO MERCANTILE EXCHANGE,345729,169292,20113,25643,149179
2024-10-29,S&P 500 Consolidated - CHICAGO MERCANTILE EXCHANGE,2184936,188520,474454,57378,-285934
2024-10-29,MICRO E-MINI S&P 500 INDEX - CHICAGO MERCANTILE EXCHANGE,165734,59799,26608,2300,33191
2024-10-29,E-MINI S&P 500 - CHICAGO MERCANTILE EXCHANGE,2168363,187456,476709,52232,-289253
2024-11-05,S&P 500 Consolidated - CHICAGO MERCANTILE EXCHANGE,2158810,238391,423283,53941,-184892
2024-11-05,E-MINI S&P 500 - CHICAGO MERCANTILE EXCHANGE,2140451,235998,425357,49167,-189359
2024-11-05,ADJUSTED INT RATE S&P 500 TOTL - CHICAGO MERCANTILE EXCHANGE,611386,73709,56077,125157,17632
2024-11-05,S&P 500 ANNUAL DIVIDEND INDEX - CHICAGO MERCANTILE EXCHANGE,346382,169559,20472,22922,149087
2024-11-05,S&P 500 QUARTERLY DIVIDEND IND - CHICAGO MERCANTILE EXCHANGE,36209,25486,21055,794,4431
2024-11-05,MICRO E-MINI S&P 500 INDEX - CHICAGO MERCANTILE EXCHANGE,183594,68286,23614,3388,44672
2024-11-12,ADJUSTED INT RATE S&P 500 TOTL - CHICAGO MERCANTILE EXCHANGE,628869,72613,58457,125557,14156
2024-11-12,E-MINI S&P 500 - CHICAGO MERCANTILE EXCHANGE,2235256,217011,491324,50358,-274313
2024-11-12,S&P 500 Consolidated - CHICAGO MERCANTILE EXCHANGE,2255574,218884,487384,57297,-268500
2024-11-12,S&P 500 ANNUAL DIVIDEND INDEX - CHICAGO MERCANTILE EXCHANGE,347373,173219,22166,19057,151053
2024-11-12,S&P 500 QUARTERLY DIVIDEND IND - CHICAGO MERCANTILE EXCHANGE,35917,25663,19638,1039,6025
2024-11-12,MICRO E-MINI S&P 500 INDEX - CHICAGO MERCANTILE EXCHANGE,203181,84687,26558,3426,58129
2024-11-19,ADJUSTED INT RATE S&P 500 TOTL - CHICAGO MERCANTILE EXCHANGE,660698,87740,60445,122975,27295
2024-11-19,E-MINI S&P 500 - CHICAGO MERCANTILE EXCHANGE,2259351,229882,481413,66043,-251531
2024-11-19,MICRO E-MINI S&P 500 INDEX - CHICAGO MERCANTILE EXCHANGE,213918,80000,33498,5040,46502
2024-11-19,S&P 500 QUARTERLY DIVIDEND IND - CHICAGO MERCANTILE EXCHANGE,36541,26181,20428,987,5753
2024-11-19,S&P 500 ANNUAL DIVIDEND INDEX - CHICAGO MERCANTILE EXCHANGE,347124,173604,23474,18605,150130
2024-11-19,S&P 500 Consolidated - CHICAGO MERCANTILE EXCHANGE,2280743,231926,478807,72503,-246881
2024-11-26,E-MINI S&P 500 - CHICAGO MERCANTILE EXCHANGE,2272398,163155,468078,83383,-304923
2024-11-26,MICRO E-MINI S&P 500 INDEX - CHICAGO MERCANTILE EXCHANGE,234634,96874,44011,5564,52863
2024-11-26,S&P 500 ANNUAL DIVIDEND INDEX - CHICAGO MERCANTILE EXCHANGE,347261,176739,24038,16571,152701
2024-11-26,S&P 500 QUARTERLY DIVIDEND IND - CHICAGO MERCANTILE EXCHANGE,37300,26735,20507,1047,6228
2024-11-26,S&P 500 Consolidated - CHICAGO MERCANTILE EXCHANGE,2295861,167735,467372,89047,-299637
2024-11-26,ADJUSTED INT RATE S&P 500 TOTL - CHICAGO MERCANTILE EXCHANGE,696522,96894,61492,133384,35402
2024-12-03,S&P 500 Consolidated - CHICAGO MERCANTILE EXCHANGE,2303238,161513,514085,96436,-352572
2024-12-03,ADJUSTED INT RATE S&P 500 TOTL - CHICAGO MERCANTILE EXCHANGE,716322,97566,61510,142224,36056
2024-12-03,S&P 500 QUARTERLY DIVIDEND IND - CHICAGO MERCANTILE EXCHANGE,38045,27675,20862,677,6813
2024-12-03,MICRO E-MINI S&P 500 INDEX - CHICAGO MERCANTILE EXCHANGE,237724,102781,34387,6170,68394
2024-12-03,E-MINI S&P 500 - CHICAGO MERCANTILE EXCHANGE,2279466,156702,516114,90351,-359412
2024-12-03,S&P 500 ANNUAL DIVIDEND INDEX - CHICAGO MERCANTILE EXCHANGE,346394,176976,24037,15493,152939
2024-12-10,E-MINI S&P 500 - CHICAGO MERCANTILE EXCHANGE,2324611,186941,483593,97081,-296652
2024-12-10,ADJUSTED INT RATE S&P 500 TOTL - CHICAGO MERCANTILE EXCHANGE,753530,96786,63184,161865,33602
2024-12-10,S&P 500 ANNUAL DIVIDEND INDEX - CHICAGO MERCANTILE EXCHANGE,350455,182741,28376,12691,154365
2024-12-10,S&P 500 QUARTERLY DIVIDEND IND - CHICAGO MERCANTILE EXCHANGE,39153,28618,21765,678,6853
2024-12-10,MICRO E-MINI S&P 500 INDEX - CHICAGO MERCANTILE EXCHANGE,246363,103467,42839,5879,60628
2024-12-10,S&P 500 Consolidated - CHICAGO MERCANTILE EXCHANGE,2349247,187805,478394,107151,-290589
2024-12-17,ADJUSTED INT RATE S&P 500 TOTL - CHICAGO MERCANTILE EXCHANGE,870786,103715,60882,183143,42833
2024-12-17,S&P 500 Consolidated - CHICAGO MERCANTILE EXCHANGE,2623934,216575,464444,205843,-247869
2024-12-17,E-MINI S&P 500 - CHICAGO MERCANTILE EXCHANGE,2596020,210885,467052,197754,-256167
2024-12-17,MICRO E-MINI S&P 500 INDEX - CHICAGO MERCANTILE EXCHANGE,279138,114829,31843,22963,82986
2024-12-17,S&P 500 ANNUAL DIVIDEND INDEX - CHICAGO MERCANTILE EXCHANGE,352070,184024,28488,12660,155536
2024-12-17,S&P 500 QUARTERLY DIVIDEND IND - CHICAGO MERCANTILE EXCHANGE,44333,32012,24061,626,7951
2024-12-24,MICRO E-MINI S&P 500 INDEX - CHICAGO MERCANTILE EXCHANGE,97143,4432,13489,321,-9057
2024-12-24,S&P 500 Consolidated - CHICAGO MERCANTILE EXCHANGE,2092944,157251,489859,36791,-332608
2024-12-24,S&P 500 QUARTERLY DIVIDEND IND - CHICAGO MERCANTILE EXCHANGE,28569,19755,13140,681,6615
2024-12-24,ADJUSTED INT RATE S&P 500 TOTL - CHICAGO MERCANTILE EXCHANGE,724126,133208,54955,136519,78253
2024-12-24,E-MINI S&P 500 - CHICAGO MERCANTILE EXCHANGE,2083230,157001,488704,36565,-331703
2024-12-24,S&P 500 ANNUAL DIVIDEND INDEX - CHICAGO MERCANTILE EXCHANGE,229073,92030,24966,9087,67064
2024-12-31,ADJUSTED INT RATE S&P 500 TOTL - CHICAGO MERCANTILE EXCHANGE,734964,109725,55287,162380,54438
2024-12-31,S&P 500 ANNUAL DIVIDEND INDEX - CHICAGO MERCANTILE EXCHANGE,232688,90403,28237,9329,62166
2024-12-31,S&P 500 QUARTERLY DIVIDEND IND - CHICAGO MERCANTILE EXCHANGE,29329,20425,13195,671,7230
2024-12-31,S&P 500 Consolidated - CHICAGO MERCANTILE EXCHANGE,2069072,152000,477736,33331,-325736
2024-12-31,E-MINI S&P 500 - CHICAGO MERCANTILE EXCHANGE,2058648,151407,476014,33219,-324607
2024-12-31,MICRO E-MINI S&P 500 INDEX - CHICAGO MERCANTILE EXCHANGE,104241,7001,18288,45,-11287
2025-01-07,ADJUSTED INT RATE S&P 500 TOTL - CHICAGO MERCANTILE EXCHANGE,736446,88902,57980,178917,30922
2025-01-07,S&P 500 Consolidated - CHICAGO MERCANTILE EXCHANGE,2081903,149925,490740,43874,-340815
2025-01-07,MICRO E-MINI S&P 500 INDEX - CHICAGO MERCANTILE EXCHANGE,126441,12429,35630,1924,-23201
2025-01-07,S&P 500 ANNUAL DIVIDEND INDEX - CHICAGO MERCANTILE EXCHANGE,233223,89004,27888,10189,61116
2025-01-07,S&P 500 QUARTERLY DIVIDEND IND - CHICAGO MERCANTILE EXCHANGE,29961,21055,13230,706,7825
2025-01-07,E-MINI S&P 500 - CHICAGO MERCANTILE EXCHANGE,2069259,151126,489620,41238,-338494
2025-01-14,E-MINI S&P 500 - CHICAGO MERCANTILE EXCHANGE,2044090,151543,448908,52206,-297365
2025-01-14,MICRO E-MINI S&P 500 INDEX - CHICAGO MERCANTILE EXCHANGE,129399,10321,44118,1128,-33797
2025-01-14,ADJUSTED INT RATE S&P 500 TOTL - CHICAGO MERCANTILE EXCHANGE,733848,77524,57179,194903,20345
2025-01-14,S&P 500 ANNUAL DIVIDEND INDEX - CHICAGO MERCANTILE EXCHANGE,237823,90358,27947,11228,62411
2025-01-14,S&P 500 QUARTERLY DIVIDEND IND - CHICAGO MERCANTILE EXCHANGE,32484,22318,13370,1243,8948
2025-01-14,S&P 500 Consolidated - CHICAGO MERCANTILE EXCHANGE,2057030,150826,451571,54068,-300745
2025-01-21,ADJUSTED INT RATE S&P 500 TOTL - CHICAGO MERCANTILE EXCHANGE,662828,86423,55791,159362,30632
2025-01-21,MICRO E-MINI S&P 500 INDEX - CHICAGO MERCANTILE EXCHANGE,121182,18560,45952,2109,-27392
2025-01-21,S&P 500 Consolidated - CHICAGO MERCANTILE EXCHANGE,2048587,136276,526690,33036,-390414
2025-01-21,S&P 500 ANNUAL DIVIDEND INDEX - CHICAGO MERCANTILE EXCHANGE,240542,91305,28246,12282,63059
2025-01-21,S&P 500 QUARTERLY DIVIDEND IND - CHICAGO MERCANTILE EXCHANGE,35790,25369,13781,1188,11588
2025-01-21,E-MINI S&P 500 - CHICAGO MERCANTILE EXCHANGE,2036469,138324,525999,28921,-387675
2025-01-28,S&P 500 Consolidated - CHICAGO MERCANTILE EXCHANGE,2046711,119780,518978,59386,-399198
2025-01-28,E-MINI S&P 500 - CHICAGO MERCANTILE EXCHANGE,2033094,123096,519754,52852,-396658
2025-01-28,MICRO E-MINI S&P 500 INDEX - CHICAGO MERCANTILE EXCHANGE,136168,31060,56454,1126,-25394
2025-01-28,ADJUSTED INT RATE S&P 500 TOTL - CHICAGO MERCANTILE EXCHANGE,707668,90520,60192,192177,30328
2025-01-28,S&P 500 ANNUAL DIVIDEND INDEX - CHICAGO MERCANTILE EXCHANGE,243872,93547,28725,10632,64822
2025-01-28,S&P 500 QUARTERLY DIVIDEND IND - CHICAGO MERCANTILE EXCHANGE,36807,26636,14557,1088,12079
2025-02-04,S&P 500 Consolidated - CHICAGO MERCANTILE EXCHANGE,2085692,174823,501357,71562,-326534
2025-02-04,MICRO E-MINI S&P 500 INDEX - CHICAGO MERCANTILE EXCHANGE,138289,40061,61855,1257,-21794
2025-02-04,E-MINI S&P 500 - CHICAGO MERCANTILE EXCHANGE,2071863,175502,499856,66751,-324354
2025-02-04,S&P 500 ANNUAL DIVIDEND INDEX - CHICAGO MERCANTILE EXCHANGE,249188,99570,26443,10946,73127
2025-02-04,S&P 500 QUARTERLY DIVIDEND IND - CHICAGO MERCANTILE EXCHANGE,37066,25545,14439,1265,11106
2025-02-04,ADJUSTED INT RATE S&P 500 TOTL - CHICAGO MERCANTILE EXCHANGE,730539,90089,61959,206860,28130
2025-02-11,S&P 500 Consolidated - CHICAGO MERCANTILE EXCHANGE,2111106,190561,549376,51759,-358815
2025-02-11,E-MINI S&P 500 - CHICAGO MERCANTILE EXCHANGE,2096517,190122,548068,46813,-357946
2025-02-11,MICRO E-MINI S&P 500 INDEX - CHICAGO MERCANTILE EXCHANGE,145888,53478,62170,362,-8692
2025-02-11,ADJUSTED INT RATE S&P 500 TOTL - CHICAGO MERCANTILE EXCHANGE,739378,92854,64002,191508,28852
2025-02-11,S&P 500 ANNUAL DIVIDEND INDEX - CHICAGO MERCANTILE EXCHANGE,250273,99420,24880,13841,74540
2025-02-11,S&P 500 QUARTERLY DIVIDEND IND - CHICAGO MERCANTILE EXCHANGE,38382,25213,14418,1214,10795
2025-02-18,S&P 500 QUARTERLY DIVIDEND IND - CHICAGO MERCANTILE EXCHANGE,39616,24428,14143,1212,10285
2025-02-18,S&P 500 ANNUAL DIVIDEND INDEX - CHICAGO MERCANTILE EXCHANGE,254329,100633,24800,15080,75833
2025-02-18,S&P 500 Consolidated - CHICAGO MERCANTILE EXCHANGE,2136225,194000,550140,57461,-356140
2025-02-18,MICRO E-MINI S&P 500 INDEX - CHICAGO MERCANTILE EXCHANGE,155724,64352,69853,341,-5501
2025-02-18,E-MINI S&P 500 - CHICAGO MERCANTILE EXCHANGE,2120653,193400,548990,51592,-355590
2025-02-18,ADJUSTED INT RATE S&P 500 TOTL - CHICAGO MERCANTILE EXCHANGE,738349,93601,63930,182485,29671
2025-02-25,ADJUSTED INT RATE S&P 500 TOTL - CHICAGO MERCANTILE EXCHANGE,753539,107378,58057,179839,49321
2025-02-25,E-MINI S&P 500 - CHICAGO MERCANTILE EXCHANGE,2126872,186291,522309,48006,-336018
2025-02-25,MICRO E-MINI S&P 500 INDEX - CHICAGO MERCANTILE EXCHANGE,186714,65680,88667,1270,-22987
2025-02-25,S&P 500 QUARTERLY DIVIDEND IND - CHICAGO MERCANTILE EXCHANGE,45707,24755,14890,1211,9865
2025-02-25,S&P 500 ANNUAL DIVIDEND INDEX - CHICAGO MERCANTILE EXCHANGE,255333,101421,24761,14526,76660
2025-02-25,S&P 500 Consolidated - CHICAGO MERCANTILE EXCHANGE,2145543,185543,523860,55449,-338317
2025-03-04,S&P 500 Consolidated - CHICAGO MERCANTILE EXCHANGE,2202261,240489,528463,49672,-287974
2025-03-04,E-MINI S&P 500 - CHICAGO MERCANTILE EXCHANGE,2180944,241275,529255,40300,-287980
2025-03-04,MICRO E-MINI S&P 500 INDEX - CHICAGO MERCANTILE EXCHANGE,213170,83870,83812,1990,58
2025-03-04,ADJUSTED INT RATE S&P 500 TOTL - CHICAGO MERCANTILE EXCHANGE,743611,109030,56242,176129,52788
2025-03-04,S&P 500 ANNUAL DIVIDEND INDEX - CHICAGO MERCANTILE EXCHANGE,260565,104100,25575,17034,78525
2025-03-04,S&P 500 QUARTERLY DIVIDEND IND - CHICAGO MERCANTILE EXCHANGE,40331,20802,14652,1614,6150
2025-03-11,S&P 500 Consolidated - CHICAGO MERCANTILE EXCHANGE,2308393,269887,461887,74135,-192000
2025-03-11,E-MINI S&P 500 - CHICAGO MERCANTILE EXCHANGE,2282648,268404,461956,64951,-193552
2025-03-11,MICRO E-MINI S&P 500 INDEX - CHICAGO MERCANTILE EXCHANGE,257449,99777,84249,6893,15528
2025-03-11,S&P 500 ANNUAL DIVIDEND INDEX - CHICAGO MERCANTILE EXCHANGE,262664,104052,25749,18402,78303
2025-03-11,S&P 500 QUARTERLY DIVIDEND IND - CHICAGO MERCANTILE EXCHANGE,44365,23066,14361,3034,8705
2025-03-11,ADJUSTED INT RATE S&P 500 TOTL - CHICAGO MERCANTILE EXCHANGE,793095,120153,54526,194960,65627
2025-03-18,S&P 500 Consolidated - CHICAGO MERCANTILE EXCHANGE,2591482,238285,423487,192381,-185202
2025-03-18,E-MINI S&P 500 - CHICAGO MERCANTILE EXCHANGE,2560662,239099,427599,176043,-188500
2025-03-18,MICRO E-MINI S&P 500 INDEX - CHICAGO MERCANTILE EXCHANGE,308196,113635,80658,41604,32977
2025-03-18,ADJUSTED INT RATE S&P 500 TOTL - CHICAGO MERCANTILE EXCHANGE,826742,122842,56196,198602,66646
2025-03-18,S&P 500 ANNUAL DIVIDEND INDEX - CHICAGO MERCANTILE EXCHANGE,268601,111323,27657,19693,83666
2025-03-18,S&P 500 QUARTERLY DIVIDEND IND - CHICAGO MERCANTILE EXCHANGE,51167,28179,15544,3019,12635
2025-03-25,ADJUSTED INT RATE S&P 500 TOTL - CHICAGO MERCANTILE EXCHANGE,690810,132479,53500,178026,78979
2025-03-25,MICRO E-MINI S&P 500 INDEX - CHICAGO MERCANTILE EXCHANGE,100996,7938,19549,287,-11611
2025-03-25,E-MINI S&P 500 - CHICAGO MERCANTILE EXCHANGE,2074351,168249,402856,51033,-234607
2025-03-25,S&P 500 ANNUAL DIVIDEND INDEX - CHICAGO MERCANTILE EXCHANGE,276925,116688,27058,21375,89630
2025-03-25,S&P 500 QUARTERLY DIVIDEND IND - CHICAGO MERCANTILE EXCHANGE,35893,26624,13796,903,12828
2025-03-25,S&P 500 Consolidated - CHICAGO MERCANTILE EXCHANGE,2084451,167647,403415,52458,-235768
2025-04-01,S&P 500 QUARTERLY DIVIDEND IND - CHICAGO MERCANTILE EXCHANGE,38428,28481,14532,892,13949
2025-04-01,S&P 500 ANNUAL DIVIDEND INDEX - CHICAGO MERCANTILE EXCHANGE,281630,115543,28482,23328,87061
2025-04-01,S&P 500 Consolidated - CHICAGO MERCANTILE EXCHANGE,2124617,169150,432438,49922,-263288
2025-04-01,MICRO E-MINI S&P 500 INDEX - CHICAGO MERCANTILE EXCHANGE,128670,11282,32547,251,-21265
2025-04-01,E-MINI S&P 500 - CHICAGO MERCANTILE EXCHANGE,2111750,169590,430751,48329,-261161
2025-04-01,ADJUSTED INT RATE S&P 500 TOTL - CHICAGO MERCANTILE EXCHANGE,702535,133334,53600,186345,79734
2025-04-08,S&P 500 ANNUAL DIVIDEND INDEX - CHICAGO MERCANTILE EXCHANGE,273065,109280,30891,24401,78389
2025-04-08,S&P 500 Consolidated - CHICAGO MERCANTILE EXCHANGE,2349923,214605,487023,75010,-272418
2025-04-08,E-MINI S&P 500 - CHICAGO MERCANTILE EXCHANGE,2332802,216672,483817,71543,-267145
2025-04-08,MICRO E-MINI S&P 500 INDEX - CHICAGO MERCANTILE EXCHANGE,171212,12118,64853,1876,-52735
2025-04-08,ADJUSTED INT RATE S&P 500 TOTL - CHICAGO MERCANTILE EXCHANGE,735869,131324,53600,198118,77724
2025-04-08,S&P 500 QUARTERLY DIVIDEND IND - CHICAGO MERCANTILE EXCHANGE,41051,30879,16725,858,14154
2025-04-15,S&P 500 Consolidated - CHICAGO MERCANTILE EXCHANGE,2197559,158122,391325,79359,-233203
2025-04-15,MICRO E-MINI S&P 500 INDEX - CHICAGO MERCANTILE EXCHANGE,156510,22230,39570,3162,-17340
2025-04-15,E-MINI S&P 500 - CHICAGO MERCANTILE EXCHANGE,2181908,159652,391121,75290,-231469
2025-04-15,S&P 500 ANNUAL DIVIDEND INDEX - CHICAGO MERCANTILE EXCHANGE,280874,107528,34893,26239,72635
2025-04-15,S&P 500 QUARTERLY DIVIDEND IND - CHICAGO MERCANTILE EXCHANGE,42575,33791,19058,198,14733
2025-04-15,ADJUSTED INT RATE S&P 500 TOTL - CHICAGO MERCANTILE EXCHANGE,731713,103216,50537,184361,52679
2025-04-22,S&P 500 Consolidated - CHICAGO MERCANTILE EXCHANGE,2224655,169005,421326,65124,-252321
2025-04-22,E-MINI S&P 500 - CHICAGO MERCANTILE EXCHANGE,2209656,168599,420432,62857,-251833
2025-04-22,MICRO E-MINI S&P 500 INDEX - CHICAGO MERCANTILE EXCHANGE,149993,22774,27657,3957,-4883
2025-04-22,ADJUSTED INT RATE S&P 500 TOTL - CHICAGO MERCANTILE EXCHANGE,719527,99092,51694,179472,47398
2025-04-22,S&P 500 ANNUAL DIVIDEND INDEX - CHICAGO MERCANTILE EXCHANGE,283382,109814,34549,26469,75265
2025-04-22,S&P 500 QUARTERLY DIVIDEND IND - CHICAGO MERCANTILE EXCHANGE,43471,34770,19647,144,15123
2025-04-29,E-MINI S&P 500 - CHICAGO MERCANTILE EXCHANGE,2134084,150010,399887,62244,-249877
2025-04-29,MICRO E-MINI S&P 500 INDEX - CHICAGO MERCANTILE EXCHANGE,162855,36372,39340,3297,-2968
2025-04-29,ADJUSTED INT RATE S&P 500 TOTL - CHICAGO MERCANTILE EXCHANGE,728840,97358,60779,180159,36579
2025-04-29,S&P 500 ANNUAL DIVIDEND INDEX - CHICAGO MERCANTILE EXCHANGE,282689,118717,35862,22863,82855
2025-04-29,S&P 500 QUARTERLY DIVIDEND IND - CHICAGO MERCANTILE EXCHANGE,45903,37339,22515,85,14824
2025-04-29,S&P 500 Consolidated - CHICAGO MERCANTILE EXCHANGE,2150370,147981,398154,68240,-250173
2025-05-06,E-MINI S&P 500 - CHICAGO MERCANTILE EXCHANGE,2133652,157467,414906,72458,-257439
2025-05-06,MICRO E-MINI S&P 500 INDEX - CHICAGO MERCANTILE EXCHANGE,161444,27759,51036,2011,-23277
2025-05-06,ADJUSTED INT RATE S&P 500 TOTL - CHICAGO MERCANTILE EXCHANGE,733124,96538,64460,180938,32078
2025-05-06,S&P 500 QUARTERLY DIVIDEND IND - CHICAGO MERCANTILE EXCHANGE,46230,37999,22886,70,15113
2025-05-06,S&P 500 Consolidated - CHICAGO MERCANTILE EXCHANGE,2149796,154731,414498,78171,-259767
2025-05-06,S&P 500 ANNUAL DIVIDEND INDEX - CHICAGO MERCANTILE EXCHANGE,285571,122019,36738,21836,85281
2025-05-13,S&P 500 Consolidated - CHICAGO MERCANTILE EXCHANGE,2142617,157321,443939,76975,-286618
2025-05-13,E-MINI S&P 500 - CHICAGO MERCANTILE EXCHANGE,2125890,159581,448236,68442,-288655
2025-05-13,MICRO E-MINI S&P 500 INDEX - CHICAGO MERCANTILE EXCHANGE,167274,59982,39617,2742,20365
2025-05-13,ADJUSTED INT RATE S&P 500 TOTL - CHICAGO MERCANTILE EXCHANGE,728150,94093,67860,181536,26233
2025-05-13,S&P 500 ANNUAL DIVIDEND INDEX - CHICAGO MERCANTILE EXCHANGE,286978,123815,36073,19936,87742
2025-05-13,S&P 500 QUARTERLY DIVIDEND IND - CHICAGO MERCANTILE EXCHANGE,46544,38575,23012,0,15563
2025-05-20,S&P 500 Consolidated - CHICAGO MERCANTILE EXCHANGE,2130048,147979,443912,72461,-295933
2025-05-20,MICRO E-MINI S&P 500 INDEX - CHICAGO MERCANTILE EXCHANGE,163802,65519,39220,2947,26299
2025-05-20,E-MINI S&P 500 - CHICAGO MERCANTILE EXCHANGE,2113668,150431,448993,63163,-298562
2025-05-20,ADJUSTED INT RATE S&P 500 TOTL - CHICAGO MERCANTILE EXCHANGE,768641,103563,67625,187442,35938
2025-05-20,S&P 500 QUARTERLY DIVIDEND IND - CHICAGO MERCANTILE EXCHANGE,47302,38950,23070,908,15880
2025-05-20,S&P 500 ANNUAL DIVIDEND INDEX - CHICAGO MERCANTILE EXCHANGE,290144,128867,36870,19030,91997
2025-05-27,S&P 500 Consolidated - CHICAGO MERCANTILE EXCHANGE,2129520,164254,420920,71876,-256666
2025-05-27,E-MINI S&P 500 - CHICAGO MERCANTILE EXCHANGE,2112166,167130,425681,62031,-258551
2025-05-27,MICRO E-MINI S&P 500 INDEX - CHICAGO MERCANTILE EXCHANGE,173538,67195,48338,2501,18857
2025-05-27,ADJUSTED INT RATE S&P 500 TOTL - CHICAGO MERCANTILE EXCHANGE,781131,107306,67743,195937,39563
2025-05-27,S&P 500 ANNUAL DIVIDEND INDEX - CHICAGO MERCANTILE EXCHANGE,291741,129540,37007,19183,92533
2025-05-27,S&P 500 QUARTERLY DIVIDEND IND - CHICAGO MERCANTILE EXCHANGE,48700,40065,23384,919,16681
2025-06-03,ADJUSTED INT RATE S&P 500 TOTL - CHICAGO MERCANTILE EXCHANGE,802794,109006,68188,209038,40818
2025-06-03,E-MINI S&P 500 - CHICAGO MERCANTILE EXCHANGE,2123862,161462,447530,66984,-286068
2025-06-03,MICRO E-MINI S&P 500 INDEX - CHICAGO MERCANTILE EXCHANGE,164206,59897,54692,3758,5205
2025-06-03,S&P 500 QUARTERLY DIVIDEND IND - CHICAGO MERCANTILE EXCHANGE,49886,41261,23830,939,17431
2025-06-03,S&P 500 ANNUAL DIVIDEND INDEX - CHICAGO MERCANTILE EXCHANGE,296397,132044,36757,19329,95287
2025-06-03,S&P 500 Consolidated - CHICAGO MERCANTILE EXCHANGE,2140283,158686,444233,76126,-285547
2025-06-10,E-MINI S&P 500 - CHICAGO MERCANTILE EXCHANGE,2223909,150882,465145,98825,-314263
2025-06-10,ADJUSTED INT RATE S&P 500 TOTL - CHICAGO MERCANTILE EXCHANGE,836842,110585,68123,223919,42462
2025-06-10,MICRO E-MINI S&P 500 INDEX - CHICAGO MERCANTILE EXCHANGE,179106,73318,67433,3271,5885
2025-06-10,S&P 500 QUARTERLY DIVIDEND IND - CHICAGO MERCANTILE EXCHANGE,53021,43454,25058,920,18396
2025-06-10,S&P 500 ANNUAL DIVIDEND INDEX - CHICAGO MERCANTILE EXCHANGE,295083,132311,36429,18902,95882
2025-06-10,S&P 500 Consolidated - CHICAGO MERCANTILE EXCHANGE,2241820,148966,462641,108400,-313675
2025-06-17,S&P 500 Consolidated - CHICAGO MERCANTILE EXCHANGE,2473205,151112,477994,169689,-326882
2025-06-17,E-MINI S&P 500 - CHICAGO MERCANTILE EXCHANGE,2450146,150208,475094,158837,-324886
2025-06-17,MICRO E-MINI S&P 500 INDEX - CHICAGO MERCANTILE EXCHANGE,230588,82778,102729,34784,-19951
2025-06-17,ADJUSTED INT RATE S&P 500 TOTL - CHICAGO MERCANTILE EXCHANGE,876563,105216,60457,229072,44759
2025-06-17,S&P 500 ANNUAL DIVIDEND INDEX - CHICAGO MERCANTILE EXCHANGE,293997,130826,34939,18072,95887
2025-06-17,S&P 500 QUARTERLY DIVIDEND IND - CHICAGO MERCANTILE EXCHANGE,55676,45243,25142,920,20101
2025-06-24,E-MINI S&P 500 - CHICAGO MERCANTILE EXCHANGE,1886352,137615,411937,54992,-274322
2025-06-24,ADJUSTED INT RATE S&P 500 TOTL - CHICAGO MERCANTILE EXCHANGE,769027,130459,61702,189121,68757
2025-06-24,MICRO E-MINI S&P 500 INDEX - CHICAGO MERCANTILE EXCHANGE,119524,20654,30666,1869,-10012
2025-06-24,S&P 500 ANNUAL DIVIDEND INDEX - CHICAGO MERCANTILE EXCHANGE,295768,131657,35382,18343,96275
2025-06-24,S&P 500 QUARTERLY DIVIDEND IND - CHICAGO MERCANTILE EXCHANGE,37574,29722,21348,22,8374
2025-06-24,S&P 500 Consolidated - CHICAGO MERCANTILE EXCHANGE,1898304,138406,413729,56454,-275323
2025-07-01,S&P 500 Consolidated - CHICAGO MERCANTILE EXCHANGE,1900931,143778,447202,28032,-303424
2025-07-01,E-MINI S&P 500 - CHICAGO MERCANTILE EXCHANGE,1887354,143023,449310,24797,-306287
2025-07-01,MICRO E-MINI S&P 500 INDEX - CHICAGO MERCANTILE EXCHANGE,135773,33466,4840,6434,28626
2025-07-01,ADJUSTED INT RATE S&P 500 TOTL - CHICAGO MERCANTILE EXCHANGE,792327,131803,63594,196378,68209
2025-07-01,S&P 500 ANNUAL DIVIDEND INDEX - CHICAGO MERCANTILE EXCHANGE,296965,132393,34536,18853,97857
2025-07-01,S&P 500 QUARTERLY DIVIDEND IND - CHICAGO MERCANTILE EXCHANGE,41957,32930,22293,22,10637
2025-07-08,E-MINI S&P 500 - CHICAGO MERCANTILE EXCHANGE,1899046,146754,494389,31355,-347635
2025-07-08,MICRO E-MINI S&P 500 INDEX - CHICAGO MERCANTILE EXCHANGE,163051,55390,33167,5200,22223
2025-07-08,ADJUSTED INT RATE S&P 500 TOTL - CHICAGO MERCANTILE EXCHANGE,800152,130003,65444,198903,64559
2025-07-08,S&P 500 ANNUAL DIVIDEND INDEX - CHICAGO MERCANTILE EXCHANGE,297451,133339,33195,19202,100144
2025-07-08,S&P 500 QUARTERLY DIVIDEND IND - CHICAGO MERCANTILE EXCHANGE,41871,32692,22690,118,10002
2025-07-08,S&P 500 Consolidated - CHICAGO MERCANTILE EXCHANGE,1915351,147316,492728,36852,-345412
2025-07-15,E-MINI S&P 500 - CHICAGO MERCANTILE EXCHANGE,1935859,162331,507141,30982,-344810
2025-07-15,MICRO E-MINI S&P 500 INDEX - CHICAGO MERCANTILE EXCHANGE,170710,46631,42941,5807,3690
2025-07-15,ADJUSTED INT RATE S&P 500 TOTL - CHICAGO MERCANTILE EXCHANGE,826841,120669,66613,207897,54056
2025-07-15,S&P 500 ANNUAL DIVIDEND INDEX - CHICAGO MERCANTILE EXCHANGE,299216,136025,32696,17973,103329
2025-07-15,S&P 500 QUARTERLY DIVIDEND IND - CHICAGO MERCANTILE EXCHANGE,44230,33250,24470,118,8780
2025-07-15,S&P 500 Consolidated - CHICAGO MERCANTILE EXCHANGE,1952930,164743,509184,33814,-344441
2025-07-22,S&P 500 Consolidated - CHICAGO MERCANTILE EXCHANGE,1937915,146493,486440,40060,-339947
2025-07-22,E-MINI S&P 500 - CHICAGO MERCANTILE EXCHANGE,1917043,145719,487028,31920,-341309
2025-07-22,MICRO E-MINI S&P 500 INDEX - CHICAGO MERCANTILE EXCHANGE,208716,81898,68279,7239,13619
2025-07-22,ADJUSTED INT RATE S&P 500 TOTL - CHICAGO MERCANTILE EXCHANGE,825487,116589,68169,206505,48420
2025-07-22,S&P 500 ANNUAL DIVIDEND INDEX - CHICAGO MERCANTILE EXCHANGE,303065,141143,33621,17297,107522
2025-07-22,S&P 500 QUARTERLY DIVIDEND IND - CHICAGO MERCANTILE EXCHANGE,44692,33650,24596,118,9054
2025-07-29,S&P 500 Consolidated - CHICAGO MERCANTILE EXCHANGE,1965169,158368,522546,42135,-364178
2025-07-29,E-MINI S&P 500 - CHICAGO MERCANTILE EXCHANGE,1941931,157815,523242,32714,-365427
2025-07-29,MICRO E-MINI S&P 500 INDEX - CHICAGO MERCANTILE EXCHANGE,232380,91497,79011,8238,12486
2025-07-29,S&P 500 ANNUAL DIVIDEND INDEX - CHICAGO MERCANTILE EXCHANGE,306040,143269,36766,17080,106503
2025-07-29,S&P 500 QUARTERLY DIVIDEND IND - CHICAGO MERCANTILE EXCHANGE,44992,33731,25258,118,8473
2025-07-29,ADJUSTED INT RATE S&P 500 TOTL - CHICAGO MERCANTILE EXCHANGE,847182,121110,68691,213254,52419
2025-08-05,S&P 500 Consolidated - CHICAGO MERCANTILE EXCHANGE,1928385,147105,478564,48021,-331459
2025-08-05,E-MINI S&P 500 - CHICAGO MERCANTILE EXCHANGE,1909338,145530,470773,43336,-325243
2025-08-05,MICRO E-MINI S&P 500 INDEX - CHICAGO MERCANTILE EXCHANGE,190470,53026,115189,9578,-62163
2025-08-05,ADJUSTED INT RATE S&P 500 TOTL - CHICAGO MERCANTILE EXCHANGE,854973,135546,69694,213063,65852
2025-08-05,S&P 500 ANNUAL DIVIDEND INDEX - CHICAGO MERCANTILE EXCHANGE,307599,144785,35638,19517,109147
2025-08-05,S&P 500 QUARTERLY DIVIDEND IND - CHICAGO MERCANTILE EXCHANGE,45604,34078,26263,268,7815
2025-08-12,ADJUSTED INT RATE S&P 500 TOTL - CHICAGO MERCANTILE EXCHANGE,858867,136340,69694,213678,66646
2025-08-12,MICRO E-MINI S&P 500 INDEX - CHICAGO MERCANTILE EXCHANGE,223726,84637,137862,10183,-53225
2025-08-12,E-MINI S&P 500 - CHICAGO MERCANTILE EXCHANGE,1967857,132581,519333,51712,-386752
2025-08-12,S&P 500 ANNUAL DIVIDEND INDEX - CHICAGO MERCANTILE EXCHANGE,320266,158312,37362,19556,120950
2025-08-12,S&P 500 QUARTERLY DIVIDEND IND - CHICAGO MERCANTILE EXCHANGE,48232,33033,27764,42,5269
2025-08-12,S&P 500 Consolidated - CHICAGO MERCANTILE EXCHANGE,1990230,133667,525741,60108,-392074
2025-08-19,S&P 500 QUARTERLY DIVIDEND IND - CHICAGO MERCANTILE EXCHANGE,48218,32315,28251,42,4064
2025-08-19,S&P 500 ANNUAL DIVIDEND INDEX - CHICAGO MERCANTILE EXCHANGE,323079,160901,37613,20465,123288
2025-08-19,S&P 500 Consolidated - CHICAGO MERCANTILE EXCHANGE,2001161,142386,513362,58969,-370976
2025-08-19,MICRO E-MINI S&P 500 INDEX - CHICAGO MERCANTILE EXCHANGE,265755,110649,166997,8901,-56348
2025-08-19,E-MINI S&P 500 - CHICAGO MERCANTILE EXCHANGE,1974585,141214,506555,48186,-365341
2025-08-19,ADJUSTED INT RATE S&P 500 TOTL - CHICAGO MERCANTILE EXCHANGE,867518,129916,69937,228138,59979
2025-08-26,S&P 500 ANNUAL DIVIDEND INDEX - CHICAGO MERCANTILE EXCHANGE,322859,162352,37613,20297,124739
2025-08-26,S&P 500 Consolidated - CHICAGO MERCANTILE EXCHANGE,2043484,130322,555910,55723,-425588
2025-08-26,E-MINI S&P 500 - CHICAGO MERCANTILE EXCHANGE,2018365,129279,549834,46773,-420555
2025-08-26,MICRO E-MINI S&P 500 INDEX - CHICAGO MERCANTILE EXCHANGE,251192,91067,141391,8866,-50324
2025-08-26,ADJUSTED INT RATE S&P 500 TOTL - CHICAGO MERCANTILE EXCHANGE,876612,132415,69937,238378,62478
2025-08-26,S&P 500 QUARTERLY DIVIDEND IND - CHICAGO MERCANTILE EXCHANGE,47983,33521,27420,42,6101
2025-09-02,E-MINI S&P 500 - CHICAGO MERCANTILE EXCHANGE,1997661,133854,516109,47031,-382255
2025-09-02,ADJUSTED INT RATE S&P 500 TOTL - CHICAGO MERCANTILE EXCHANGE,889958,122526,71122,254408,51404
2025-09-02,MICRO E-MINI S&P 500 INDEX - CHICAGO MERCANTILE EXCHANGE,250671,91993,124840,11717,-32847
2025-09-02,S&P 500 QUARTERLY DIVIDEND IND - CHICAGO MERCANTILE EXCHANGE,48327,33835,27675,42,6160
2025-09-02,S&P 500 ANNUAL DIVIDEND INDEX - CHICAGO MERCANTILE EXCHANGE,319810,158028,37742,20455,120286
2025-09-02,S&P 500 Consolidated - CHICAGO MERCANTILE EXCHANGE,2022728,131317,516857,59939,-385540
2025-09-09,S&P 500 Consolidated - CHICAGO MERCANTILE EXCHANGE,2063255,120061,540571,82044,-420510
2025-09-09,E-MINI S&P 500 - CHICAGO MERCANTILE EXCHANGE,2035158,123869,540470,66792,-416601
2025-09-09,MICRO E-MINI S&P 500 INDEX - CHICAGO MERCANTILE EXCHANGE,280968,102979,142067,11456,-39088
2025-09-09,ADJUSTED INT RATE S&P 500 TOTL - CHICAGO MERCANTILE EXCHANGE,935767,118053,78423,256529,39630
2025-09-09,S&P 500 ANNUAL DIVIDEND INDEX - CHICAGO MERCANTILE EXCHANGE,324319,159633,39173,20361,120460
2025-09-09,S&P 500 QUARTERLY DIVIDEND IND - CHICAGO MERCANTILE EXCHANGE,49965,34770,28732,124,6038
2025-09-16,ADJUSTED INT RATE S&P 500 TOTL - CHICAGO MERCANTILE EXCHANGE,1008517,119563,78007,291497,41556
2025-09-16,E-MINI S&P 500 - CHICAGO MERCANTILE EXCHANGE,2435899,120980,595966,239331,-474986
2025-09-16,MICRO E-MINI S&P 500 INDEX - CHICAGO MERCANTILE EXCHANGE,311955,100234,128478,31875,-28244
2025-09-16,S&P 500 QUARTERLY DIVIDEND IND - CHICAGO MERCANTILE EXCHANGE,51002,35461,29858,249,5603
2025-09-16,S&P 500 ANNUAL DIVIDEND INDEX - CHICAGO MERCANTILE EXCHANGE,330123,161624,37523,24026,124101
2025-09-16,S&P 500 Consolidated - CHICAGO MERCANTILE EXCHANGE,2467095,120809,598620,252713,-477811
2025-09-23,E-MINI S&P 500 - CHICAGO MERCANTILE EXCHANGE,1950977,113510,564515,39111,-451005
2025-09-23,ADJUSTED INT RATE S&P 500 TOTL - CHICAGO MERCANTILE EXCHANGE,903045,158195,82838,232003,75357
2025-09-23,MICRO E-MINI S&P 500 INDEX - CHICAGO MERCANTILE EXCHANGE,125295,19487,32155,746,-12668
2025-09-23,S&P 500 QUARTERLY DIVIDEND IND - CHICAGO MERCANTILE EXCHANGE,27526,18430,16616,181,1814
2025-09-23,S&P 500 ANNUAL DIVIDEND INDEX - CHICAGO MERCANTILE EXCHANGE,335782,162631,37662,26829,124969
2025-09-23,S&P 500 Consolidated - CHICAGO MERCANTILE EXCHANGE,1963507,113786,566058,40858,-452272
2025-09-30,S&P 500 Consolidated - CHICAGO MERCANTILE EXCHANGE,1955078,117682,555746,34469,-438064
2025-09-30,E-MINI S&P 500 - CHICAGO MERCANTILE EXCHANGE,1942253,117045,554017,33200,-436972
2025-09-30,MICRO E-MINI S&P 500 INDEX - CHICAGO MERCANTILE EXCHANGE,128250,18437,29354,620,-10917
2025-09-30,ADJUSTED INT RATE S&P 500 TOTL - CHICAGO MERCANTILE EXCHANGE,918034,157879,83088,236328,74791
2025-09-30,S&P 500 ANNUAL DIVIDEND INDEX - CHICAGO MERCANTILE EXCHANGE,337940,167047,37754,24541,129293
2025-09-30,S&P 500 QUARTERLY DIVIDEND IND - CHICAGO MERCANTILE EXCHANGE,29324,19930,18235,255,1695
2025-10-07,E-MINI S&P 500 - CHICAGO MERCANTILE EXCHANGE,1951558,131863,592036,31593,-460173
2025-10-07,ADJUSTED INT RATE S&P 500 TOTL - CHICAGO MERCANTILE EXCHANGE,935466,157449,80726,241945,76723
2025-10-07,MICRO E-MINI S&P 500 INDEX - CHICAGO MERCANTILE EXCHANGE,142173,24197,45240,2033,-21043
2025-10-07,S&P 500 QUARTERLY DIVIDEND IND - CHICAGO MERCANTILE EXCHANGE,29863,20142,18699,362,1443
2025-10-07,S&P 500 ANNUAL DIVIDEND INDEX - CHICAGO MERCANTILE EXCHANGE,347722,168575,37747,26220,130828
2025-10-07,S&P 500 Consolidated - CHICAGO MERCANTILE EXCHANGE,1965775,132281,594558,33798,-462277
2025-10-14,S&P 500 Consolidated - CHICAGO MERCANTILE EXCHANGE,1943899,141062,562289,41200,-421227
2025-10-14,E-MINI S&P 500 - CHICAGO MERCANTILE EXCHANGE,1929048,143527,560075,36973,-416548
2025-10-14,MICRO E-MINI S&P 500 INDEX - CHICAGO MERCANTILE EXCHANGE,148507,14877,61663,2747,-46786
2025-10-14,ADJUSTED INT RATE S&P 500 TOTL - CHICAGO MERCANTILE EXCHANGE,972807,152030,85818,251570,66212
2025-10-14,S&P 500 ANNUAL DIVIDEND INDEX - CHICAGO MERCANTILE EXCHANGE,347722,168368,37932,26906,130436
2025-10-14,S&P 500 QUARTERLY DIVIDEND IND - CHICAGO MERCANTILE EXCHANGE,32931,22002,20709,709,1293
2025-10-21,MICRO E-MINI S&P 500 INDEX - CHICAGO MERCANTILE EXCHANGE,182035,52069,74445,2897,-22376
2025-10-21,S&P 500 ANNUAL DIVIDEND INDEX - CHICAGO MERCANTILE EXCHANGE,349069,168164,39747,25827,128417
2025-10-21,ADJUSTED INT RATE S&P 500 TOTL - CHICAGO MERCANTILE EXCHANGE,991234,158219,87067,259326,71152
2025-10-21,S&P 500 Consolidated - CHICAGO MERCANTILE EXCHANGE,1900748,125008,568247,45816,-443239
2025-10-21,S&P 500 QUARTERLY DIVIDEND IND - CHICAGO MERCANTILE EXCHANGE,33387,23317,21215,607,2102
2025-10-21,E-MINI S&P 500 - CHICAGO MERCANTILE EXCHANGE,1882544,126993,567994,38335,-441001
2025-10-28,S&P 500 Consolidated - CHICAGO MERCANTILE EXCHANGE,1947747,141643,592852,51131,-451209
2025-10-28,E-MINI S&P 500 - CHICAGO MERCANTILE EXCHANGE,1929734,145056,593777,42924,-448721
2025-10-28,MICRO E-MINI S&P 500 INDEX - CHICAGO MERCANTILE EXCHANGE,180131,47403,72286,536,-24883
2025-10-28,ADJUSTED INT RATE S&P 500 TOTL - CHICAGO MERCANTILE EXCHANGE,1015375,163471,88377,260780,75094
2025-10-28,S&P 500 ANNUAL DIVIDEND INDEX - CHICAGO MERCANTILE EXCHANGE,355229,174923,40702,26075,134221
2025-10-28,S&P 500 QUARTERLY DIVIDEND IND - CHICAGO MERCANTILE EXCHANGE,33701,23615,21507,627,2108
2025-11-04,E-MINI S&P 500 - CHICAGO MERCANTILE EXCHANGE,1956133,171078,576464,50026,-405386
2025-11-04,MICRO E-MINI S&P 500 INDEX - CHICAGO MERCANTILE EXCHANGE,208843,66735,93356,910,-26621
2025-11-04,S&P 500 Consolidated - CHICAGO MERCANTILE EXCHANGE,1977017,167978,576026,59891,-408048
2025-11-04,S&P 500 QUARTERLY DIVIDEND IND - CHICAGO MERCANTILE EXCHANGE,34775,22782,22127,608,655
2025-11-04,S&P 500 ANNUAL DIVIDEND INDEX - CHICAGO MERCANTILE EXCHANGE,364645,176157,37832,30728,138325
2025-11-04,ADJUSTED INT RATE S&P 500 TOTL - CHICAGO MERCANTILE EXCHANGE,1047826,172255,88311,262836,83944
2025-11-10,S&P 500 QUARTERLY DIVIDEND IND - CHICAGO MERCANTILE EXCHANGE,35467,23434,22778,599,656
2025-11-10,S&P 500 ANNUAL DIVIDEND INDEX - CHICAGO MERCANTILE EXCHANGE,361414,171559,37426,31572,134133
2025-11-10,S&P 500 Consolidated - CHICAGO MERCANTILE EXCHANGE,2005108,168555,589557,72813,-421002
2025-11-10,MICRO E-MINI S&P 500 INDEX - CHICAGO MERCANTILE EXCHANGE,239913,98328,78321,1968,20007
2025-11-10,E-MINI S&P 500 - CHICAGO MERCANTILE EXCHANGE,1981117,172798,595801,58540,-423003
2025-11-10,ADJUSTED INT RATE S&P 500 TOTL - CHICAGO MERCANTILE EXCHANGE,1065134,175406,88311,264852,87095
2025-11-18,S&P 500 QUARTERLY DIVIDEND IND - CHICAGO MERCANTILE EXCHANGE,37008,24666,23800,599,866
2025-11-18,S&P 500 ANNUAL DIVIDEND INDEX - CHICAGO MERCANTILE EXCHANGE,361570,173093,36398,32350,136695
2025-11-18,ADJUSTED INT RATE S&P 500 TOTL - CHICAGO MERCANTILE EXCHANGE,1075251,178247,92411,256284,85836
2025-11-18,MICRO E-MINI S&P 500 INDEX - CHICAGO MERCANTILE EXCHANGE,267865,107840,89293,1534,18547
2025-11-18,E-MINI S&P 500 - CHICAGO MERCANTILE EXCHANGE,2037320,200379,559286,64551,-358907
2025-11-18,S&P 500 Consolidated - CHICAGO MERCANTILE EXCHANGE,2064107,195759,552811,80109,-357052
2025-11-25,S&P 500 QUARTERLY DIVIDEND IND - CHICAGO MERCANTILE EXCHANGE,37872,25315,24258,659,1057
2025-11-25,S&P 500 ANNUAL DIVIDEND INDEX - CHICAGO MERCANTILE EXCHANGE,365904,172683,36555,33750,136128
2025-11-25,MICRO E-MINI S&P 500 INDEX - CHICAGO MERCANTILE EXCHANGE,297026,139240,93053,5499,46187
2025-11-25,E-MINI S&P 500 - CHICAGO MERCANTILE EXCHANGE,2070962,205516,588474,64399,-382958
2025-11-25,S&P 500 Consolidated - CHICAGO MERCANTILE EXCHANGE,2100665,199433,577772,84956,-378339
2025-11-25,ADJUSTED INT RATE S&P 500 TOTL - CHICAGO MERCANTILE EXCHANGE,1078707,189259,92911,256007,96348
2025-12-02,S&P 500 ANNUAL DIVIDEND INDEX - CHICAGO MERCANTILE EXCHANGE,369666,174439,37294,33944,137145
2025-12-02,ADJUSTED INT RATE S&P 500 TOTL - CHICAGO MERCANTILE EXCHANGE,1085073,184882,96229,256278,88653
2025-12-02,S&P 500 QUARTERLY DIVIDEND IND - CHICAGO MERCANTILE EXCHANGE,39701,27239,25479,664,1760
2025-12-02,E-MINI S&P 500 - CHICAGO MERCANTILE EXCHANGE,2074887,179974,623198,66624,-443224
2025-12-02,S&P 500 Consolidated - CHICAGO MERCANTILE EXCHANGE,2102168,174773,615460,83029,-440687
2025-12-02,MICRO E-MINI S&P 500 INDEX - CHICAGO MERCANTILE EXCHANGE,272813,106624,81255,5414,25369
2025-12-09,S&P 500 ANNUAL DIVIDEND INDEX - CHICAGO MERCANTILE EXCHANGE,370890,180311,41576,29445,138735
2025-12-09,S&P 500 QUARTERLY DIVIDEND IND - CHICAGO MERCANTILE EXCHANGE,43935,31274,24789,2878,6485
2025-12-09,ADJUSTED INT RATE S&P 500 TOTL - CHICAGO MERCANTILE EXCHANGE,1121465,183958,107981,262033,75977
2025-12-09,E-MINI S&P 500 - CHICAGO MERCANTILE EXCHANGE,2141031,169485,619487,86972,-450002
2025-12-09,S&P 500 Consolidated - CHICAGO MERCANTILE EXCHANGE,2172273,163825,612587,106297,-448762
2025-12-09,MICRO E-MINI S&P 500 INDEX - CHICAGO MERCANTILE EXCHANGE,312423,129955,117555,6692,12400
2025-12-16,S&P 500 ANNUAL DIVIDEND INDEX - CHICAGO MERCANTILE EXCHANGE,379743,184048,38084,33672,145964
2025-12-16,ADJUSTED INT RATE S&P 500 TOTL - CHICAGO MERCANTILE EXCHANGE,1200932,182862,111363,251608,71499
2025-12-16,S&P 500 QUARTERLY DIVIDEND IND - CHICAGO MERCANTILE EXCHANGE,50173,35619,27730,1577,7889
2025-12-16,E-MINI S&P 500 - CHICAGO MERCANTILE EXCHANGE,2466313,218923,608090,149554,-389167
2025-12-16,S&P 500 Consolidated - CHICAGO MERCANTILE EXCHANGE,2504363,207305,595952,180883,-388647
2025-12-16,MICRO E-MINI S&P 500 INDEX - CHICAGO MERCANTILE EXCHANGE,380500,147741,142546,49371,5195
2025-12-23,S&P 500 Consolidated - CHICAGO MERCANTILE EXCHANGE,1923191,162773,533940,25569,-371167
2025-12-23,E-MINI S&P 500 - CHICAGO MERCANTILE EXCHANGE,1911017,161061,532121,25355,-371060
2025-12-23,MICRO E-MINI S&P 500 INDEX - CHICAGO MERCANTILE EXCHANGE,121741,17426,18501,1830,-1075
2025-12-23,ADJUSTED INT RATE S&P 500 TOTL - CHICAGO MERCANTILE EXCHANGE,935693,168800,112471,203815,56329
2025-12-23,S&P 500 ANNUAL DIVIDEND INDEX - CHICAGO MERCANTILE EXCHANGE,278016,121546,39319,19123,82227
2025-12-23,S&P 500 QUARTERLY DIVIDEND IND - CHICAGO MERCANTILE EXCHANGE,32689,24898,18235,1205,6663
2025-12-30,S&P 500 Consolidated - CHICAGO MERCANTILE EXCHANGE,1949403,145527,512156,44703,-366629
2025-12-30,E-MINI S&P 500 - CHICAGO MERCANTILE EXCHANGE,1936495,143436,510277,44378,-366841
2025-12-30,MICRO E-MINI S&P 500 INDEX - CHICAGO MERCANTILE EXCHANGE,129084,23559,21441,598,2118
2025-12-30,ADJUSTED INT RATE S&P 500 TOTL - CHICAGO MERCANTILE EXCHANGE,942583,162050,112826,209655,49224
2025-12-30,S&P 500 ANNUAL DIVIDEND INDEX - CHICAGO MERCANTILE EXCHANGE,279707,122628,39059,19063,83569
2025-12-30,S&P 500 QUARTERLY DIVIDEND IND - CHICAGO MERCANTILE EXCHANGE,33763,25790,19155,1387,6635
2026-01-06,S&P 500 ANNUAL DIVIDEND INDEX - CHICAGO MERCANTILE EXCHANGE,280819,122286,38975,18976,83311
2026-01-06,ADJUSTED INT RATE S&P 500 TOTL - CHICAGO MERCANTILE EXCHANGE,946587,157656,109228,222233,48428
2026-01-06,S&P 500 QUARTERLY DIVIDEND IND - CHICAGO MERCANTILE EXCHANGE,35818,26825,20727,1679,6098
2026-01-06,E-MINI S&P 500 - CHICAGO MERCANTILE EXCHANGE,1945513,128725,544629,47851,-415904
2026-01-06,MICRO E-MINI S&P 500 INDEX - CHICAGO MERCANTILE EXCHANGE,143197,26454,20955,2537,5499
2026-01-06,S&P 500 Consolidated - CHICAGO MERCANTILE EXCHANGE,1959833,131137,546491,48339,-415354
2026-01-13,S&P 500 QUARTERLY DIVIDEND IND - CHICAGO MERCANTILE EXCHANGE,38304,27433,18809,3226,8624
2026-01-13,S&P 500 ANNUAL DIVIDEND INDEX - CHICAGO MERCANTILE EXCHANGE,288913,125275,41216,19169,84059
2026-01-13,ADJUSTED INT RATE S&P 500 TOTL - CHICAGO MERCANTILE EXCHANGE,929988,153485,117394,211172,36091
2026-01-13,S&P 500 Consolidated - CHICAGO MERCANTILE EXCHANGE,1923938,110713,557224,45772,-446511
2026-01-13,MICRO E-MINI S&P 500 INDEX - CHICAGO MERCANTILE EXCHANGE,145870,22997,28310,628,-5313
2026-01-13,E-MINI S&P 500 - CHICAGO MERCANTILE EXCHANGE,1909351,109159,555139,44963,-445980
2026-01-20,S&P 500 QUARTERLY DIVIDEND IND - CHICAGO MERCANTILE EXCHANGE,39248,28141,19544,3233,8597
2026-01-20,S&P 500 Consolidated - CHICAGO MERCANTILE EXCHANGE,1944353,115887,533669,57309,-417782
2026-01-20,E-MINI S&P 500 - CHICAGO MERCANTILE EXCHANGE,1926910,116526,530611,54206,-414085
2026-01-20,MICRO E-MINI S&P 500 INDEX - CHICAGO MERCANTILE EXCHANGE,174430,24038,61008,595,-36970
2026-01-20,ADJUSTED INT RATE S&P 500 TOTL - CHICAGO MERCANTILE EXCHANGE,879924,170917,120201,201175,50716
2026-01-20,S&P 500 ANNUAL DIVIDEND INDEX - CHICAGO MERCANTILE EXCHANGE,287574,123642,42277,19532,81365
2026-01-27,S&P 500 Consolidated - CHICAGO MERCANTILE EXCHANGE,1915990,111728,539131,43510,-427403
2026-01-27,MICRO E-MINI S&P 500 INDEX - CHICAGO MERCANTILE EXCHANGE,185289,46241,50249,1542,-4008
2026-01-27,E-MINI S&P 500 - CHICAGO MERCANTILE EXCHANGE,1897461,111546,538548,38914,-427002
2026-01-27,S&P 500 ANNUAL DIVIDEND INDEX - CHICAGO MERCANTILE EXCHANGE,292181,129808,44026,22044,85782
2026-01-27,ADJUSTED INT RATE S&P 500 TOTL - CHICAGO MERCANTILE EXCHANGE,888935,174006,121961,205994,52045
2026-01-27,S&P 500 QUARTERLY DIVIDEND IND - CHICAGO MERCANTILE EXCHANGE,44478,33799,20777,3207,13022
2026-02-03,S&P 500 QUARTERLY DIVIDEND IND - CHICAGO MERCANTILE EXCHANGE,46020,33983,22247,3168,11736
2026-02-03,S&P 500 ANNUAL DIVIDEND INDEX - CHICAGO MERCANTILE EXCHANGE,294596,133212,44847,20952,88365
2026-02-03,E-MINI S&P 500 - CHICAGO MERCANTILE EXCHANGE,1928476,132546,580671,33407,-448125
2026-02-03,MICRO E-MINI S&P 500 INDEX - CHICAGO MERCANTILE EXCHANGE,210631,49039,62998,617,-13959
2026-02-03,S&P 500 Consolidated - CHICAGO MERCANTILE EXCHANGE,1949539,128956,578477,41963,-449521
2026-02-03,ADJUSTED INT RATE S&P 500 TOTL - CHICAGO MERCANTILE EXCHANGE,910980,174156,118211,212699,55945
2026-02-10,S&P 500 ANNUAL DIVIDEND INDEX - CHICAGO MERCANTILE EXCHANGE,297145,134486,42927,22171,91559
2026-02-10,S&P 500 QUARTERLY DIVIDEND IND - CHICAGO MERCANTILE EXCHANGE,47952,32623,24573,3158,8050
2026-02-10,S&P 500 Consolidated - CHICAGO MERCANTILE EXCHANGE,1955058,121150,545884,49547,-424734
2026-02-10,ADJUSTED INT RATE S&P 500 TOTL - CHICAGO MERCANTILE EXCHANGE,938644,180126,117891,222510,62235
2026-02-10,E-MINI S&P 500 - CHICAGO MERCANTILE EXCHANGE,1934958,123601,547305,43060,-423704
2026-02-10,MICRO E-MINI S&P 500 INDEX - CHICAGO MERCANTILE EXCHANGE,200996,38621,48922,1739,-10301
2026-02-17,S&P 500 ANNUAL DIVIDEND INDEX - CHICAGO MERCANTILE EXCHANGE,300887,134299,43422,25505,90877
2026-02-17,S&P 500 QUARTERLY DIVIDEND IND - CHICAGO MERCANTILE EXCHANGE,48624,33142,25299,3119,7843
2026-02-17,MICRO E-MINI S&P 500 INDEX - CHICAGO MERCANTILE EXCHANGE,212830,31082,51816,1722,-20734
2026-02-17,E-MINI S&P 500 - CHICAGO MERCANTILE EXCHANGE,1966090,118591,582883,46947,-464292
2026-02-17,S&P 500 Consolidated - CHICAGO MERCANTILE EXCHANGE,1987373,117577,583942,51242,-466365
2026-02-17,ADJUSTED INT RATE S&P 500 TOTL - CHICAGO MERCANTILE EXCHANGE,937468,181926,117341,220861,64585
2026-02-24,S&P 500 ANNUAL DIVIDEND INDEX - CHICAGO MERCANTILE EXCHANGE,310989,141363,43017,26852,98346
2026-02-24,ADJUSTED INT RATE S&P 500 TOTL - CHICAGO MERCANTILE EXCHANGE,926607,194104,118031,208249,76073
2026-02-24,S&P 500 QUARTERLY DIVIDEND IND - CHICAGO MERCANTILE EXCHANGE,49839,33759,25768,3158,7991
2026-02-24,E-MINI S&P 500 - CHICAGO MERCANTILE EXCHANGE,2017196,117617,592997,45204,-475380
2026-02-24,S&P 500 Consolidated - CHICAGO MERCANTILE EXCHANGE,2038108,116481,593872,48801,-477391
2026-02-24,MICRO E-MINI S&P 500 INDEX - CHICAGO MERCANTILE EXCHANGE,209116,22642,42750,1973,-20108
2026-03-03,E-MINI S&P 500 - CHICAGO MERCANTILE EXCHANGE,2060733,157124,563464,48847,-406340
2026-03-03,MICRO E-MINI S&P 500 INDEX - CHICAGO MERCANTILE EXCHANGE,246829,32663,82834,1231,-50171
2026-03-03,ADJUSTED INT RATE S&P 500 TOTL - CHICAGO MERCANTILE EXCHANGE,945751,192614,117881,215818,74733
2026-03-03,S&P 500 ANNUAL DIVIDEND INDEX - CHICAGO MERCANTILE EXCHANGE,316141,144803,42396,28026,102407
2026-03-03,S&P 500 QUARTERLY DIVIDEND IND - CHICAGO MERCANTILE EXCHANGE,51817,31294,26954,3158,4340
2026-03-03,S&P 500 Consolidated - CHICAGO MERCANTILE EXCHANGE,2085416,155834,567192,53526,-411358
2026-03-10,S&P 500 QUARTERLY DIVIDEND IND - CHICAGO MERCANTILE EXCHANGE,54157,31925,29425,3158,2500
2026-03-10,S&P 500 ANNUAL DIVIDEND INDEX - CHICAGO MERCANTILE EXCHANGE,332188,143355,42098,33785,101257
2026-03-10,S&P 500 Consolidated - CHICAGO MERCANTILE EXCHANGE,2023096,154685,512781,67781,-358096
2026-03-10,MICRO E-MINI S&P 500 INDEX - CHICAGO MERCANTILE EXCHANGE,263762,38853,119921,2824,-81068
2026-03-10,E-MINI S&P 500 - CHICAGO MERCANTILE EXCHANGE,1996720,156297,506286,62001,-349989
2026-03-10,ADJUSTED INT RATE S&P 500 TOTL - CHICAGO MERCANTILE EXCHANGE,984299,191752,113633,233740,78119
2026-03-17,S&P 500 QUARTERLY DIVIDEND IND - CHICAGO MERCANTILE EXCHANGE,58016,33946,30731,3642,3215
2026-03-17,S&P 500 ANNUAL DIVIDEND INDEX - CHICAGO MERCANTILE EXCHANGE,336220,151311,45709,33008,105602
2026-03-17,MICRO E-MINI S&P 500 INDEX - CHICAGO MERCANTILE EXCHANGE,290614,29310,100011,34525,-70701
2026-03-17,E-MINI S&P 500 - CHICAGO MERCANTILE EXCHANGE,2330659,149731,490238,142483,-340507
2026-03-17,ADJUSTED INT RATE S&P 500 TOTL - CHICAGO MERCANTILE EXCHANGE,1028153,191493,106793,220253,84700
2026-03-17,S&P 500 Consolidated - CHICAGO MERCANTILE EXCHANGE,2359720,145042,492619,153555,-347577
2026-03-24,S&P 500 QUARTERLY DIVIDEND IND - CHICAGO MERCANTILE EXCHANGE,37854,27876,19978,3370,7898
2026-03-24,S&P 500 ANNUAL DIVIDEND INDEX - CHICAGO MERCANTILE EXCHANGE,347801,163719,43526,34319,120193
2026-03-24,MICRO E-MINI S&P 500 INDEX - CHICAGO MERCANTILE EXCHANGE,178884,66602,41936,2875,24666
2026-03-24,E-MINI S&P 500 - CHICAGO MERCANTILE EXCHANGE,1879423,135794,479921,29028,-344127
2026-03-24,ADJUSTED INT RATE S&P 500 TOTL - CHICAGO MERCANTILE EXCHANGE,836571,162279,98794,207758,63485
2026-03-24,S&P 500 Consolidated - CHICAGO MERCANTILE EXCHANGE,1897311,135058,476719,36711,-341661
2026-03-31,S&P 500 QUARTERLY DIVIDEND IND - CHICAGO MERCANTILE EXCHANGE,39244,29301,20333,584,8968
2026-03-31,S&P 500 ANNUAL DIVIDEND INDEX - CHICAGO MERCANTILE EXCHANGE,352088,169658,11954,31517,157704
2026-03-31,S&P 500 Consolidated - CHICAGO MERCANTILE EXCHANGE,1966743,161380,391772,41073,-230392
2026-03-31,MICRO E-MINI S&P 500 INDEX - CHICAGO MERCANTILE EXCHANGE,189738,82153,51955,3499,30198
2026-03-31,E-MINI S&P 500 - CHICAGO MERCANTILE EXCHANGE,1947769,163425,396837,30462,-233412
2026-03-31,ADJUSTED INT RATE S&P 500 TOTL - CHICAGO MERCANTILE EXCHANGE,851508,139864,102739,176365,37125
2026-04-07,S&P 500 QUARTERLY DIVIDEND IND - CHICAGO MERCANTILE EXCHANGE,39993,30070,20564,554,9506
2026-04-07,S&P 500 ANNUAL DIVIDEND INDEX - CHICAGO MERCANTILE EXCHANGE,351127,168731,11556,31319,157175
2026-04-07,ADJUSTED INT RATE S&P 500 TOTL - CHICAGO MERCANTILE EXCHANGE,859495,139004,102739,179744,36265
2026-04-07,S&P 500 Consolidated - CHICAGO MERCANTILE EXCHANGE,1948342,147347,388220,43081,-240873
2026-04-07,E-MINI S&P 500 - CHICAGO MERCANTILE EXCHANGE,1929090,148276,392759,34682,-244483
2026-04-07,MICRO E-MINI S&P 500 INDEX - CHICAGO MERCANTILE EXCHANGE,192520,72516,36420,2183,36096
2026-04-14,S&P 500 QUARTERLY DIVIDEND IND - CHICAGO MERCANTILE EXCHANGE,41384,30955,21136,520,9819
2026-04-14,S&P 500 ANNUAL DIVIDEND INDEX - CHICAGO MERCANTILE EXCHANGE,358877,172285,11914,32578,160371
2026-04-14,MICRO E-MINI S&P 500 INDEX - CHICAGO MERCANTILE EXCHANGE,218850,87747,29438,1195,58309
2026-04-14,E-MINI S&P 500 - CHICAGO MERCANTILE EXCHANGE,1959076,123136,543492,31211,-420356
2026-04-14,ADJUSTED INT RATE S&P 500 TOTL - CHICAGO MERCANTILE EXCHANGE,852155,118458,101989,190901,16469
2026-04-14,S&P 500 Consolidated - CHICAGO MERCANTILE EXCHANGE,1980961,124232,538757,39009,-414525
2026-04-21,S&P 500 ANNUAL DIVIDEND INDEX - CHICAGO MERCANTILE EXCHANGE,361072,161974,13467,35357,148507
2026-04-21,S&P 500 QUARTERLY DIVIDEND IND - CHICAGO MERCANTILE EXCHANGE,43474,29183,22699,524,6484
2026-04-21,ADJUSTED INT RATE S&P 500 TOTL - CHICAGO MERCANTILE EXCHANGE,869033,114523,105989,203264,8534
2026-04-21,MICRO E-MINI S&P 500 INDEX - CHICAGO MERCANTILE EXCHANGE,224598,101996,38052,618,63944
2026-04-21,E-MINI S&P 500 - CHICAGO MERCANTILE EXCHANGE,1963317,124833,537154,38668,-412321
2026-04-21,S&P 500 Consolidated - CHICAGO MERCANTILE EXCHANGE,1985777,126459,532386,47303,-405927
2026-04-28,S&P 500 QUARTERLY DIVIDEND IND - CHICAGO MERCANTILE EXCHANGE,44973,30662,23674,474,6988
2026-04-28,S&P 500 ANNUAL DIVIDEND INDEX - CHICAGO MERCANTILE EXCHANGE,362009,163842,14090,34267,149752
2026-04-28,ADJUSTED INT RATE S&P 500 TOTL - CHICAGO MERCANTILE EXCHANGE,884477,113522,107314,208784,6208
2026-04-28,E-MINI S&P 500 - CHICAGO MERCANTILE EXCHANGE,1959933,120508,527998,45259,-407490
2026-04-28,S&P 500 Consolidated - CHICAGO MERCANTILE EXCHANGE,1982697,120816,521429,55712,-400613
2026-04-28,MICRO E-MINI S&P 500 INDEX - CHICAGO MERCANTILE EXCHANGE,227644,106221,37456,1384,68765
2026-05-05,S&P 500 QUARTERLY DIVIDEND IND - CHICAGO MERCANTILE EXCHANGE,46488,31847,24550,480,7297
2026-05-05,S&P 500 ANNUAL DIVIDEND INDEX - CHICAGO MERCANTILE EXCHANGE,365564,166389,14113,32899,152276
2026-05-05,ADJUSTED INT RATE S&P 500 TOTL - CHICAGO MERCANTILE EXCHANGE,904096,115780,110314,215197,5466
2026-05-05,S&P 500 Consolidated - CHICAGO MERCANTILE EXCHANGE,2008969,141127,539932,54888,-398805
2026-05-05,E-MINI S&P 500 - CHICAGO MERCANTILE EXCHANGE,1987685,140585,546460,45139,-405875
2026-05-05,MICRO E-MINI S&P 500 INDEX - CHICAGO MERCANTILE EXCHANGE,212844,100707,30011,2198,70696
2026-05-12,S&P 500 Consolidated - CHICAGO MERCANTILE EXCHANGE,2078428,148141,577496,62219,-429355
2026-05-12,MICRO E-MINI S&P 500 INDEX - CHICAGO MERCANTILE EXCHANGE,221994,99863,69032,7055,30831
2026-05-12,E-MINI S&P 500 - CHICAGO MERCANTILE EXCHANGE,2056229,148507,580945,51162,-432438
2026-05-12,S&P 500 ANNUAL DIVIDEND INDEX - CHICAGO MERCANTILE EXCHANGE,360659,166013,14187,28902,151826
2026-05-12,ADJUSTED INT RATE S&P 500 TOTL - CHICAGO MERCANTILE EXCHANGE,904855,112705,110314,217938,2391
2026-05-12,S&P 500 QUARTERLY DIVIDEND IND - CHICAGO MERCANTILE EXCHANGE,48271,32533,25971,541,6562
2026-05-19,S&P 500 Consolidated - CHICAGO MERCANTILE EXCHANGE,2097761,163924,566236,71097,-402312
2026-05-19,E-MINI S&P 500 - CHICAGO MERCANTILE EXCHANGE,2068443,164096,565650,58729,-401554
2026-05-19,MICRO E-MINI S&P 500 INDEX - CHICAGO MERCANTILE EXCHANGE,293180,116779,124358,5178,-7579
2026-05-19,ADJUSTED INT RATE S&P 500 TOTL - CHICAGO MERCANTILE EXCHANGE,905496,122005,111314,219566,10691
2026-05-19,S&P 500 ANNUAL DIVIDEND INDEX - CHICAGO MERCANTILE EXCHANGE,358384,168599,13787,25694,154812
2026-05-19,S&P 500 QUARTERLY DIVIDEND IND - CHICAGO MERCANTILE EXCHANGE,50385,33561,27011,315,6550
2026-05-26,MICRO E-MINI S&P 500 INDEX - CHICAGO MERCANTILE EXCHANGE,308724,110536,126887,5796,-16351
2026-05-26,E-MINI S&P 500 - CHICAGO MERCANTILE EXCHANGE,2093621,149287,607067,56222,-457780
2026-05-26,ADJUSTED INT RATE S&P 500 TOTL - CHICAGO MERCANTILE EXCHANGE,934129,122860,110564,216567,12296
2026-05-26,S&P 500 Consolidated - CHICAGO MERCANTILE EXCHANGE,2124493,149204,608619,67939,-459415
2026-05-26,S&P 500 QUARTERLY DIVIDEND IND - CHICAGO MERCANTILE EXCHANGE,48515,30309,25873,1059,4436
2026-05-26,S&P 500 ANNUAL DIVIDEND INDEX - CHICAGO MERCANTILE EXCHANGE,362379,168937,13049,27111,155888
2026-06-02,S&P 500 QUARTERLY DIVIDEND IND - CHICAGO MERCANTILE EXCHANGE,50761,32123,27254,1034,4869
2026-06-02,S&P 500 ANNUAL DIVIDEND INDEX - CHICAGO MERCANTILE EXCHANGE,363464,165611,12633,28038,152978
2026-06-02,MICRO E-MINI S&P 500 INDEX - CHICAGO MERCANTILE EXCHANGE,344493,130308,158072,7255,-27764
2026-06-02,E-MINI S&P 500 - CHICAGO MERCANTILE EXCHANGE,2149231,159638,660370,66720,-500732
2026-06-02,ADJUSTED INT RATE S&P 500 TOTL - CHICAGO MERCANTILE EXCHANGE,975950,131609,115214,208442,16395
2026-06-02,S&P 500 Consolidated - CHICAGO MERCANTILE EXCHANGE,2183680,160224,663733,79890,-503509
2026-06-09,S&P 500 Consolidated - CHICAGO MERCANTILE EXCHANGE,2242004,168403,628093,100286,-459690
2026-06-09,E-MINI S&P 500 - CHICAGO MERCANTILE EXCHANGE,2203164,168247,619833,91726,-451586
2026-06-09,MICRO E-MINI S&P 500 INDEX - CHICAGO MERCANTILE EXCHANGE,388402,78070,159104,9093,-81034
2026-06-09,ADJUSTED INT RATE S&P 500 TOTL - CHICAGO MERCANTILE EXCHANGE,1037246,133607,115214,228929,18393
2026-06-09,S&P 500 ANNUAL DIVIDEND INDEX - CHICAGO MERCANTILE EXCHANGE,364715,167220,13607,26230,153613
2026-06-09,S&P 500 QUARTERLY DIVIDEND IND - CHICAGO MERCANTILE EXCHANGE,51500,33101,27928,1027,5173
2026-06-16,S&P 500 QUARTERLY DIVIDEND IND - CHICAGO MERCANTILE EXCHANGE,58351,40078,27921,1004,12157
2026-06-16,S&P 500 ANNUAL DIVIDEND INDEX - CHICAGO MERCANTILE EXCHANGE,369203,171424,13016,25355,158408
2026-06-16,ADJUSTED INT RATE S&P 500 TOTL - CHICAGO MERCANTILE EXCHANGE,1093107,136398,117620,233754,18778
2026-06-16,E-MINI S&P 500 - CHICAGO MERCANTILE EXCHANGE,2579920,157203,672723,166389,-515520
2026-06-16,MICRO E-MINI S&P 500 INDEX - CHICAGO MERCANTILE EXCHANGE,449615,77676,161297,41618,-83621
2026-06-16,S&P 500 Consolidated - CHICAGO MERCANTILE EXCHANGE,2624882,156858,680740,178664,-523882
2026-06-23,S&P 500 QUARTERLY DIVIDEND IND - CHICAGO MERCANTILE EXCHANGE,40698,30681,21970,813,8711
2026-06-23,S&P 500 ANNUAL DIVIDEND INDEX - CHICAGO MERCANTILE EXCHANGE,368698,169656,12126,29116,157530
2026-06-23,E-MINI S&P 500 - CHICAGO MERCANTILE EXCHANGE,1980254,185058,558526,23004,-373468
2026-06-23,MICRO E-MINI S&P 500 INDEX - CHICAGO MERCANTILE EXCHANGE,176967,41502,52513,704,-11011
2026-06-23,ADJUSTED INT RATE S&P 500 TOTL - CHICAGO MERCANTILE EXCHANGE,987537,163457,133689,185960,29768
2026-06-23,S&P 500 Consolidated - CHICAGO MERCANTILE EXCHANGE,1997951,184095,558664,28188,-374569
2026-06-30,S&P 500 QUARTERLY DIVIDEND IND - CHICAGO MERCANTILE EXCHANGE,41822,32053,22290,802,9763
2026-06-30,ADJUSTED INT RATE S&P 500 TOTL - CHICAGO MERCANTILE EXCHANGE,1025556,174944,143809,186495,31135
2026-06-30,S&P 500 ANNUAL DIVIDEND INDEX - CHICAGO MERCANTILE EXCHANGE,372154,173838,12661,29232,161177
2026-06-30,MICRO E-MINI S&P 500 INDEX - CHICAGO MERCANTILE EXCHANGE,191115,27635,48935,735,-21300
2026-06-30,S&P 500 Consolidated - CHICAGO MERCANTILE EXCHANGE,1986279,147970,510569,41365,-362599
2026-06-30,E-MINI S&P 500 - CHICAGO MERCANTILE EXCHANGE,1967167,150556,511025,35942,-360469
2026-07-07,S&P 500 ANNUAL DIVIDEND INDEX - CHICAGO MERCANTILE EXCHANGE,370490,174595,12602,27178,161993
2026-07-07,S&P 500 QUARTERLY DIVIDEND IND - CHICAGO MERCANTILE EXCHANGE,43027,33313,22401,736,10912
2026-07-07,MICRO E-MINI S&P 500 INDEX - CHICAGO MERCANTILE EXCHANGE,180263,17895,48727,330,-30832
2026-07-07,E-MINI S&P 500 - CHICAGO MERCANTILE EXCHANGE,1969636,134932,496807,39056,-361875
2026-07-07,S&P 500 Consolidated - CHICAGO MERCANTILE EXCHANGE,1987662,133637,498596,42173,-364959
2026-07-07,ADJUSTED INT RATE S&P 500 TOTL - CHICAGO MERCANTILE EXCHANGE,997720,168763,144919,171163,23844
2026-07-14,S&P 500 ANNUAL DIVIDEND INDEX - CHICAGO MERCANTILE EXCHANGE,380565,184245,13943,27586,170302
2026-07-14,ADJUSTED INT RATE S&P 500 TOTL - CHICAGO MERCANTILE EXCHANGE,1003303,150491,145374,193758,5117
2026-07-14,S&P 500 QUARTERLY DIVIDEND IND - CHICAGO MERCANTILE EXCHANGE,39743,26938,22645,710,4293
2026-07-14,E-MINI S&P 500 - CHICAGO MERCANTILE EXCHANGE,1941500,135454,500456,40091,-365002
2026-07-14,S&P 500 Consolidated - CHICAGO MERCANTILE EXCHANGE,1959749,132631,503220,43953,-370589
2026-07-14,MICRO E-MINI S&P 500 INDEX - CHICAGO MERCANTILE EXCHANGE,182485,9976,65851,411,-55875
2026-07-21,S&P 500 Consolidated - CHICAGO MERCANTILE EXCHANGE,1958349,141767,471081,45071,-329314
2026-07-21,E-MINI S&P 500 - CHICAGO MERCANTILE EXCHANGE,1939493,146834,469699,38964,-322865
2026-07-21,MICRO E-MINI S&P 500 INDEX - CHICAGO MERCANTILE EXCHANGE,188563,10043,74530,350,-64487
2026-07-21,ADJUSTED INT RATE S&P 500 TOTL - CHICAGO MERCANTILE EXCHANGE,998453,146429,144374,203783,2055
2026-07-21,S&P 500 ANNUAL DIVIDEND INDEX - CHICAGO MERCANTILE EXCHANGE,381776,182612,14840,28797,167772
2026-07-21,S&P 500 QUARTERLY DIVIDEND IND - CHICAGO MERCANTILE EXCHANGE,41592,28918,23505,666,5413
2026-07-28,S&P 500 Consolidated - CHICAGO MERCANTILE EXCHANGE,2007178,150572,452944,57901,-302372
2026-07-28,E-MINI S&P 500 - CHICAGO MERCANTILE EXCHANGE,1984408,155964,453440,47252,-297476
2026-07-28,MICRO E-MINI S&P 500 INDEX - CHICAGO MERCANTILE EXCHANGE,227701,52114,101068,455,-48954
2026-07-28,ADJUSTED INT RATE S&P 500 TOTL - CHICAGO MERCANTILE EXCHANGE,1023158,147246,144374,217232,2872
2026-07-28,S&P 500 ANNUAL DIVIDEND INDEX - CHICAGO MERCANTILE EXCHANGE,386505,183772,15009,30272,168763
2026-07-28,S&P 500 QUARTERLY DIVIDEND IND - CHICAGO MERCANTILE EXCHANGE,42012,29368,23955,636,5413
2026-08-04,MICRO E-MINI S&P 500 INDEX - CHICAGO MERCANTILE EXCHANGE,248131,76083,107085,487,-31002
2026-08-04,S&P 500 QUARTERLY DIVIDEND IND - CHICAGO MERCANTILE EXCHANGE,43201,30002,24365,840,5637
2026-08-04,E-MINI S&P 500 - CHICAGO MERCANTILE EXCHANGE,2116079,206039,536038,43339,-329999
2026-08-04,S&P 500 ANNUAL DIVIDEND INDEX - CHICAGO MERCANTILE EXCHANGE,390350,186580,15240,29670,171340
2026-08-04,ADJUSTED INT RATE S&P 500 TOTL - CHICAGO MERCANTILE EXCHANGE,1051548,143922,144975,229276,-1053
2026-08-04,S&P 500 Consolidated - CHICAGO MERCANTILE EXCHANGE,2140892,201532,534631,55503,-333099
